To honour the JVM settings for this build a single-use Daemon process will be forked. For more on this, please refer to https://docs.gradle.org/8.12.1/userguide/gradle_daemon.html#sec:disabling_the_daemon in the Gradle documentation.
Daemon will be stopped at the end of the build 

> Configure project :
Java: 21.0.9, JVM: 21.0.9+10-Ubuntu-122.04 (Ubuntu), Arch: amd64

> Task :compileJava UP-TO-DATE
> Task :processResources UP-TO-DATE
> Task :classes UP-TO-DATE
> Task :downloadMcpConfig
> Task :extractSrg UP-TO-DATE
> Task :createSrgToMcp UP-TO-DATE
> Task :downloadMCMeta UP-TO-DATE
> Task :downloadAssets UP-TO-DATE
> Task :extractNatives UP-TO-DATE
> Task :makeSrcDirs
> Task :prepareRuns
> Task :prepareRunClient
> Task :prepareRunClientCompile UP-TO-DATE

> Task :runClient
WARN StatusConsoleListener The use of package scanning to locate plugins is deprecated and will be removed in a future release
WARN StatusConsoleListener The use of package scanning to locate plugins is deprecated and will be removed in a future release
WARN StatusConsoleListener The use of package scanning to locate plugins is deprecated and will be removed in a future release
WARN StatusConsoleListener The use of package scanning to locate plugins is deprecated and will be removed in a future release
WARN StatusConsoleListener Advanced terminal features are not available in this environment
[16:01:04] [main/INFO] [cp.mo.mo.Launcher/MODLAUNCHER]: ModLauncher running: args [--launchTarget, forge_userdev_client, --version, MOD_DEV, --assetIndex, 17, --assetsDir, /home/seiya/.gradle/caches/forge_gradle/assets, --gameDir, .]
[16:01:04] [main/INFO] [cp.mo.mo.Launcher/MODLAUNCHER]: JVM identified as Ubuntu OpenJDK 64-Bit Server VM 21.0.9+10-Ubuntu-122.04
[16:01:04] [main/INFO] [cp.mo.mo.Launcher/MODLAUNCHER]: ModLauncher 10.2.4 starting: java version 21.0.9 by Ubuntu; OS Linux arch amd64 version 5.15.153.1-microsoft-standard-WSL2
[16:01:04] [main/DEBUG] [cp.mo.mo.LaunchServiceHandler/MODLAUNCHER]: Found launch services [forge_userdev_client,forge_dev_data,minecraft,forge_userdev_server_gametest,forge_dev_client,forge_userdev_data,forge_dev_server_gametest,testharness,forge_userdev_server,forge_client,forge_dev_server,forge_server]
[16:01:04] [main/DEBUG] [cp.mo.mo.NameMappingServiceHandler/MODLAUNCHER]: Found naming services : [srgtomcp]
[16:01:04] [main/DEBUG] [cp.mo.mo.LaunchPluginHandler/MODLAUNCHER]: Found launch plugins: [mixin,eventbus,slf4jfixer,object_holder_definalize,runtime_enum_extender,capability_token_subclass,accesstransformer,runtimedistcleaner]
[16:01:04] [main/DEBUG] [cp.mo.mo.TransformationServicesHandler/MODLAUNCHER]: Discovering transformation services
[16:01:04] [main/DEBUG] [ne.mi.fm.lo.FMLPaths/CORE]: Path GAMEDIR is /home/seiya/mods/mobcatch/run
[16:01:04] [main/DEBUG] [ne.mi.fm.lo.FMLPaths/CORE]: Path MODSDIR is /home/seiya/mods/mobcatch/run/mods
[16:01:04] [main/DEBUG] [ne.mi.fm.lo.FMLPaths/CORE]: Path CONFIGDIR is /home/seiya/mods/mobcatch/run/config
[16:01:04] [main/DEBUG] [ne.mi.fm.lo.FMLPaths/CORE]: Path FMLCONFIG is /home/seiya/mods/mobcatch/run/config/fml.toml
[16:01:04] [main/INFO] [ne.mi.fm.lo.ImmediateWindowHandler/]: Loading ImmediateWindowProvider fmlearlywindow
[16:01:04] [main/INFO] [EARLYDISPLAY/]: Trying GL version 4.6
[16:01:04] [main/INFO] [EARLYDISPLAY/]: Trying GL version 4.5
[16:01:04] [main/INFO] [EARLYDISPLAY/]: Trying GL version 4.4
[16:01:04] [main/INFO] [EARLYDISPLAY/]: Trying GL version 4.3
[16:01:04] [main/INFO] [EARLYDISPLAY/]: Trying GL version 4.2
[16:01:04] [main/INFO] [EARLYDISPLAY/]: Requested GL version 4.2 got version 4.2
[16:01:04] [main/DEBUG] [cp.mo.mo.TransformationServicesHandler/MODLAUNCHER]: Found transformer service: fml: /
[16:01:04] [main/DEBUG] [cp.mo.mo.TransformationServicesHandler/MODLAUNCHER]: Found transformer service: mixin: /
[16:01:04] [main/DEBUG] [cp.mo.mo.TransformationServicesHandler/MODLAUNCHER]: Transformation services loading
[16:01:04] [main/DEBUG] [cp.mo.mo.TransformationServiceDecorator/MODLAUNCHER]: Loading service mixin
[16:01:04] [main/DEBUG] [cp.mo.mo.TransformationServiceDecorator/MODLAUNCHER]: Loaded service mixin
[16:01:04] [main/DEBUG] [cp.mo.mo.TransformationServiceDecorator/MODLAUNCHER]: Loading service fml
[16:01:04] [main/DEBUG] [ne.mi.fm.lo.FMLLoader/CORE]: Detected version data : VersionInfo[forgeVersion=52.1.0, mcVersion=1.21.1, mcpVersion=20240808.132146, forgeGroup=net.minecraftforge]
[16:01:04] [main/DEBUG] [ne.mi.fm.lo.LauncherVersion/CORE]: Found FMLLauncher version 52.1.0
[16:01:04] [main/DEBUG] [ne.mi.fm.lo.FMLLoader/CORE]: FML 52.1.0 loading
[16:01:04] [main/DEBUG] [ne.mi.fm.lo.FMLLoader/CORE]: Requesting CoreMods to not apply the fix for ASMAPI.findFirstInstructionBefore by default
[16:01:04] [main/DEBUG] [ne.mi.fm.lo.FMLLoader/CORE]: Found ModLauncher version: 10.2.4
[16:01:04] [main/DEBUG] [ne.mi.fm.lo.FMLLoader/CORE]: Found AccessTransformer version: 8.2.2
[16:01:04] [main/DEBUG] [ne.mi.fm.lo.FMLLoader/CORE]: Found EventBus version: 6.2.27
[16:01:04] [main/DEBUG] [ne.mi.fm.lo.FMLLoader/CORE]: Found RuntimeDistCleaner version: 52.1.0
[16:01:04] [main/DEBUG] [ne.mi.co.CoreModEngine/]: CoreMods will preserve legacy behavior of ASMAPI.findFirstInstructionBefore for backwards-compatibility
[16:01:04] [main/DEBUG] [ne.mi.fm.lo.FMLLoader/CORE]: FML found CoreMod version : 5.2.6
[16:01:04] [main/DEBUG] [ne.mi.fm.lo.FMLLoader/CORE]: Found ForgeSPI version: 7.1.5
[16:01:04] [main/DEBUG] [cp.mo.mo.TransformationServiceDecorator/MODLAUNCHER]: Loaded service fml
[16:01:04] [main/DEBUG] [cp.mo.mo.TransformationServicesHandler/MODLAUNCHER]: Configuring option handling for services
[16:01:04] [main/DEBUG] [cp.mo.mo.TransformationServicesHandler/MODLAUNCHER]: Transformation services initializing
[16:01:04] [main/DEBUG] [cp.mo.mo.TransformationServiceDecorator/MODLAUNCHER]: Initializing transformation service mixin
[16:01:04] [main/DEBUG] [mixin/]: MixinService [ModLauncher] was successfully booted in SecureModuleClassLoader[SECURE-BOOTSTRAP]@1279309678
[16:01:04] [main/INFO] [mixin/]: SpongePowered MIXIN Subsystem Version=0.8.7 Source=jar:file:///home/seiya/.gradle/caches/modules-2/files-2.1/org.spongepowered/mixin/0.8.7/8ab114ac385e6dbdad5efafe28aba4df8120915f/mixin-0.8.7.jar!/ Service=ModLauncher Env=CLIENT
[16:01:04] [main/DEBUG] [mixin/]: Initialising Mixin Platform Manager
[16:01:04] [main/DEBUG] [mixin/]: Adding mixin platform agents for container ModLauncher Root Container(ModLauncher:4f56a0a2)
[16:01:04] [main/DEBUG] [mixin/]: Instancing new MixinPlatformAgentMinecraftForge for ModLauncher Root Container(ModLauncher:4f56a0a2)
[16:01:04] [main/DEBUG] [mixin/]: MixinPlatformAgentMinecraftForge rejected container ModLauncher Root Container(ModLauncher:4f56a0a2)
[16:01:04] [main/DEBUG] [mixin/]: Instancing new MixinPlatformAgentDefault for ModLauncher Root Container(ModLauncher:4f56a0a2)
[16:01:04] [main/DEBUG] [mixin/]: MixinPlatformAgentDefault accepted container ModLauncher Root Container(ModLauncher:4f56a0a2)
[16:01:04] [main/DEBUG] [cp.mo.mo.TransformationServiceDecorator/MODLAUNCHER]: Initialized transformation service mixin
[16:01:04] [main/DEBUG] [cp.mo.mo.TransformationServiceDecorator/MODLAUNCHER]: Initializing transformation service fml
[16:01:04] [main/DEBUG] [ne.mi.fm.lo.FMLServiceProvider/CORE]: Setting up basic FML game directories
[16:01:04] [main/DEBUG] [ne.mi.fm.lo.FMLPaths/CORE]: Path GAMEDIR is /home/seiya/mods/mobcatch/run
[16:01:04] [main/DEBUG] [ne.mi.fm.lo.FMLPaths/CORE]: Path MODSDIR is /home/seiya/mods/mobcatch/run/mods
[16:01:04] [main/DEBUG] [ne.mi.fm.lo.FMLPaths/CORE]: Path CONFIGDIR is /home/seiya/mods/mobcatch/run/config
[16:01:04] [main/DEBUG] [ne.mi.fm.lo.FMLPaths/CORE]: Path FMLCONFIG is /home/seiya/mods/mobcatch/run/config/fml.toml
[16:01:04] [main/DEBUG] [ne.mi.fm.lo.FMLServiceProvider/CORE]: Loading configuration
[16:01:04] [main/DEBUG] [ne.mi.fm.lo.FMLServiceProvider/CORE]: Preparing ModFile
[16:01:04] [main/DEBUG] [ne.mi.fm.lo.FMLServiceProvider/CORE]: Preparing launch handler
[16:01:04] [main/DEBUG] [ne.mi.fm.lo.FMLLoader/CORE]: Using forge_userdev_client as launch service
[16:01:04] [main/DEBUG] [cp.mo.mo.TransformationServiceDecorator/MODLAUNCHER]: Initialized transformation service fml
[16:01:04] [main/DEBUG] [cp.mo.mo.NameMappingServiceHandler/MODLAUNCHER]: Current naming domain is 'mcp'
[16:01:04] [main/DEBUG] [cp.mo.mo.NameMappingServiceHandler/MODLAUNCHER]: Identified name mapping providers {srg=net.minecraftforge.fml.loading.MCPNamingService@faa3fed}
[16:01:04] [main/DEBUG] [cp.mo.mo.TransformationServicesHandler/MODLAUNCHER]: Transformation services begin scanning
[16:01:04] [main/DEBUG] [cp.mo.mo.TransformationServiceDecorator/MODLAUNCHER]: Beginning scan trigger - transformation service mixin
[16:01:04] [main/DEBUG] [cp.mo.mo.TransformationServiceDecorator/MODLAUNCHER]: End scan trigger - transformation service mixin
[16:01:04] [main/DEBUG] [cp.mo.mo.TransformationServiceDecorator/MODLAUNCHER]: Beginning scan trigger - transformation service fml
[16:01:04] [main/DEBUG] [ne.mi.fm.lo.FMLServiceProvider/CORE]: Initiating mod scan
[16:01:04] [main/DEBUG] [ne.mi.fm.lo.mo.ModDiscoverer/CORE]: Found Mod Locators : (mods folder:null),(minecraft:null),(classpath:null),(forge_dev_locator:null),(forge_userdev_locator:null)
[16:01:04] [main/DEBUG] [ne.mi.fm.lo.mo.ModDiscoverer/CORE]: Found Dependency Locators : (JarInJar:null)
[16:01:04] [EarlyDisplay/INFO] [EARLYDISPLAY/]: GL info: D3D12 (NVIDIA GeForce RTX 3060) GL version 4.2 (Core Profile) Mesa 23.2.1-1ubuntu3.1~22.04.3, Microsoft Corporation
[16:01:05] [main/DEBUG] [ne.mi.fm.lo.mo.ModFileInfo/LOADING]: Found valid mod file  with {minecraft} mods - versions {1.21.1}
[16:01:05] [main/DEBUG] [ne.mi.fm.lo.mo.ModFileParser/LOADING]: Considering mod file candidate /home/seiya/mods/mobcatch/build/sourcesSets/main
[16:01:05] [main/DEBUG] [ne.mi.fm.lo.mo.ModFileInfo/LOADING]: Found valid mod file main with {mobcatch} mods - versions {1.0.0}
[16:01:05] [main/DEBUG] [ne.mi.fm.lo.mo.ModFileParser/LOADING]: Considering mod file candidate /
[16:01:05] [main/DEBUG] [ne.mi.fm.lo.mo.ModFileInfo/LOADING]: Found valid mod file  with {forge} mods - versions {52.1.0}
[16:01:05] [main/DEBUG] [ne.mi.fm.lo.mo.JarInJarDependencyLocator/]: Failed to load resource META-INF/jarjar/metadata.json from , it does not contain dependency information.
[16:01:05] [main/DEBUG] [ne.mi.fm.lo.mo.JarInJarDependencyLocator/]: Failed to load resource META-INF/jarjar/metadata.json from main, it does not contain dependency information.
[16:01:05] [main/DEBUG] [ne.mi.fm.lo.mo.JarInJarDependencyLocator/]: Failed to load resource META-INF/jarjar/metadata.json from , it does not contain dependency information.
[16:01:05] [main/DEBUG] [ne.mi.fm.lo.mo.JarInJarDependencyLocator/]: Failed to load resource META-INF/jarjar/metadata.json from javafmllanguage-1.21.1-52.1.0.jar, it does not contain dependency information.
[16:01:05] [main/DEBUG] [ne.mi.fm.lo.mo.JarInJarDependencyLocator/]: Failed to load resource META-INF/jarjar/metadata.json from mclanguage-1.21.1-52.1.0.jar, it does not contain dependency information.
[16:01:05] [main/DEBUG] [ne.mi.fm.lo.mo.JarInJarDependencyLocator/]: Failed to load resource META-INF/jarjar/metadata.json from lowcodelanguage-1.21.1-52.1.0.jar, it does not contain dependency information.
[16:01:05] [main/DEBUG] [ne.mi.fm.lo.mo.JarInJarDependencyLocator/]: Failed to load resource META-INF/jarjar/metadata.json from fmlcore-1.21.1-52.1.0.jar, it does not contain dependency information.
[16:01:05] [main/INFO] [ne.mi.fm.lo.mo.JarInJarDependencyLocator/]: No dependencies to load found. Skipping!
[16:01:05] [main/DEBUG] [ne.mi.fm.lo.mo.ModFileInfo/LOADING]: Found valid mod file  with {minecraft} mods - versions {1.21.1}
[16:01:05] [main/DEBUG] [ne.mi.fm.lo.mo.ModFile/LOADING]: Loading mod file / with languages [LanguageSpec[languageName=minecraft, acceptedVersions=1]]
[16:01:05] [main/DEBUG] [ne.mi.fm.lo.mo.ModFileParser/LOADING]: Considering mod file candidate /home/seiya/mods/mobcatch/build/sourcesSets/main
[16:01:05] [main/DEBUG] [ne.mi.fm.lo.mo.ModFileInfo/LOADING]: Found valid mod file main with {mobcatch} mods - versions {1.0.0}
[16:01:05] [main/DEBUG] [ne.mi.fm.lo.mo.ModFile/LOADING]: Loading mod file /home/seiya/mods/mobcatch/build/sourcesSets/main with languages [LanguageSpec[languageName=javafml, acceptedVersions=[0,)]]
[16:01:05] [main/DEBUG] [ne.mi.fm.lo.mo.ModFileParser/LOADING]: Considering mod file candidate /
[16:01:05] [main/DEBUG] [ne.mi.fm.lo.mo.ModFileInfo/LOADING]: Found valid mod file  with {forge} mods - versions {52.1.0}
[16:01:05] [main/DEBUG] [ne.mi.fm.lo.mo.ModFile/LOADING]: Loading mod file / with languages [LanguageSpec[languageName=javafml, acceptedVersions=[24,]]]
[16:01:05] [main/DEBUG] [ne.mi.fm.lo.mo.ModFileParser/LOADING]: Found coremod field_to_method with Javascript path coremods/field_to_method.js
[16:01:05] [main/DEBUG] [ne.mi.fm.lo.mo.ModFileParser/LOADING]: Found coremod method_redirector with Javascript path coremods/method_redirector.js
[16:01:05] [main/DEBUG] [ne.mi.fm.lo.mo.ModFile/LOADING]: Found coremod /coremods/field_to_method.js
[16:01:05] [main/DEBUG] [ne.mi.fm.lo.mo.ModFile/LOADING]: Found coremod /coremods/method_redirector.js
[16:01:05] [main/DEBUG] [cp.mo.mo.TransformationServiceDecorator/MODLAUNCHER]: End scan trigger - transformation service fml
[16:01:05] [main/DEBUG] [ne.mi.fm.lo.LanguageLoadingProvider/CORE]: Found 3 language providers
[16:01:05] [main/DEBUG] [ne.mi.fm.lo.LanguageLoadingProvider/CORE]: Found language provider minecraft, version 1.0
[16:01:05] [main/DEBUG] [ne.mi.fm.lo.LanguageLoadingProvider/CORE]: Found language provider lowcodefml, version 52
[16:01:05] [main/DEBUG] [ne.mi.fm.lo.LanguageLoadingProvider/CORE]: Found language provider javafml, version 52.1.0
[16:01:05] [main/DEBUG] [ne.mi.fm.lo.ModSorter/]: Configured system mods: [minecraft, forge]
[16:01:05] [main/DEBUG] [ne.mi.fm.lo.ModSorter/]: Found system mod: minecraft
[16:01:05] [main/DEBUG] [ne.mi.fm.lo.ModSorter/]: Found system mod: forge
[16:01:05] [main/DEBUG] [ne.mi.fm.lo.ModSorter/LOADING]: Found 2 mod requirements (2 mandatory, 0 optional)
[16:01:05] [main/DEBUG] [ne.mi.fm.lo.ModSorter/LOADING]: Found 0 mod requirements missing (0 mandatory, 0 optional)
[16:01:05] [main/DEBUG] [ne.mi.fm.lo.MCPNamingService/CORE]: Loaded 37504 method mappings from methods.csv
[16:01:05] [main/DEBUG] [ne.mi.fm.lo.MCPNamingService/CORE]: Loaded 35622 field mappings from fields.csv
[16:01:05] [main/DEBUG] [cp.mo.mo.TransformationServicesHandler/MODLAUNCHER]: Transformation services loading transformers
[16:01:05] [main/DEBUG] [cp.mo.mo.TransformationServiceDecorator/MODLAUNCHER]: Initializing transformers for transformation service mixin
[16:01:05] [main/DEBUG] [cp.mo.mo.TransformationServiceDecorator/MODLAUNCHER]: Initialized transformers for transformation service mixin
[16:01:05] [main/DEBUG] [cp.mo.mo.TransformationServiceDecorator/MODLAUNCHER]: Initializing transformers for transformation service fml
[16:01:05] [main/DEBUG] [ne.mi.fm.lo.FMLServiceProvider/CORE]: Loading coremod transformers
[16:01:05] [main/DEBUG] [ne.mi.co.CoreModEngine/COREMOD]: Loading CoreMod from /coremods/field_to_method.js
[16:01:05] [main/DEBUG] [ne.mi.co.CoreModEngine/COREMOD]: CoreMod loaded successfully
[16:01:05] [main/DEBUG] [ne.mi.co.CoreModEngine/COREMOD]: Loading CoreMod from /coremods/method_redirector.js
[16:01:05] [main/DEBUG] [ne.mi.co.CoreModEngine/COREMOD]: CoreMod loaded successfully
[16:01:05] [main/DEBUG] [cp.mo.mo.TransformStore/MODLAUNCHER]: Adding transformer net.minecraftforge.coremod.transformer.CoreModClassTransformer@5f96f6a2 to Target : CLASS {Lnet/minecraft/world/level/biome/Biome;} {} {V}
[16:01:05] [main/DEBUG] [cp.mo.mo.TransformStore/MODLAUNCHER]: Adding transformer net.minecraftforge.coremod.transformer.CoreModClassTransformer@692dba54 to Target : CLASS {Lnet/minecraft/world/effect/MobEffectInstance;} {} {V}
[16:01:05] [main/DEBUG] [cp.mo.mo.TransformStore/MODLAUNCHER]: Adding transformer net.minecraftforge.coremod.transformer.CoreModClassTransformer@71f1cc02 to Target : CLASS {Lnet/minecraft/world/level/block/LiquidBlock;} {} {V}
[16:01:05] [main/DEBUG] [cp.mo.mo.TransformStore/MODLAUNCHER]: Adding transformer net.minecraftforge.coremod.transformer.CoreModClassTransformer@5f14761c to Target : CLASS {Lnet/minecraft/world/item/BucketItem;} {} {V}
[16:01:05] [main/DEBUG] [cp.mo.mo.TransformStore/MODLAUNCHER]: Adding transformer net.minecraftforge.coremod.transformer.CoreModClassTransformer@33feb805 to Target : CLASS {Lnet/minecraft/world/level/block/FlowerPotBlock;} {} {V}
[16:01:05] [main/DEBUG] [cp.mo.mo.TransformStore/MODLAUNCHER]: Adding transformer net.minecraftforge.coremod.transformer.CoreModClassTransformer@37854b34 to Target : CLASS {Lnet/minecraft/world/level/levelgen/structure/structures/WoodlandMansionPieces$WoodlandMansionPiece;} {} {V}
[16:01:05] [main/DEBUG] [cp.mo.mo.TransformStore/MODLAUNCHER]: Adding transformer net.minecraftforge.coremod.transformer.CoreModClassTransformer@37854b34 to Target : CLASS {Lnet/minecraft/server/commands/SummonCommand;} {} {V}
[16:01:05] [main/DEBUG] [cp.mo.mo.TransformStore/MODLAUNCHER]: Adding transformer net.minecraftforge.coremod.transformer.CoreModClassTransformer@37854b34 to Target : CLASS {Lnet/minecraft/world/level/levelgen/PhantomSpawner;} {} {V}
[16:01:05] [main/DEBUG] [cp.mo.mo.TransformStore/MODLAUNCHER]: Adding transformer net.minecraftforge.coremod.transformer.CoreModClassTransformer@37854b34 to Target : CLASS {Lnet/minecraft/world/level/NaturalSpawner;} {} {V}
[16:01:05] [main/DEBUG] [cp.mo.mo.TransformStore/MODLAUNCHER]: Adding transformer net.minecraftforge.coremod.transformer.CoreModClassTransformer@37854b34 to Target : CLASS {Lnet/minecraft/world/entity/monster/Spider;} {} {V}
[16:01:05] [main/DEBUG] [cp.mo.mo.TransformStore/MODLAUNCHER]: Adding transformer net.minecraftforge.coremod.transformer.CoreModClassTransformer@37854b34 to Target : CLASS {Lnet/minecraft/world/entity/monster/Zombie;} {} {V}
[16:01:05] [main/DEBUG] [cp.mo.mo.TransformStore/MODLAUNCHER]: Adding transformer net.minecraftforge.coremod.transformer.CoreModClassTransformer@37854b34 to Target : CLASS {Lnet/minecraft/world/entity/monster/ZombieVillager;} {} {V}
[16:01:05] [main/DEBUG] [cp.mo.mo.TransformStore/MODLAUNCHER]: Adding transformer net.minecraftforge.coremod.transformer.CoreModClassTransformer@37854b34 to Target : CLASS {Lnet/minecraft/world/entity/npc/Villager;} {} {V}
[16:01:05] [main/DEBUG] [cp.mo.mo.TransformStore/MODLAUNCHER]: Adding transformer net.minecraftforge.coremod.transformer.CoreModClassTransformer@37854b34 to Target : CLASS {Lnet/minecraft/world/entity/animal/frog/Tadpole;} {} {V}
[16:01:05] [main/DEBUG] [cp.mo.mo.TransformStore/MODLAUNCHER]: Adding transformer net.minecraftforge.coremod.transformer.CoreModClassTransformer@37854b34 to Target : CLASS {Lnet/minecraft/world/level/levelgen/structure/structures/OceanMonumentPieces$OceanMonumentPiece;} {} {V}
[16:01:05] [main/DEBUG] [cp.mo.mo.TransformStore/MODLAUNCHER]: Adding transformer net.minecraftforge.coremod.transformer.CoreModClassTransformer@37854b34 to Target : CLASS {Lnet/minecraft/world/entity/raid/Raid;} {} {V}
[16:01:05] [main/DEBUG] [cp.mo.mo.TransformStore/MODLAUNCHER]: Adding transformer net.minecraftforge.coremod.transformer.CoreModClassTransformer@37854b34 to Target : CLASS {Lnet/minecraft/world/level/levelgen/structure/structures/SwampHutPiece;} {} {V}
[16:01:05] [main/DEBUG] [cp.mo.mo.TransformStore/MODLAUNCHER]: Adding transformer net.minecraftforge.coremod.transformer.CoreModClassTransformer@37854b34 to Target : CLASS {Lnet/minecraft/world/level/levelgen/structure/structures/OceanRuinPieces$OceanRuinPiece;} {} {V}
[16:01:05] [main/DEBUG] [cp.mo.mo.TransformStore/MODLAUNCHER]: Adding transformer net.minecraftforge.coremod.transformer.CoreModClassTransformer@37854b34 to Target : CLASS {Lnet/minecraft/server/commands/RaidCommand;} {} {V}
[16:01:05] [main/DEBUG] [cp.mo.mo.TransformStore/MODLAUNCHER]: Adding transformer net.minecraftforge.coremod.transformer.CoreModClassTransformer@37854b34 to Target : CLASS {Lnet/minecraft/world/level/levelgen/PatrolSpawner;} {} {V}
[16:01:05] [main/DEBUG] [cp.mo.mo.TransformStore/MODLAUNCHER]: Adding transformer net.minecraftforge.coremod.transformer.CoreModClassTransformer@37854b34 to Target : CLASS {Lnet/minecraft/world/entity/npc/CatSpawner;} {} {V}
[16:01:05] [main/DEBUG] [cp.mo.mo.TransformStore/MODLAUNCHER]: Adding transformer net.minecraftforge.coremod.transformer.CoreModClassTransformer@37854b34 to Target : CLASS {Lnet/minecraft/world/level/levelgen/structure/templatesystem/StructureTemplate;} {} {V}
[16:01:05] [main/DEBUG] [cp.mo.mo.TransformStore/MODLAUNCHER]: Adding transformer net.minecraftforge.coremod.transformer.CoreModClassTransformer@37854b34 to Target : CLASS {Lnet/minecraft/world/entity/EntityType;} {} {V}
[16:01:05] [main/DEBUG] [cp.mo.mo.TransformStore/MODLAUNCHER]: Adding transformer net.minecraftforge.coremod.transformer.CoreModClassTransformer@37854b34 to Target : CLASS {Lnet/minecraft/world/entity/animal/horse/SkeletonTrapGoal;} {} {V}
[16:01:05] [main/DEBUG] [cp.mo.mo.TransformStore/MODLAUNCHER]: Adding transformer net.minecraftforge.coremod.transformer.CoreModClassTransformer@37854b34 to Target : CLASS {Lnet/minecraft/world/entity/ai/village/VillageSiege;} {} {V}
[16:01:05] [main/DEBUG] [cp.mo.mo.TransformStore/MODLAUNCHER]: Adding transformer net.minecraftforge.coremod.transformer.CoreModClassTransformer@37854b34 to Target : CLASS {Lnet/minecraft/world/entity/monster/Evoker$EvokerSummonSpellGoal;} {} {V}
[16:01:05] [main/DEBUG] [cp.mo.mo.TransformStore/MODLAUNCHER]: Adding transformer net.minecraftforge.coremod.transformer.CoreModClassTransformer@37854b34 to Target : CLASS {Lnet/minecraft/world/entity/monster/Strider;} {} {V}
[16:01:05] [main/DEBUG] [cp.mo.mo.TransformStore/MODLAUNCHER]: Adding transformer net.minecraftforge.coremod.transformer.CoreModClassTransformer@37854b34 to Target : CLASS {Lnet/minecraft/world/level/block/entity/trialspawner/TrialSpawner;} {} {V}
[16:01:05] [main/DEBUG] [cp.mo.mo.TransformationServiceDecorator/MODLAUNCHER]: Initialized transformers for transformation service fml
[16:01:05] [main/DEBUG] [mixin/]: Processing prepare() for PlatformAgent[MixinPlatformAgentDefault:ModLauncher Root Container(ModLauncher:4f56a0a2)]
[16:01:05] [main/DEBUG] [mixin/]: Processing launch tasks for PlatformAgent[MixinPlatformAgentDefault:ModLauncher Root Container(ModLauncher:4f56a0a2)]
[16:01:05] [main/DEBUG] [mixin/]: Adding mixin platform agents for container SecureJarResource(mixin.synthetic)
[16:01:05] [main/DEBUG] [mixin/]: Instancing new MixinPlatformAgentMinecraftForge for SecureJarResource(mixin.synthetic)
[16:01:05] [main/DEBUG] [mixin/]: MixinPlatformAgentMinecraftForge rejected container SecureJarResource(mixin.synthetic)
[16:01:05] [main/DEBUG] [mixin/]: Instancing new MixinPlatformAgentDefault for SecureJarResource(mixin.synthetic)
[16:01:05] [main/DEBUG] [mixin/]: MixinPlatformAgentDefault accepted container SecureJarResource(mixin.synthetic)
[16:01:05] [main/DEBUG] [mixin/]: Processing prepare() for PlatformAgent[MixinPlatformAgentDefault:SecureJarResource(mixin.synthetic)]
[16:01:05] [main/DEBUG] [mixin/]: Adding mixin platform agents for container SecureJarResource(minecraft)
[16:01:05] [main/DEBUG] [mixin/]: Instancing new MixinPlatformAgentMinecraftForge for SecureJarResource(minecraft)
[16:01:05] [main/DEBUG] [mixin/]: MixinPlatformAgentMinecraftForge rejected container SecureJarResource(minecraft)
[16:01:05] [main/DEBUG] [mixin/]: Instancing new MixinPlatformAgentDefault for SecureJarResource(minecraft)
[16:01:05] [main/DEBUG] [mixin/]: MixinPlatformAgentDefault accepted container SecureJarResource(minecraft)
[16:01:05] [main/DEBUG] [mixin/]: Processing prepare() for PlatformAgent[MixinPlatformAgentDefault:SecureJarResource(minecraft)]
[16:01:05] [main/DEBUG] [mixin/]: Adding mixin platform agents for container SecureJarResource(mobcatch)
[16:01:05] [main/DEBUG] [mixin/]: Instancing new MixinPlatformAgentMinecraftForge for SecureJarResource(mobcatch)
[16:01:05] [main/DEBUG] [mixin/]: MixinPlatformAgentMinecraftForge rejected container SecureJarResource(mobcatch)
[16:01:05] [main/DEBUG] [mixin/]: Instancing new MixinPlatformAgentDefault for SecureJarResource(mobcatch)
[16:01:05] [main/DEBUG] [mixin/]: MixinPlatformAgentDefault accepted container SecureJarResource(mobcatch)
[16:01:05] [main/DEBUG] [mixin/]: Processing prepare() for PlatformAgent[MixinPlatformAgentDefault:SecureJarResource(mobcatch)]
[16:01:05] [main/DEBUG] [mixin/]: Adding mixin platform agents for container SecureJarResource(net.minecraftforge.forge)
[16:01:05] [main/DEBUG] [mixin/]: Instancing new MixinPlatformAgentMinecraftForge for SecureJarResource(net.minecraftforge.forge)
[16:01:05] [main/DEBUG] [mixin/]: MixinPlatformAgentMinecraftForge rejected container SecureJarResource(net.minecraftforge.forge)
[16:01:05] [main/DEBUG] [mixin/]: Instancing new MixinPlatformAgentDefault for SecureJarResource(net.minecraftforge.forge)
[16:01:05] [main/DEBUG] [mixin/]: MixinPlatformAgentDefault accepted container SecureJarResource(net.minecraftforge.forge)
[16:01:05] [main/DEBUG] [mixin/]: Processing prepare() for PlatformAgent[MixinPlatformAgentDefault:SecureJarResource(net.minecraftforge.forge)]
[16:01:05] [main/DEBUG] [mixin/]: inject() running with 5 agents
[16:01:05] [main/DEBUG] [mixin/]: Processing inject() for PlatformAgent[MixinPlatformAgentDefault:ModLauncher Root Container(ModLauncher:4f56a0a2)]
[16:01:05] [main/DEBUG] [mixin/]: Processing inject() for PlatformAgent[MixinPlatformAgentDefault:SecureJarResource(mixin.synthetic)]
[16:01:05] [main/DEBUG] [mixin/]: Processing inject() for PlatformAgent[MixinPlatformAgentDefault:SecureJarResource(minecraft)]
[16:01:05] [main/DEBUG] [mixin/]: Processing inject() for PlatformAgent[MixinPlatformAgentDefault:SecureJarResource(mobcatch)]
[16:01:05] [main/DEBUG] [mixin/]: Processing inject() for PlatformAgent[MixinPlatformAgentDefault:SecureJarResource(net.minecraftforge.forge)]
[16:01:05] [main/INFO] [cp.mo.mo.LaunchServiceHandler/MODLAUNCHER]: Launching target 'forge_userdev_client' with arguments [--version, MOD_DEV, --gameDir, ., --assetsDir, /home/seiya/.gradle/caches/forge_gradle/assets, --assetIndex, 17]
[16:01:05] [main/DEBUG] [mixin/]: Preparing mixins for MixinEnvironment[DEFAULT]
WARN StatusConsoleListener The use of package scanning to locate plugins is deprecated and will be removed in a future release
WARN StatusConsoleListener The use of package scanning to locate plugins is deprecated and will be removed in a future release
WARN StatusConsoleListener The use of package scanning to locate plugins is deprecated and will be removed in a future release
WARN StatusConsoleListener The use of package scanning to locate plugins is deprecated and will be removed in a future release
WARN StatusConsoleListener The use of package scanning to locate plugins is deprecated and will be removed in a future release
WARN StatusConsoleListener The use of package scanning to locate plugins is deprecated and will be removed in a future release
WARN StatusConsoleListener The use of package scanning to locate plugins is deprecated and will be removed in a future release
WARN StatusConsoleListener The use of package scanning to locate plugins is deprecated and will be removed in a future release
[16:01:06] [main/DEBUG] [io.ne.ut.in.lo.InternalLoggerFactory/]: Using SLF4J as the default logging framework
[16:01:06] [main/DEBUG] [io.ne.ut.ResourceLeakDetector/]: -Dio.netty.leakDetection.level: simple
[16:01:06] [main/DEBUG] [io.ne.ut.ResourceLeakDetector/]: -Dio.netty.leakDetection.targetRecords: 4
[16:01:06] [main/WARN] [os.ut.FileUtil/]: Configuration conflict: there is more than one oshi.properties file on the classpath: [jar:file:///home/seiya/.gradle/caches/modules-2/files-2.1/com.github.oshi/oshi-core/6.4.10/b1d8ab82d11d92fd639b56d639f8f46f739dd5fa/oshi-core-6.4.10.jar!/oshi.properties, jar:file:/home/seiya/.gradle/caches/modules-2/files-2.1/com.github.oshi/oshi-core/6.4.10/b1d8ab82d11d92fd639b56d639f8f46f739dd5fa/oshi-core-6.4.10.jar!/oshi.properties, jar:file:///home/seiya/.gradle/caches/modules-2/files-2.1/com.github.oshi/oshi-core/6.4.10/b1d8ab82d11d92fd639b56d639f8f46f739dd5fa/oshi-core-6.4.10.jar!/oshi.properties, jar:file:/home/seiya/.gradle/caches/modules-2/files-2.1/com.github.oshi/oshi-core/6.4.10/b1d8ab82d11d92fd639b56d639f8f46f739dd5fa/oshi-core-6.4.10.jar!/oshi.properties]
[16:01:06] [main/DEBUG] [os.ut.FileUtil/]: Reading file /proc/self/auxv
[16:01:06] [main/DEBUG] [os.ut.FileUtil/]: Reading file /proc/self/auxv
[16:01:06] [main/DEBUG] [os.ut.FileUtil/]: Reading file /proc/stat
[16:01:06] [main/DEBUG] [os.ut.FileUtil/]: Reading file /sys/devices/system/cpu/cpu0/topology/core_id
[16:01:06] [main/DEBUG] [os.ut.FileUtil/]: Reading file /sys/devices/system/cpu/cpu0/topology/core_id
[16:01:06] [main/DEBUG] [os.ut.FileUtil/]: Reading file /sys/devices/system/cpu/cpu0/topology/physical_package_id
[16:01:06] [main/DEBUG] [os.ut.FileUtil/]: Reading file /sys/devices/system/cpu/cpu0/topology/physical_package_id
[16:01:06] [main/DEBUG] [os.ut.FileUtil/]: Reading file /sys/devices/system/cpu/cpu0/cpu_capacity
[16:01:06] [main/DEBUG] [os.ut.FileUtil/]: Reading file /sys/devices/system/cpu/cpu0/cache/index2/level
[16:01:06] [main/DEBUG] [os.ut.FileUtil/]: Reading file /sys/devices/system/cpu/cpu0/cache/index2/level
[16:01:06] [main/DEBUG] [os.ut.FileUtil/]: Reading file /sys/devices/system/cpu/cpu0/cache/index2/type
[16:01:06] [main/DEBUG] [os.ut.FileUtil/]: Reading file /sys/devices/system/cpu/cpu0/cache/index2/type
[16:01:06] [main/DEBUG] [os.ut.FileUtil/]: Reading file /sys/devices/system/cpu/cpu0/cache/index2/ways_of_associativity
[16:01:06] [main/DEBUG] [os.ut.FileUtil/]: Reading file /sys/devices/system/cpu/cpu0/cache/index2/ways_of_associativity
[16:01:06] [main/DEBUG] [os.ut.FileUtil/]: Reading file /sys/devices/system/cpu/cpu0/cache/index2/coherency_line_size
[16:01:06] [main/DEBUG] [os.ut.FileUtil/]: Reading file /sys/devices/system/cpu/cpu0/cache/index2/coherency_line_size
[16:01:06] [main/DEBUG] [os.ut.FileUtil/]: Reading file /sys/devices/system/cpu/cpu0/cache/index2/size
[16:01:06] [main/DEBUG] [os.ut.FileUtil/]: Reading file /sys/devices/system/cpu/cpu0/cache/index2/size
[16:01:06] [main/DEBUG] [os.ut.FileUtil/]: Reading file /sys/devices/system/cpu/cpu0/cache/index0/level
[16:01:06] [main/DEBUG] [os.ut.FileUtil/]: Reading file /sys/devices/system/cpu/cpu0/cache/index0/level
[16:01:06] [main/DEBUG] [os.ut.FileUtil/]: Reading file /sys/devices/system/cpu/cpu0/cache/index0/type
[16:01:06] [main/DEBUG] [os.ut.FileUtil/]: Reading file /sys/devices/system/cpu/cpu0/cache/index0/type
[16:01:06] [main/DEBUG] [os.ut.FileUtil/]: Reading file /sys/devices/system/cpu/cpu0/cache/index0/ways_of_associativity
[16:01:06] [main/DEBUG] [os.ut.FileUtil/]: Reading file /sys/devices/system/cpu/cpu0/cache/index0/ways_of_associativity
[16:01:06] [main/DEBUG] [os.ut.FileUtil/]: Reading file /sys/devices/system/cpu/cpu0/cache/index0/coherency_line_size
[16:01:06] [main/DEBUG] [os.ut.FileUtil/]: Reading file /sys/devices/system/cpu/cpu0/cache/index0/coherency_line_size
[16:01:06] [main/DEBUG] [os.ut.FileUtil/]: Reading file /sys/devices/system/cpu/cpu0/cache/index0/size
[16:01:06] [main/DEBUG] [os.ut.FileUtil/]: Reading file /sys/devices/system/cpu/cpu0/cache/index0/size
[16:01:06] [main/DEBUG] [os.ut.FileUtil/]: Reading file /sys/devices/system/cpu/cpu0/cache/index3/level
[16:01:06] [main/DEBUG] [os.ut.FileUtil/]: Reading file /sys/devices/system/cpu/cpu0/cache/index3/level
[16:01:06] [main/DEBUG] [os.ut.FileUtil/]: Reading file /sys/devices/system/cpu/cpu0/cache/index3/type
[16:01:06] [main/DEBUG] [os.ut.FileUtil/]: Reading file /sys/devices/system/cpu/cpu0/cache/index3/type
[16:01:06] [main/DEBUG] [os.ut.FileUtil/]: Reading file /sys/devices/system/cpu/cpu0/cache/index3/ways_of_associativity
[16:01:06] [main/DEBUG] [os.ut.FileUtil/]: Reading file /sys/devices/system/cpu/cpu0/cache/index3/ways_of_associativity
[16:01:06] [main/DEBUG] [os.ut.FileUtil/]: Reading file /sys/devices/system/cpu/cpu0/cache/index3/coherency_line_size
[16:01:06] [main/DEBUG] [os.ut.FileUtil/]: Reading file /sys/devices/system/cpu/cpu0/cache/index3/coherency_line_size
[16:01:06] [main/DEBUG] [os.ut.FileUtil/]: Reading file /sys/devices/system/cpu/cpu0/cache/index3/size
[16:01:06] [main/DEBUG] [os.ut.FileUtil/]: Reading file /sys/devices/system/cpu/cpu0/cache/index3/size
[16:01:06] [main/DEBUG] [os.ut.FileUtil/]: Reading file /sys/devices/system/cpu/cpu0/cache/index1/level
[16:01:06] [main/DEBUG] [os.ut.FileUtil/]: Reading file /sys/devices/system/cpu/cpu0/cache/index1/level
[16:01:06] [main/DEBUG] [os.ut.FileUtil/]: Reading file /sys/devices/system/cpu/cpu0/cache/index1/type
[16:01:06] [main/DEBUG] [os.ut.FileUtil/]: Reading file /sys/devices/system/cpu/cpu0/cache/index1/type
[16:01:06] [main/DEBUG] [os.ut.FileUtil/]: Reading file /sys/devices/system/cpu/cpu0/cache/index1/ways_of_associativity
[16:01:06] [main/DEBUG] [os.ut.FileUtil/]: Reading file /sys/devices/system/cpu/cpu0/cache/index1/ways_of_associativity
[16:01:06] [main/DEBUG] [os.ut.FileUtil/]: Reading file /sys/devices/system/cpu/cpu0/cache/index1/coherency_line_size
[16:01:06] [main/DEBUG] [os.ut.FileUtil/]: Reading file /sys/devices/system/cpu/cpu0/cache/index1/coherency_line_size
[16:01:06] [main/DEBUG] [os.ut.FileUtil/]: Reading file /sys/devices/system/cpu/cpu0/cache/index1/size
[16:01:06] [main/DEBUG] [os.ut.FileUtil/]: Reading file /sys/devices/system/cpu/cpu0/cache/index1/size
[16:01:06] [main/DEBUG] [os.ut.FileUtil/]: Reading file /sys/devices/system/cpu/cpu1/topology/core_id
[16:01:06] [main/DEBUG] [os.ut.FileUtil/]: Reading file /sys/devices/system/cpu/cpu1/topology/core_id
[16:01:06] [main/DEBUG] [os.ut.FileUtil/]: Reading file /sys/devices/system/cpu/cpu1/topology/physical_package_id
[16:01:06] [main/DEBUG] [os.ut.FileUtil/]: Reading file /sys/devices/system/cpu/cpu1/topology/physical_package_id
[16:01:06] [main/DEBUG] [os.ut.FileUtil/]: Reading file /sys/devices/system/cpu/cpu1/cpu_capacity
[16:01:06] [main/DEBUG] [os.ut.FileUtil/]: Reading file /sys/devices/system/cpu/cpu1/cache/index2/level
[16:01:06] [main/DEBUG] [os.ut.FileUtil/]: Reading file /sys/devices/system/cpu/cpu1/cache/index2/level
[16:01:06] [main/DEBUG] [os.ut.FileUtil/]: Reading file /sys/devices/system/cpu/cpu1/cache/index2/type
[16:01:06] [main/DEBUG] [os.ut.FileUtil/]: Reading file /sys/devices/system/cpu/cpu1/cache/index2/type
[16:01:06] [main/DEBUG] [os.ut.FileUtil/]: Reading file /sys/devices/system/cpu/cpu1/cache/index2/ways_of_associativity
[16:01:06] [main/DEBUG] [os.ut.FileUtil/]: Reading file /sys/devices/system/cpu/cpu1/cache/index2/ways_of_associativity
[16:01:06] [main/DEBUG] [os.ut.FileUtil/]: Reading file /sys/devices/system/cpu/cpu1/cache/index2/coherency_line_size
[16:01:06] [main/DEBUG] [os.ut.FileUtil/]: Reading file /sys/devices/system/cpu/cpu1/cache/index2/coherency_line_size
[16:01:06] [main/DEBUG] [os.ut.FileUtil/]: Reading file /sys/devices/system/cpu/cpu1/cache/index2/size
[16:01:06] [main/DEBUG] [os.ut.FileUtil/]: Reading file /sys/devices/system/cpu/cpu1/cache/index2/size
[16:01:06] [main/DEBUG] [os.ut.FileUtil/]: Reading file /sys/devices/system/cpu/cpu1/cache/index0/level
[16:01:06] [main/DEBUG] [os.ut.FileUtil/]: Reading file /sys/devices/system/cpu/cpu1/cache/index0/level
[16:01:06] [main/DEBUG] [os.ut.FileUtil/]: Reading file /sys/devices/system/cpu/cpu1/cache/index0/type
[16:01:06] [main/DEBUG] [os.ut.FileUtil/]: Reading file /sys/devices/system/cpu/cpu1/cache/index0/type
[16:01:06] [main/DEBUG] [os.ut.FileUtil/]: Reading file /sys/devices/system/cpu/cpu1/cache/index0/ways_of_associativity
[16:01:06] [main/DEBUG] [os.ut.FileUtil/]: Reading file /sys/devices/system/cpu/cpu1/cache/index0/ways_of_associativity
[16:01:06] [main/DEBUG] [os.ut.FileUtil/]: Reading file /sys/devices/system/cpu/cpu1/cache/index0/coherency_line_size
[16:01:06] [main/DEBUG] [os.ut.FileUtil/]: Reading file /sys/devices/system/cpu/cpu1/cache/index0/coherency_line_size
[16:01:06] [main/DEBUG] [os.ut.FileUtil/]: Reading file /sys/devices/system/cpu/cpu1/cache/index0/size
[16:01:06] [main/DEBUG] [os.ut.FileUtil/]: Reading file /sys/devices/system/cpu/cpu1/cache/index0/size
[16:01:06] [main/DEBUG] [os.ut.FileUtil/]: Reading file /sys/devices/system/cpu/cpu1/cache/index3/level
[16:01:06] [main/DEBUG] [os.ut.FileUtil/]: Reading file /sys/devices/system/cpu/cpu1/cache/index3/level
[16:01:06] [main/DEBUG] [os.ut.FileUtil/]: Reading file /sys/devices/system/cpu/cpu1/cache/index3/type
[16:01:06] [main/DEBUG] [os.ut.FileUtil/]: Reading file /sys/devices/system/cpu/cpu1/cache/index3/type
[16:01:06] [main/DEBUG] [os.ut.FileUtil/]: Reading file /sys/devices/system/cpu/cpu1/cache/index3/ways_of_associativity
[16:01:06] [main/DEBUG] [os.ut.FileUtil/]: Reading file /sys/devices/system/cpu/cpu1/cache/index3/ways_of_associativity
[16:01:06] [main/DEBUG] [os.ut.FileUtil/]: Reading file /sys/devices/system/cpu/cpu1/cache/index3/coherency_line_size
[16:01:06] [main/DEBUG] [os.ut.FileUtil/]: Reading file /sys/devices/system/cpu/cpu1/cache/index3/coherency_line_size
[16:01:06] [main/DEBUG] [os.ut.FileUtil/]: Reading file /sys/devices/system/cpu/cpu1/cache/index3/size
[16:01:06] [main/DEBUG] [os.ut.FileUtil/]: Reading file /sys/devices/system/cpu/cpu1/cache/index3/size
[16:01:06] [main/DEBUG] [os.ut.FileUtil/]: Reading file /sys/devices/system/cpu/cpu1/cache/index1/level
[16:01:06] [main/DEBUG] [os.ut.FileUtil/]: Reading file /sys/devices/system/cpu/cpu1/cache/index1/level
[16:01:06] [main/DEBUG] [os.ut.FileUtil/]: Reading file /sys/devices/system/cpu/cpu1/cache/index1/type
[16:01:06] [main/DEBUG] [os.ut.FileUtil/]: Reading file /sys/devices/system/cpu/cpu1/cache/index1/type
[16:01:06] [main/DEBUG] [os.ut.FileUtil/]: Reading file /sys/devices/system/cpu/cpu1/cache/index1/ways_of_associativity
[16:01:06] [main/DEBUG] [os.ut.FileUtil/]: Reading file /sys/devices/system/cpu/cpu1/cache/index1/ways_of_associativity
[16:01:06] [main/DEBUG] [os.ut.FileUtil/]: Reading file /sys/devices/system/cpu/cpu1/cache/index1/coherency_line_size
[16:01:06] [main/DEBUG] [os.ut.FileUtil/]: Reading file /sys/devices/system/cpu/cpu1/cache/index1/coherency_line_size
[16:01:06] [main/DEBUG] [os.ut.FileUtil/]: Reading file /sys/devices/system/cpu/cpu1/cache/index1/size
[16:01:06] [main/DEBUG] [os.ut.FileUtil/]: Reading file /sys/devices/system/cpu/cpu1/cache/index1/size
[16:01:06] [main/DEBUG] [os.ut.FileUtil/]: Reading file /sys/devices/system/cpu/cpu10/topology/core_id
[16:01:06] [main/DEBUG] [os.ut.FileUtil/]: Reading file /sys/devices/system/cpu/cpu10/topology/core_id
[16:01:06] [main/DEBUG] [os.ut.FileUtil/]: Reading file /sys/devices/system/cpu/cpu10/topology/physical_package_id
[16:01:06] [main/DEBUG] [os.ut.FileUtil/]: Reading file /sys/devices/system/cpu/cpu10/topology/physical_package_id
[16:01:06] [main/DEBUG] [os.ut.FileUtil/]: Reading file /sys/devices/system/cpu/cpu10/cpu_capacity
[16:01:06] [main/DEBUG] [os.ut.FileUtil/]: Reading file /sys/devices/system/cpu/cpu10/cache/index2/level
[16:01:06] [main/DEBUG] [os.ut.FileUtil/]: Reading file /sys/devices/system/cpu/cpu10/cache/index2/level
[16:01:06] [main/DEBUG] [os.ut.FileUtil/]: Reading file /sys/devices/system/cpu/cpu10/cache/index2/type
[16:01:06] [main/DEBUG] [os.ut.FileUtil/]: Reading file /sys/devices/system/cpu/cpu10/cache/index2/type
[16:01:06] [main/DEBUG] [os.ut.FileUtil/]: Reading file /sys/devices/system/cpu/cpu10/cache/index2/ways_of_associativity
[16:01:06] [main/DEBUG] [os.ut.FileUtil/]: Reading file /sys/devices/system/cpu/cpu10/cache/index2/ways_of_associativity
[16:01:06] [main/DEBUG] [os.ut.FileUtil/]: Reading file /sys/devices/system/cpu/cpu10/cache/index2/coherency_line_size
[16:01:06] [main/DEBUG] [os.ut.FileUtil/]: Reading file /sys/devices/system/cpu/cpu10/cache/index2/coherency_line_size
[16:01:06] [main/DEBUG] [os.ut.FileUtil/]: Reading file /sys/devices/system/cpu/cpu10/cache/index2/size
[16:01:06] [main/DEBUG] [os.ut.FileUtil/]: Reading file /sys/devices/system/cpu/cpu10/cache/index2/size
[16:01:06] [main/DEBUG] [os.ut.FileUtil/]: Reading file /sys/devices/system/cpu/cpu10/cache/index0/level
[16:01:06] [main/DEBUG] [os.ut.FileUtil/]: Reading file /sys/devices/system/cpu/cpu10/cache/index0/level
[16:01:06] [main/DEBUG] [os.ut.FileUtil/]: Reading file /sys/devices/system/cpu/cpu10/cache/index0/type
[16:01:06] [main/DEBUG] [os.ut.FileUtil/]: Reading file /sys/devices/system/cpu/cpu10/cache/index0/type
[16:01:06] [main/DEBUG] [os.ut.FileUtil/]: Reading file /sys/devices/system/cpu/cpu10/cache/index0/ways_of_associativity
[16:01:06] [main/DEBUG] [os.ut.FileUtil/]: Reading file /sys/devices/system/cpu/cpu10/cache/index0/ways_of_associativity
[16:01:06] [main/DEBUG] [os.ut.FileUtil/]: Reading file /sys/devices/system/cpu/cpu10/cache/index0/coherency_line_size
[16:01:06] [main/DEBUG] [os.ut.FileUtil/]: Reading file /sys/devices/system/cpu/cpu10/cache/index0/coherency_line_size
[16:01:06] [main/DEBUG] [os.ut.FileUtil/]: Reading file /sys/devices/system/cpu/cpu10/cache/index0/size
[16:01:06] [main/DEBUG] [os.ut.FileUtil/]: Reading file /sys/devices/system/cpu/cpu10/cache/index0/size
[16:01:06] [main/DEBUG] [os.ut.FileUtil/]: Reading file /sys/devices/system/cpu/cpu10/cache/index3/level
[16:01:06] [main/DEBUG] [os.ut.FileUtil/]: Reading file /sys/devices/system/cpu/cpu10/cache/index3/level
[16:01:06] [main/DEBUG] [os.ut.FileUtil/]: Reading file /sys/devices/system/cpu/cpu10/cache/index3/type
[16:01:06] [main/DEBUG] [os.ut.FileUtil/]: Reading file /sys/devices/system/cpu/cpu10/cache/index3/type
[16:01:06] [main/DEBUG] [os.ut.FileUtil/]: Reading file /sys/devices/system/cpu/cpu10/cache/index3/ways_of_associativity
[16:01:06] [main/DEBUG] [os.ut.FileUtil/]: Reading file /sys/devices/system/cpu/cpu10/cache/index3/ways_of_associativity
[16:01:06] [main/DEBUG] [os.ut.FileUtil/]: Reading file /sys/devices/system/cpu/cpu10/cache/index3/coherency_line_size
[16:01:06] [main/DEBUG] [os.ut.FileUtil/]: Reading file /sys/devices/system/cpu/cpu10/cache/index3/coherency_line_size
[16:01:06] [main/DEBUG] [os.ut.FileUtil/]: Reading file /sys/devices/system/cpu/cpu10/cache/index3/size
[16:01:06] [main/DEBUG] [os.ut.FileUtil/]: Reading file /sys/devices/system/cpu/cpu10/cache/index3/size
[16:01:06] [main/DEBUG] [os.ut.FileUtil/]: Reading file /sys/devices/system/cpu/cpu10/cache/index1/level
[16:01:06] [main/DEBUG] [os.ut.FileUtil/]: Reading file /sys/devices/system/cpu/cpu10/cache/index1/level
[16:01:06] [main/DEBUG] [os.ut.FileUtil/]: Reading file /sys/devices/system/cpu/cpu10/cache/index1/type
[16:01:06] [main/DEBUG] [os.ut.FileUtil/]: Reading file /sys/devices/system/cpu/cpu10/cache/index1/type
[16:01:06] [main/DEBUG] [os.ut.FileUtil/]: Reading file /sys/devices/system/cpu/cpu10/cache/index1/ways_of_associativity
[16:01:06] [main/DEBUG] [os.ut.FileUtil/]: Reading file /sys/devices/system/cpu/cpu10/cache/index1/ways_of_associativity
[16:01:06] [main/DEBUG] [os.ut.FileUtil/]: Reading file /sys/devices/system/cpu/cpu10/cache/index1/coherency_line_size
[16:01:06] [main/DEBUG] [os.ut.FileUtil/]: Reading file /sys/devices/system/cpu/cpu10/cache/index1/coherency_line_size
[16:01:06] [main/DEBUG] [os.ut.FileUtil/]: Reading file /sys/devices/system/cpu/cpu10/cache/index1/size
[16:01:06] [main/DEBUG] [os.ut.FileUtil/]: Reading file /sys/devices/system/cpu/cpu10/cache/index1/size
[16:01:06] [main/DEBUG] [os.ut.FileUtil/]: Reading file /sys/devices/system/cpu/cpu11/topology/core_id
[16:01:06] [main/DEBUG] [os.ut.FileUtil/]: Reading file /sys/devices/system/cpu/cpu11/topology/core_id
[16:01:06] [main/DEBUG] [os.ut.FileUtil/]: Reading file /sys/devices/system/cpu/cpu11/topology/physical_package_id
[16:01:06] [main/DEBUG] [os.ut.FileUtil/]: Reading file /sys/devices/system/cpu/cpu11/topology/physical_package_id
[16:01:06] [main/DEBUG] [os.ut.FileUtil/]: Reading file /sys/devices/system/cpu/cpu11/cpu_capacity
[16:01:06] [main/DEBUG] [os.ut.FileUtil/]: Reading file /sys/devices/system/cpu/cpu11/cache/index2/level
[16:01:06] [main/DEBUG] [os.ut.FileUtil/]: Reading file /sys/devices/system/cpu/cpu11/cache/index2/level
[16:01:06] [main/DEBUG] [os.ut.FileUtil/]: Reading file /sys/devices/system/cpu/cpu11/cache/index2/type
[16:01:06] [main/DEBUG] [os.ut.FileUtil/]: Reading file /sys/devices/system/cpu/cpu11/cache/index2/type
[16:01:06] [main/DEBUG] [os.ut.FileUtil/]: Reading file /sys/devices/system/cpu/cpu11/cache/index2/ways_of_associativity
[16:01:06] [main/DEBUG] [os.ut.FileUtil/]: Reading file /sys/devices/system/cpu/cpu11/cache/index2/ways_of_associativity
[16:01:06] [main/DEBUG] [os.ut.FileUtil/]: Reading file /sys/devices/system/cpu/cpu11/cache/index2/coherency_line_size
[16:01:06] [main/DEBUG] [os.ut.FileUtil/]: Reading file /sys/devices/system/cpu/cpu11/cache/index2/coherency_line_size
[16:01:06] [main/DEBUG] [os.ut.FileUtil/]: Reading file /sys/devices/system/cpu/cpu11/cache/index2/size
[16:01:06] [main/DEBUG] [os.ut.FileUtil/]: Reading file /sys/devices/system/cpu/cpu11/cache/index2/size
[16:01:06] [main/DEBUG] [os.ut.FileUtil/]: Reading file /sys/devices/system/cpu/cpu11/cache/index0/level
[16:01:06] [main/DEBUG] [os.ut.FileUtil/]: Reading file /sys/devices/system/cpu/cpu11/cache/index0/level
[16:01:06] [main/DEBUG] [os.ut.FileUtil/]: Reading file /sys/devices/system/cpu/cpu11/cache/index0/type
[16:01:06] [main/DEBUG] [os.ut.FileUtil/]: Reading file /sys/devices/system/cpu/cpu11/cache/index0/type
[16:01:06] [main/DEBUG] [os.ut.FileUtil/]: Reading file /sys/devices/system/cpu/cpu11/cache/index0/ways_of_associativity
[16:01:06] [main/DEBUG] [os.ut.FileUtil/]: Reading file /sys/devices/system/cpu/cpu11/cache/index0/ways_of_associativity
[16:01:06] [main/DEBUG] [os.ut.FileUtil/]: Reading file /sys/devices/system/cpu/cpu11/cache/index0/coherency_line_size
[16:01:06] [main/DEBUG] [os.ut.FileUtil/]: Reading file /sys/devices/system/cpu/cpu11/cache/index0/coherency_line_size
[16:01:06] [main/DEBUG] [os.ut.FileUtil/]: Reading file /sys/devices/system/cpu/cpu11/cache/index0/size
[16:01:06] [main/DEBUG] [os.ut.FileUtil/]: Reading file /sys/devices/system/cpu/cpu11/cache/index0/size
[16:01:06] [main/DEBUG] [os.ut.FileUtil/]: Reading file /sys/devices/system/cpu/cpu11/cache/index3/level
[16:01:06] [main/DEBUG] [os.ut.FileUtil/]: Reading file /sys/devices/system/cpu/cpu11/cache/index3/level
[16:01:06] [main/DEBUG] [os.ut.FileUtil/]: Reading file /sys/devices/system/cpu/cpu11/cache/index3/type
[16:01:06] [main/DEBUG] [os.ut.FileUtil/]: Reading file /sys/devices/system/cpu/cpu11/cache/index3/type
[16:01:06] [main/DEBUG] [os.ut.FileUtil/]: Reading file /sys/devices/system/cpu/cpu11/cache/index3/ways_of_associativity
[16:01:06] [main/DEBUG] [os.ut.FileUtil/]: Reading file /sys/devices/system/cpu/cpu11/cache/index3/ways_of_associativity
[16:01:06] [main/DEBUG] [os.ut.FileUtil/]: Reading file /sys/devices/system/cpu/cpu11/cache/index3/coherency_line_size
[16:01:06] [main/DEBUG] [os.ut.FileUtil/]: Reading file /sys/devices/system/cpu/cpu11/cache/index3/coherency_line_size
[16:01:06] [main/DEBUG] [os.ut.FileUtil/]: Reading file /sys/devices/system/cpu/cpu11/cache/index3/size
[16:01:06] [main/DEBUG] [os.ut.FileUtil/]: Reading file /sys/devices/system/cpu/cpu11/cache/index3/size
[16:01:06] [main/DEBUG] [os.ut.FileUtil/]: Reading file /sys/devices/system/cpu/cpu11/cache/index1/level
[16:01:06] [main/DEBUG] [os.ut.FileUtil/]: Reading file /sys/devices/system/cpu/cpu11/cache/index1/level
[16:01:06] [main/DEBUG] [os.ut.FileUtil/]: Reading file /sys/devices/system/cpu/cpu11/cache/index1/type
[16:01:06] [main/DEBUG] [os.ut.FileUtil/]: Reading file /sys/devices/system/cpu/cpu11/cache/index1/type
[16:01:06] [main/DEBUG] [os.ut.FileUtil/]: Reading file /sys/devices/system/cpu/cpu11/cache/index1/ways_of_associativity
[16:01:06] [main/DEBUG] [os.ut.FileUtil/]: Reading file /sys/devices/system/cpu/cpu11/cache/index1/ways_of_associativity
[16:01:06] [main/DEBUG] [os.ut.FileUtil/]: Reading file /sys/devices/system/cpu/cpu11/cache/index1/coherency_line_size
[16:01:06] [main/DEBUG] [os.ut.FileUtil/]: Reading file /sys/devices/system/cpu/cpu11/cache/index1/coherency_line_size
[16:01:06] [main/DEBUG] [os.ut.FileUtil/]: Reading file /sys/devices/system/cpu/cpu11/cache/index1/size
[16:01:06] [main/DEBUG] [os.ut.FileUtil/]: Reading file /sys/devices/system/cpu/cpu11/cache/index1/size
[16:01:06] [main/DEBUG] [os.ut.FileUtil/]: Reading file /sys/devices/system/cpu/cpu12/topology/core_id
[16:01:06] [main/DEBUG] [os.ut.FileUtil/]: Reading file /sys/devices/system/cpu/cpu12/topology/core_id
[16:01:06] [main/DEBUG] [os.ut.FileUtil/]: Reading file /sys/devices/system/cpu/cpu12/topology/physical_package_id
[16:01:06] [main/DEBUG] [os.ut.FileUtil/]: Reading file /sys/devices/system/cpu/cpu12/topology/physical_package_id
[16:01:06] [main/DEBUG] [os.ut.FileUtil/]: Reading file /sys/devices/system/cpu/cpu12/cpu_capacity
[16:01:06] [main/DEBUG] [os.ut.FileUtil/]: Reading file /sys/devices/system/cpu/cpu12/cache/index2/level
[16:01:06] [main/DEBUG] [os.ut.FileUtil/]: Reading file /sys/devices/system/cpu/cpu12/cache/index2/level
[16:01:06] [main/DEBUG] [os.ut.FileUtil/]: Reading file /sys/devices/system/cpu/cpu12/cache/index2/type
[16:01:06] [main/DEBUG] [os.ut.FileUtil/]: Reading file /sys/devices/system/cpu/cpu12/cache/index2/type
[16:01:06] [main/DEBUG] [os.ut.FileUtil/]: Reading file /sys/devices/system/cpu/cpu12/cache/index2/ways_of_associativity
[16:01:06] [main/DEBUG] [os.ut.FileUtil/]: Reading file /sys/devices/system/cpu/cpu12/cache/index2/ways_of_associativity
[16:01:06] [main/DEBUG] [os.ut.FileUtil/]: Reading file /sys/devices/system/cpu/cpu12/cache/index2/coherency_line_size
[16:01:06] [main/DEBUG] [os.ut.FileUtil/]: Reading file /sys/devices/system/cpu/cpu12/cache/index2/coherency_line_size
[16:01:06] [main/DEBUG] [os.ut.FileUtil/]: Reading file /sys/devices/system/cpu/cpu12/cache/index2/size
[16:01:06] [main/DEBUG] [os.ut.FileUtil/]: Reading file /sys/devices/system/cpu/cpu12/cache/index2/size
[16:01:06] [main/DEBUG] [os.ut.FileUtil/]: Reading file /sys/devices/system/cpu/cpu12/cache/index0/level
[16:01:06] [main/DEBUG] [os.ut.FileUtil/]: Reading file /sys/devices/system/cpu/cpu12/cache/index0/level
[16:01:06] [main/DEBUG] [os.ut.FileUtil/]: Reading file /sys/devices/system/cpu/cpu12/cache/index0/type
[16:01:06] [main/DEBUG] [os.ut.FileUtil/]: Reading file /sys/devices/system/cpu/cpu12/cache/index0/type
[16:01:06] [main/DEBUG] [os.ut.FileUtil/]: Reading file /sys/devices/system/cpu/cpu12/cache/index0/ways_of_associativity
[16:01:06] [main/DEBUG] [os.ut.FileUtil/]: Reading file /sys/devices/system/cpu/cpu12/cache/index0/ways_of_associativity
[16:01:06] [main/DEBUG] [os.ut.FileUtil/]: Reading file /sys/devices/system/cpu/cpu12/cache/index0/coherency_line_size
[16:01:06] [main/DEBUG] [os.ut.FileUtil/]: Reading file /sys/devices/system/cpu/cpu12/cache/index0/coherency_line_size
[16:01:06] [main/DEBUG] [os.ut.FileUtil/]: Reading file /sys/devices/system/cpu/cpu12/cache/index0/size
[16:01:06] [main/DEBUG] [os.ut.FileUtil/]: Reading file /sys/devices/system/cpu/cpu12/cache/index0/size
[16:01:06] [main/DEBUG] [os.ut.FileUtil/]: Reading file /sys/devices/system/cpu/cpu12/cache/index3/level
[16:01:06] [main/DEBUG] [os.ut.FileUtil/]: Reading file /sys/devices/system/cpu/cpu12/cache/index3/level
[16:01:06] [main/DEBUG] [os.ut.FileUtil/]: Reading file /sys/devices/system/cpu/cpu12/cache/index3/type
[16:01:06] [main/DEBUG] [os.ut.FileUtil/]: Reading file /sys/devices/system/cpu/cpu12/cache/index3/type
[16:01:06] [main/DEBUG] [os.ut.FileUtil/]: Reading file /sys/devices/system/cpu/cpu12/cache/index3/ways_of_associativity
[16:01:06] [main/DEBUG] [os.ut.FileUtil/]: Reading file /sys/devices/system/cpu/cpu12/cache/index3/ways_of_associativity
[16:01:06] [main/DEBUG] [os.ut.FileUtil/]: Reading file /sys/devices/system/cpu/cpu12/cache/index3/coherency_line_size
[16:01:06] [main/DEBUG] [os.ut.FileUtil/]: Reading file /sys/devices/system/cpu/cpu12/cache/index3/coherency_line_size
[16:01:06] [main/DEBUG] [os.ut.FileUtil/]: Reading file /sys/devices/system/cpu/cpu12/cache/index3/size
[16:01:06] [main/DEBUG] [os.ut.FileUtil/]: Reading file /sys/devices/system/cpu/cpu12/cache/index3/size
[16:01:06] [main/DEBUG] [os.ut.FileUtil/]: Reading file /sys/devices/system/cpu/cpu12/cache/index1/level
[16:01:06] [main/DEBUG] [os.ut.FileUtil/]: Reading file /sys/devices/system/cpu/cpu12/cache/index1/level
[16:01:06] [main/DEBUG] [os.ut.FileUtil/]: Reading file /sys/devices/system/cpu/cpu12/cache/index1/type
[16:01:06] [main/DEBUG] [os.ut.FileUtil/]: Reading file /sys/devices/system/cpu/cpu12/cache/index1/type
[16:01:06] [main/DEBUG] [os.ut.FileUtil/]: Reading file /sys/devices/system/cpu/cpu12/cache/index1/ways_of_associativity
[16:01:06] [main/DEBUG] [os.ut.FileUtil/]: Reading file /sys/devices/system/cpu/cpu12/cache/index1/ways_of_associativity
[16:01:06] [main/DEBUG] [os.ut.FileUtil/]: Reading file /sys/devices/system/cpu/cpu12/cache/index1/coherency_line_size
[16:01:06] [main/DEBUG] [os.ut.FileUtil/]: Reading file /sys/devices/system/cpu/cpu12/cache/index1/coherency_line_size
[16:01:06] [main/DEBUG] [os.ut.FileUtil/]: Reading file /sys/devices/system/cpu/cpu12/cache/index1/size
[16:01:06] [main/DEBUG] [os.ut.FileUtil/]: Reading file /sys/devices/system/cpu/cpu12/cache/index1/size
[16:01:06] [main/DEBUG] [os.ut.FileUtil/]: Reading file /sys/devices/system/cpu/cpu13/topology/core_id
[16:01:06] [main/DEBUG] [os.ut.FileUtil/]: Reading file /sys/devices/system/cpu/cpu13/topology/core_id
[16:01:06] [main/DEBUG] [os.ut.FileUtil/]: Reading file /sys/devices/system/cpu/cpu13/topology/physical_package_id
[16:01:06] [main/DEBUG] [os.ut.FileUtil/]: Reading file /sys/devices/system/cpu/cpu13/topology/physical_package_id
[16:01:06] [main/DEBUG] [os.ut.FileUtil/]: Reading file /sys/devices/system/cpu/cpu13/cpu_capacity
[16:01:06] [main/DEBUG] [os.ut.FileUtil/]: Reading file /sys/devices/system/cpu/cpu13/cache/index2/level
[16:01:06] [main/DEBUG] [os.ut.FileUtil/]: Reading file /sys/devices/system/cpu/cpu13/cache/index2/level
[16:01:06] [main/DEBUG] [os.ut.FileUtil/]: Reading file /sys/devices/system/cpu/cpu13/cache/index2/type
[16:01:06] [main/DEBUG] [os.ut.FileUtil/]: Reading file /sys/devices/system/cpu/cpu13/cache/index2/type
[16:01:06] [main/DEBUG] [os.ut.FileUtil/]: Reading file /sys/devices/system/cpu/cpu13/cache/index2/ways_of_associativity
[16:01:06] [main/DEBUG] [os.ut.FileUtil/]: Reading file /sys/devices/system/cpu/cpu13/cache/index2/ways_of_associativity
[16:01:06] [main/DEBUG] [os.ut.FileUtil/]: Reading file /sys/devices/system/cpu/cpu13/cache/index2/coherency_line_size
[16:01:06] [main/DEBUG] [os.ut.FileUtil/]: Reading file /sys/devices/system/cpu/cpu13/cache/index2/coherency_line_size
[16:01:06] [main/DEBUG] [os.ut.FileUtil/]: Reading file /sys/devices/system/cpu/cpu13/cache/index2/size
[16:01:06] [main/DEBUG] [os.ut.FileUtil/]: Reading file /sys/devices/system/cpu/cpu13/cache/index2/size
[16:01:06] [main/DEBUG] [os.ut.FileUtil/]: Reading file /sys/devices/system/cpu/cpu13/cache/index0/level
[16:01:06] [main/DEBUG] [os.ut.FileUtil/]: Reading file /sys/devices/system/cpu/cpu13/cache/index0/level
[16:01:06] [main/DEBUG] [os.ut.FileUtil/]: Reading file /sys/devices/system/cpu/cpu13/cache/index0/type
[16:01:06] [main/DEBUG] [os.ut.FileUtil/]: Reading file /sys/devices/system/cpu/cpu13/cache/index0/type
[16:01:06] [main/DEBUG] [os.ut.FileUtil/]: Reading file /sys/devices/system/cpu/cpu13/cache/index0/ways_of_associativity
[16:01:06] [main/DEBUG] [os.ut.FileUtil/]: Reading file /sys/devices/system/cpu/cpu13/cache/index0/ways_of_associativity
[16:01:06] [main/DEBUG] [os.ut.FileUtil/]: Reading file /sys/devices/system/cpu/cpu13/cache/index0/coherency_line_size
[16:01:06] [main/DEBUG] [os.ut.FileUtil/]: Reading file /sys/devices/system/cpu/cpu13/cache/index0/coherency_line_size
[16:01:06] [main/DEBUG] [os.ut.FileUtil/]: Reading file /sys/devices/system/cpu/cpu13/cache/index0/size
[16:01:06] [main/DEBUG] [os.ut.FileUtil/]: Reading file /sys/devices/system/cpu/cpu13/cache/index0/size
[16:01:06] [main/DEBUG] [os.ut.FileUtil/]: Reading file /sys/devices/system/cpu/cpu13/cache/index3/level
[16:01:06] [main/DEBUG] [os.ut.FileUtil/]: Reading file /sys/devices/system/cpu/cpu13/cache/index3/level
[16:01:06] [main/DEBUG] [os.ut.FileUtil/]: Reading file /sys/devices/system/cpu/cpu13/cache/index3/type
[16:01:06] [main/DEBUG] [os.ut.FileUtil/]: Reading file /sys/devices/system/cpu/cpu13/cache/index3/type
[16:01:06] [main/DEBUG] [os.ut.FileUtil/]: Reading file /sys/devices/system/cpu/cpu13/cache/index3/ways_of_associativity
[16:01:06] [main/DEBUG] [os.ut.FileUtil/]: Reading file /sys/devices/system/cpu/cpu13/cache/index3/ways_of_associativity
[16:01:06] [main/DEBUG] [os.ut.FileUtil/]: Reading file /sys/devices/system/cpu/cpu13/cache/index3/coherency_line_size
[16:01:06] [main/DEBUG] [os.ut.FileUtil/]: Reading file /sys/devices/system/cpu/cpu13/cache/index3/coherency_line_size
[16:01:06] [main/DEBUG] [os.ut.FileUtil/]: Reading file /sys/devices/system/cpu/cpu13/cache/index3/size
[16:01:06] [main/DEBUG] [os.ut.FileUtil/]: Reading file /sys/devices/system/cpu/cpu13/cache/index3/size
[16:01:06] [main/DEBUG] [os.ut.FileUtil/]: Reading file /sys/devices/system/cpu/cpu13/cache/index1/level
[16:01:06] [main/DEBUG] [os.ut.FileUtil/]: Reading file /sys/devices/system/cpu/cpu13/cache/index1/level
[16:01:06] [main/DEBUG] [os.ut.FileUtil/]: Reading file /sys/devices/system/cpu/cpu13/cache/index1/type
[16:01:06] [main/DEBUG] [os.ut.FileUtil/]: Reading file /sys/devices/system/cpu/cpu13/cache/index1/type
[16:01:06] [main/DEBUG] [os.ut.FileUtil/]: Reading file /sys/devices/system/cpu/cpu13/cache/index1/ways_of_associativity
[16:01:06] [main/DEBUG] [os.ut.FileUtil/]: Reading file /sys/devices/system/cpu/cpu13/cache/index1/ways_of_associativity
[16:01:06] [main/DEBUG] [os.ut.FileUtil/]: Reading file /sys/devices/system/cpu/cpu13/cache/index1/coherency_line_size
[16:01:06] [main/DEBUG] [os.ut.FileUtil/]: Reading file /sys/devices/system/cpu/cpu13/cache/index1/coherency_line_size
[16:01:06] [main/DEBUG] [os.ut.FileUtil/]: Reading file /sys/devices/system/cpu/cpu13/cache/index1/size
[16:01:06] [main/DEBUG] [os.ut.FileUtil/]: Reading file /sys/devices/system/cpu/cpu13/cache/index1/size
[16:01:06] [main/DEBUG] [os.ut.FileUtil/]: Reading file /sys/devices/system/cpu/cpu14/topology/core_id
[16:01:06] [main/DEBUG] [os.ut.FileUtil/]: Reading file /sys/devices/system/cpu/cpu14/topology/core_id
[16:01:06] [main/DEBUG] [os.ut.FileUtil/]: Reading file /sys/devices/system/cpu/cpu14/topology/physical_package_id
[16:01:06] [main/DEBUG] [os.ut.FileUtil/]: Reading file /sys/devices/system/cpu/cpu14/topology/physical_package_id
[16:01:06] [main/DEBUG] [os.ut.FileUtil/]: Reading file /sys/devices/system/cpu/cpu14/cpu_capacity
[16:01:06] [main/DEBUG] [os.ut.FileUtil/]: Reading file /sys/devices/system/cpu/cpu14/cache/index2/level
[16:01:06] [main/DEBUG] [os.ut.FileUtil/]: Reading file /sys/devices/system/cpu/cpu14/cache/index2/level
[16:01:06] [main/DEBUG] [os.ut.FileUtil/]: Reading file /sys/devices/system/cpu/cpu14/cache/index2/type
[16:01:06] [main/DEBUG] [os.ut.FileUtil/]: Reading file /sys/devices/system/cpu/cpu14/cache/index2/type
[16:01:06] [main/DEBUG] [os.ut.FileUtil/]: Reading file /sys/devices/system/cpu/cpu14/cache/index2/ways_of_associativity
[16:01:06] [main/DEBUG] [os.ut.FileUtil/]: Reading file /sys/devices/system/cpu/cpu14/cache/index2/ways_of_associativity
[16:01:06] [main/DEBUG] [os.ut.FileUtil/]: Reading file /sys/devices/system/cpu/cpu14/cache/index2/coherency_line_size
[16:01:06] [main/DEBUG] [os.ut.FileUtil/]: Reading file /sys/devices/system/cpu/cpu14/cache/index2/coherency_line_size
[16:01:06] [main/DEBUG] [os.ut.FileUtil/]: Reading file /sys/devices/system/cpu/cpu14/cache/index2/size
[16:01:06] [main/DEBUG] [os.ut.FileUtil/]: Reading file /sys/devices/system/cpu/cpu14/cache/index2/size
[16:01:06] [main/DEBUG] [os.ut.FileUtil/]: Reading file /sys/devices/system/cpu/cpu14/cache/index0/level
[16:01:06] [main/DEBUG] [os.ut.FileUtil/]: Reading file /sys/devices/system/cpu/cpu14/cache/index0/level
[16:01:06] [main/DEBUG] [os.ut.FileUtil/]: Reading file /sys/devices/system/cpu/cpu14/cache/index0/type
[16:01:06] [main/DEBUG] [os.ut.FileUtil/]: Reading file /sys/devices/system/cpu/cpu14/cache/index0/type
[16:01:06] [main/DEBUG] [os.ut.FileUtil/]: Reading file /sys/devices/system/cpu/cpu14/cache/index0/ways_of_associativity
[16:01:06] [main/DEBUG] [os.ut.FileUtil/]: Reading file /sys/devices/system/cpu/cpu14/cache/index0/ways_of_associativity
[16:01:06] [main/DEBUG] [os.ut.FileUtil/]: Reading file /sys/devices/system/cpu/cpu14/cache/index0/coherency_line_size
[16:01:06] [main/DEBUG] [os.ut.FileUtil/]: Reading file /sys/devices/system/cpu/cpu14/cache/index0/coherency_line_size
[16:01:06] [main/DEBUG] [os.ut.FileUtil/]: Reading file /sys/devices/system/cpu/cpu14/cache/index0/size
[16:01:06] [main/DEBUG] [os.ut.FileUtil/]: Reading file /sys/devices/system/cpu/cpu14/cache/index0/size
[16:01:06] [main/DEBUG] [os.ut.FileUtil/]: Reading file /sys/devices/system/cpu/cpu14/cache/index3/level
[16:01:06] [main/DEBUG] [os.ut.FileUtil/]: Reading file /sys/devices/system/cpu/cpu14/cache/index3/level
[16:01:06] [main/DEBUG] [os.ut.FileUtil/]: Reading file /sys/devices/system/cpu/cpu14/cache/index3/type
[16:01:06] [main/DEBUG] [os.ut.FileUtil/]: Reading file /sys/devices/system/cpu/cpu14/cache/index3/type
[16:01:06] [main/DEBUG] [os.ut.FileUtil/]: Reading file /sys/devices/system/cpu/cpu14/cache/index3/ways_of_associativity
[16:01:06] [main/DEBUG] [os.ut.FileUtil/]: Reading file /sys/devices/system/cpu/cpu14/cache/index3/ways_of_associativity
[16:01:06] [main/DEBUG] [os.ut.FileUtil/]: Reading file /sys/devices/system/cpu/cpu14/cache/index3/coherency_line_size
[16:01:06] [main/DEBUG] [os.ut.FileUtil/]: Reading file /sys/devices/system/cpu/cpu14/cache/index3/coherency_line_size
[16:01:06] [main/DEBUG] [os.ut.FileUtil/]: Reading file /sys/devices/system/cpu/cpu14/cache/index3/size
[16:01:06] [main/DEBUG] [os.ut.FileUtil/]: Reading file /sys/devices/system/cpu/cpu14/cache/index3/size
[16:01:06] [main/DEBUG] [os.ut.FileUtil/]: Reading file /sys/devices/system/cpu/cpu14/cache/index1/level
[16:01:06] [main/DEBUG] [os.ut.FileUtil/]: Reading file /sys/devices/system/cpu/cpu14/cache/index1/level
[16:01:06] [main/DEBUG] [os.ut.FileUtil/]: Reading file /sys/devices/system/cpu/cpu14/cache/index1/type
[16:01:06] [main/DEBUG] [os.ut.FileUtil/]: Reading file /sys/devices/system/cpu/cpu14/cache/index1/type
[16:01:06] [main/DEBUG] [os.ut.FileUtil/]: Reading file /sys/devices/system/cpu/cpu14/cache/index1/ways_of_associativity
[16:01:06] [main/DEBUG] [os.ut.FileUtil/]: Reading file /sys/devices/system/cpu/cpu14/cache/index1/ways_of_associativity
[16:01:06] [main/DEBUG] [os.ut.FileUtil/]: Reading file /sys/devices/system/cpu/cpu14/cache/index1/coherency_line_size
[16:01:06] [main/DEBUG] [os.ut.FileUtil/]: Reading file /sys/devices/system/cpu/cpu14/cache/index1/coherency_line_size
[16:01:06] [main/DEBUG] [os.ut.FileUtil/]: Reading file /sys/devices/system/cpu/cpu14/cache/index1/size
[16:01:06] [main/DEBUG] [os.ut.FileUtil/]: Reading file /sys/devices/system/cpu/cpu14/cache/index1/size
[16:01:06] [main/DEBUG] [os.ut.FileUtil/]: Reading file /sys/devices/system/cpu/cpu15/topology/core_id
[16:01:06] [main/DEBUG] [os.ut.FileUtil/]: Reading file /sys/devices/system/cpu/cpu15/topology/core_id
[16:01:06] [main/DEBUG] [os.ut.FileUtil/]: Reading file /sys/devices/system/cpu/cpu15/topology/physical_package_id
[16:01:06] [main/DEBUG] [os.ut.FileUtil/]: Reading file /sys/devices/system/cpu/cpu15/topology/physical_package_id
[16:01:06] [main/DEBUG] [os.ut.FileUtil/]: Reading file /sys/devices/system/cpu/cpu15/cpu_capacity
[16:01:06] [main/DEBUG] [os.ut.FileUtil/]: Reading file /sys/devices/system/cpu/cpu15/cache/index2/level
[16:01:06] [main/DEBUG] [os.ut.FileUtil/]: Reading file /sys/devices/system/cpu/cpu15/cache/index2/level
[16:01:06] [main/DEBUG] [os.ut.FileUtil/]: Reading file /sys/devices/system/cpu/cpu15/cache/index2/type
[16:01:06] [main/DEBUG] [os.ut.FileUtil/]: Reading file /sys/devices/system/cpu/cpu15/cache/index2/type
[16:01:06] [main/DEBUG] [os.ut.FileUtil/]: Reading file /sys/devices/system/cpu/cpu15/cache/index2/ways_of_associativity
[16:01:06] [main/DEBUG] [os.ut.FileUtil/]: Reading file /sys/devices/system/cpu/cpu15/cache/index2/ways_of_associativity
[16:01:06] [main/DEBUG] [os.ut.FileUtil/]: Reading file /sys/devices/system/cpu/cpu15/cache/index2/coherency_line_size
[16:01:06] [main/DEBUG] [os.ut.FileUtil/]: Reading file /sys/devices/system/cpu/cpu15/cache/index2/coherency_line_size
[16:01:06] [main/DEBUG] [os.ut.FileUtil/]: Reading file /sys/devices/system/cpu/cpu15/cache/index2/size
[16:01:06] [main/DEBUG] [os.ut.FileUtil/]: Reading file /sys/devices/system/cpu/cpu15/cache/index2/size
[16:01:06] [main/DEBUG] [os.ut.FileUtil/]: Reading file /sys/devices/system/cpu/cpu15/cache/index0/level
[16:01:06] [main/DEBUG] [os.ut.FileUtil/]: Reading file /sys/devices/system/cpu/cpu15/cache/index0/level
[16:01:06] [main/DEBUG] [os.ut.FileUtil/]: Reading file /sys/devices/system/cpu/cpu15/cache/index0/type
[16:01:06] [main/DEBUG] [os.ut.FileUtil/]: Reading file /sys/devices/system/cpu/cpu15/cache/index0/type
[16:01:06] [main/DEBUG] [os.ut.FileUtil/]: Reading file /sys/devices/system/cpu/cpu15/cache/index0/ways_of_associativity
[16:01:06] [main/DEBUG] [os.ut.FileUtil/]: Reading file /sys/devices/system/cpu/cpu15/cache/index0/ways_of_associativity
[16:01:06] [main/DEBUG] [os.ut.FileUtil/]: Reading file /sys/devices/system/cpu/cpu15/cache/index0/coherency_line_size
[16:01:06] [main/DEBUG] [os.ut.FileUtil/]: Reading file /sys/devices/system/cpu/cpu15/cache/index0/coherency_line_size
[16:01:06] [main/DEBUG] [os.ut.FileUtil/]: Reading file /sys/devices/system/cpu/cpu15/cache/index0/size
[16:01:06] [main/DEBUG] [os.ut.FileUtil/]: Reading file /sys/devices/system/cpu/cpu15/cache/index0/size
[16:01:06] [main/DEBUG] [os.ut.FileUtil/]: Reading file /sys/devices/system/cpu/cpu15/cache/index3/level
[16:01:06] [main/DEBUG] [os.ut.FileUtil/]: Reading file /sys/devices/system/cpu/cpu15/cache/index3/level
[16:01:06] [main/DEBUG] [os.ut.FileUtil/]: Reading file /sys/devices/system/cpu/cpu15/cache/index3/type
[16:01:06] [main/DEBUG] [os.ut.FileUtil/]: Reading file /sys/devices/system/cpu/cpu15/cache/index3/type
[16:01:06] [main/DEBUG] [os.ut.FileUtil/]: Reading file /sys/devices/system/cpu/cpu15/cache/index3/ways_of_associativity
[16:01:06] [main/DEBUG] [os.ut.FileUtil/]: Reading file /sys/devices/system/cpu/cpu15/cache/index3/ways_of_associativity
[16:01:06] [main/DEBUG] [os.ut.FileUtil/]: Reading file /sys/devices/system/cpu/cpu15/cache/index3/coherency_line_size
[16:01:06] [main/DEBUG] [os.ut.FileUtil/]: Reading file /sys/devices/system/cpu/cpu15/cache/index3/coherency_line_size
[16:01:06] [main/DEBUG] [os.ut.FileUtil/]: Reading file /sys/devices/system/cpu/cpu15/cache/index3/size
[16:01:06] [main/DEBUG] [os.ut.FileUtil/]: Reading file /sys/devices/system/cpu/cpu15/cache/index3/size
[16:01:06] [main/DEBUG] [os.ut.FileUtil/]: Reading file /sys/devices/system/cpu/cpu15/cache/index1/level
[16:01:06] [main/DEBUG] [os.ut.FileUtil/]: Reading file /sys/devices/system/cpu/cpu15/cache/index1/level
[16:01:06] [main/DEBUG] [os.ut.FileUtil/]: Reading file /sys/devices/system/cpu/cpu15/cache/index1/type
[16:01:06] [main/DEBUG] [os.ut.FileUtil/]: Reading file /sys/devices/system/cpu/cpu15/cache/index1/type
[16:01:06] [main/DEBUG] [os.ut.FileUtil/]: Reading file /sys/devices/system/cpu/cpu15/cache/index1/ways_of_associativity
[16:01:06] [main/DEBUG] [os.ut.FileUtil/]: Reading file /sys/devices/system/cpu/cpu15/cache/index1/ways_of_associativity
[16:01:06] [main/DEBUG] [os.ut.FileUtil/]: Reading file /sys/devices/system/cpu/cpu15/cache/index1/coherency_line_size
[16:01:06] [main/DEBUG] [os.ut.FileUtil/]: Reading file /sys/devices/system/cpu/cpu15/cache/index1/coherency_line_size
[16:01:06] [main/DEBUG] [os.ut.FileUtil/]: Reading file /sys/devices/system/cpu/cpu15/cache/index1/size
[16:01:06] [main/DEBUG] [os.ut.FileUtil/]: Reading file /sys/devices/system/cpu/cpu15/cache/index1/size
[16:01:06] [main/DEBUG] [os.ut.FileUtil/]: Reading file /sys/devices/system/cpu/cpu2/topology/core_id
[16:01:06] [main/DEBUG] [os.ut.FileUtil/]: Reading file /sys/devices/system/cpu/cpu2/topology/core_id
[16:01:06] [main/DEBUG] [os.ut.FileUtil/]: Reading file /sys/devices/system/cpu/cpu2/topology/physical_package_id
[16:01:06] [main/DEBUG] [os.ut.FileUtil/]: Reading file /sys/devices/system/cpu/cpu2/topology/physical_package_id
[16:01:06] [main/DEBUG] [os.ut.FileUtil/]: Reading file /sys/devices/system/cpu/cpu2/cpu_capacity
[16:01:06] [main/DEBUG] [os.ut.FileUtil/]: Reading file /sys/devices/system/cpu/cpu2/cache/index2/level
[16:01:06] [main/DEBUG] [os.ut.FileUtil/]: Reading file /sys/devices/system/cpu/cpu2/cache/index2/level
[16:01:06] [main/DEBUG] [os.ut.FileUtil/]: Reading file /sys/devices/system/cpu/cpu2/cache/index2/type
[16:01:06] [main/DEBUG] [os.ut.FileUtil/]: Reading file /sys/devices/system/cpu/cpu2/cache/index2/type
[16:01:06] [main/DEBUG] [os.ut.FileUtil/]: Reading file /sys/devices/system/cpu/cpu2/cache/index2/ways_of_associativity
[16:01:06] [main/DEBUG] [os.ut.FileUtil/]: Reading file /sys/devices/system/cpu/cpu2/cache/index2/ways_of_associativity
[16:01:06] [main/DEBUG] [os.ut.FileUtil/]: Reading file /sys/devices/system/cpu/cpu2/cache/index2/coherency_line_size
[16:01:06] [main/DEBUG] [os.ut.FileUtil/]: Reading file /sys/devices/system/cpu/cpu2/cache/index2/coherency_line_size
[16:01:06] [main/DEBUG] [os.ut.FileUtil/]: Reading file /sys/devices/system/cpu/cpu2/cache/index2/size
[16:01:06] [main/DEBUG] [os.ut.FileUtil/]: Reading file /sys/devices/system/cpu/cpu2/cache/index2/size
[16:01:06] [main/DEBUG] [os.ut.FileUtil/]: Reading file /sys/devices/system/cpu/cpu2/cache/index0/level
[16:01:06] [main/DEBUG] [os.ut.FileUtil/]: Reading file /sys/devices/system/cpu/cpu2/cache/index0/level
[16:01:06] [main/DEBUG] [os.ut.FileUtil/]: Reading file /sys/devices/system/cpu/cpu2/cache/index0/type
[16:01:06] [main/DEBUG] [os.ut.FileUtil/]: Reading file /sys/devices/system/cpu/cpu2/cache/index0/type
[16:01:06] [main/DEBUG] [os.ut.FileUtil/]: Reading file /sys/devices/system/cpu/cpu2/cache/index0/ways_of_associativity
[16:01:06] [main/DEBUG] [os.ut.FileUtil/]: Reading file /sys/devices/system/cpu/cpu2/cache/index0/ways_of_associativity
[16:01:06] [main/DEBUG] [os.ut.FileUtil/]: Reading file /sys/devices/system/cpu/cpu2/cache/index0/coherency_line_size
[16:01:06] [main/DEBUG] [os.ut.FileUtil/]: Reading file /sys/devices/system/cpu/cpu2/cache/index0/coherency_line_size
[16:01:06] [main/DEBUG] [os.ut.FileUtil/]: Reading file /sys/devices/system/cpu/cpu2/cache/index0/size
[16:01:06] [main/DEBUG] [os.ut.FileUtil/]: Reading file /sys/devices/system/cpu/cpu2/cache/index0/size
[16:01:06] [main/DEBUG] [os.ut.FileUtil/]: Reading file /sys/devices/system/cpu/cpu2/cache/index3/level
[16:01:06] [main/DEBUG] [os.ut.FileUtil/]: Reading file /sys/devices/system/cpu/cpu2/cache/index3/level
[16:01:06] [main/DEBUG] [os.ut.FileUtil/]: Reading file /sys/devices/system/cpu/cpu2/cache/index3/type
[16:01:06] [main/DEBUG] [os.ut.FileUtil/]: Reading file /sys/devices/system/cpu/cpu2/cache/index3/type
[16:01:06] [main/DEBUG] [os.ut.FileUtil/]: Reading file /sys/devices/system/cpu/cpu2/cache/index3/ways_of_associativity
[16:01:06] [main/DEBUG] [os.ut.FileUtil/]: Reading file /sys/devices/system/cpu/cpu2/cache/index3/ways_of_associativity
[16:01:06] [main/DEBUG] [os.ut.FileUtil/]: Reading file /sys/devices/system/cpu/cpu2/cache/index3/coherency_line_size
[16:01:06] [main/DEBUG] [os.ut.FileUtil/]: Reading file /sys/devices/system/cpu/cpu2/cache/index3/coherency_line_size
[16:01:06] [main/DEBUG] [os.ut.FileUtil/]: Reading file /sys/devices/system/cpu/cpu2/cache/index3/size
[16:01:06] [main/DEBUG] [os.ut.FileUtil/]: Reading file /sys/devices/system/cpu/cpu2/cache/index3/size
[16:01:06] [main/DEBUG] [os.ut.FileUtil/]: Reading file /sys/devices/system/cpu/cpu2/cache/index1/level
[16:01:06] [main/DEBUG] [os.ut.FileUtil/]: Reading file /sys/devices/system/cpu/cpu2/cache/index1/level
[16:01:06] [main/DEBUG] [os.ut.FileUtil/]: Reading file /sys/devices/system/cpu/cpu2/cache/index1/type
[16:01:06] [main/DEBUG] [os.ut.FileUtil/]: Reading file /sys/devices/system/cpu/cpu2/cache/index1/type
[16:01:06] [main/DEBUG] [os.ut.FileUtil/]: Reading file /sys/devices/system/cpu/cpu2/cache/index1/ways_of_associativity
[16:01:06] [main/DEBUG] [os.ut.FileUtil/]: Reading file /sys/devices/system/cpu/cpu2/cache/index1/ways_of_associativity
[16:01:06] [main/DEBUG] [os.ut.FileUtil/]: Reading file /sys/devices/system/cpu/cpu2/cache/index1/coherency_line_size
[16:01:06] [main/DEBUG] [os.ut.FileUtil/]: Reading file /sys/devices/system/cpu/cpu2/cache/index1/coherency_line_size
[16:01:06] [main/DEBUG] [os.ut.FileUtil/]: Reading file /sys/devices/system/cpu/cpu2/cache/index1/size
[16:01:06] [main/DEBUG] [os.ut.FileUtil/]: Reading file /sys/devices/system/cpu/cpu2/cache/index1/size
[16:01:06] [main/DEBUG] [os.ut.FileUtil/]: Reading file /sys/devices/system/cpu/cpu3/topology/core_id
[16:01:06] [main/DEBUG] [os.ut.FileUtil/]: Reading file /sys/devices/system/cpu/cpu3/topology/core_id
[16:01:06] [main/DEBUG] [os.ut.FileUtil/]: Reading file /sys/devices/system/cpu/cpu3/topology/physical_package_id
[16:01:06] [main/DEBUG] [os.ut.FileUtil/]: Reading file /sys/devices/system/cpu/cpu3/topology/physical_package_id
[16:01:06] [main/DEBUG] [os.ut.FileUtil/]: Reading file /sys/devices/system/cpu/cpu3/cpu_capacity
[16:01:06] [main/DEBUG] [os.ut.FileUtil/]: Reading file /sys/devices/system/cpu/cpu3/cache/index2/level
[16:01:06] [main/DEBUG] [os.ut.FileUtil/]: Reading file /sys/devices/system/cpu/cpu3/cache/index2/level
[16:01:06] [main/DEBUG] [os.ut.FileUtil/]: Reading file /sys/devices/system/cpu/cpu3/cache/index2/type
[16:01:06] [main/DEBUG] [os.ut.FileUtil/]: Reading file /sys/devices/system/cpu/cpu3/cache/index2/type
[16:01:06] [main/DEBUG] [os.ut.FileUtil/]: Reading file /sys/devices/system/cpu/cpu3/cache/index2/ways_of_associativity
[16:01:06] [main/DEBUG] [os.ut.FileUtil/]: Reading file /sys/devices/system/cpu/cpu3/cache/index2/ways_of_associativity
[16:01:06] [main/DEBUG] [os.ut.FileUtil/]: Reading file /sys/devices/system/cpu/cpu3/cache/index2/coherency_line_size
[16:01:06] [main/DEBUG] [os.ut.FileUtil/]: Reading file /sys/devices/system/cpu/cpu3/cache/index2/coherency_line_size
[16:01:06] [main/DEBUG] [os.ut.FileUtil/]: Reading file /sys/devices/system/cpu/cpu3/cache/index2/size
[16:01:06] [main/DEBUG] [os.ut.FileUtil/]: Reading file /sys/devices/system/cpu/cpu3/cache/index2/size
[16:01:06] [main/DEBUG] [os.ut.FileUtil/]: Reading file /sys/devices/system/cpu/cpu3/cache/index0/level
[16:01:06] [main/DEBUG] [os.ut.FileUtil/]: Reading file /sys/devices/system/cpu/cpu3/cache/index0/level
[16:01:06] [main/DEBUG] [os.ut.FileUtil/]: Reading file /sys/devices/system/cpu/cpu3/cache/index0/type
[16:01:06] [main/DEBUG] [os.ut.FileUtil/]: Reading file /sys/devices/system/cpu/cpu3/cache/index0/type
[16:01:06] [main/DEBUG] [os.ut.FileUtil/]: Reading file /sys/devices/system/cpu/cpu3/cache/index0/ways_of_associativity
[16:01:06] [main/DEBUG] [os.ut.FileUtil/]: Reading file /sys/devices/system/cpu/cpu3/cache/index0/ways_of_associativity
[16:01:06] [main/DEBUG] [os.ut.FileUtil/]: Reading file /sys/devices/system/cpu/cpu3/cache/index0/coherency_line_size
[16:01:06] [main/DEBUG] [os.ut.FileUtil/]: Reading file /sys/devices/system/cpu/cpu3/cache/index0/coherency_line_size
[16:01:06] [main/DEBUG] [os.ut.FileUtil/]: Reading file /sys/devices/system/cpu/cpu3/cache/index0/size
[16:01:06] [main/DEBUG] [os.ut.FileUtil/]: Reading file /sys/devices/system/cpu/cpu3/cache/index0/size
[16:01:06] [main/DEBUG] [os.ut.FileUtil/]: Reading file /sys/devices/system/cpu/cpu3/cache/index3/level
[16:01:06] [main/DEBUG] [os.ut.FileUtil/]: Reading file /sys/devices/system/cpu/cpu3/cache/index3/level
[16:01:06] [main/DEBUG] [os.ut.FileUtil/]: Reading file /sys/devices/system/cpu/cpu3/cache/index3/type
[16:01:06] [main/DEBUG] [os.ut.FileUtil/]: Reading file /sys/devices/system/cpu/cpu3/cache/index3/type
[16:01:06] [main/DEBUG] [os.ut.FileUtil/]: Reading file /sys/devices/system/cpu/cpu3/cache/index3/ways_of_associativity
[16:01:06] [main/DEBUG] [os.ut.FileUtil/]: Reading file /sys/devices/system/cpu/cpu3/cache/index3/ways_of_associativity
[16:01:06] [main/DEBUG] [os.ut.FileUtil/]: Reading file /sys/devices/system/cpu/cpu3/cache/index3/coherency_line_size
[16:01:06] [main/DEBUG] [os.ut.FileUtil/]: Reading file /sys/devices/system/cpu/cpu3/cache/index3/coherency_line_size
[16:01:06] [main/DEBUG] [os.ut.FileUtil/]: Reading file /sys/devices/system/cpu/cpu3/cache/index3/size
[16:01:06] [main/DEBUG] [os.ut.FileUtil/]: Reading file /sys/devices/system/cpu/cpu3/cache/index3/size
[16:01:06] [main/DEBUG] [os.ut.FileUtil/]: Reading file /sys/devices/system/cpu/cpu3/cache/index1/level
[16:01:06] [main/DEBUG] [os.ut.FileUtil/]: Reading file /sys/devices/system/cpu/cpu3/cache/index1/level
[16:01:06] [main/DEBUG] [os.ut.FileUtil/]: Reading file /sys/devices/system/cpu/cpu3/cache/index1/type
[16:01:06] [main/DEBUG] [os.ut.FileUtil/]: Reading file /sys/devices/system/cpu/cpu3/cache/index1/type
[16:01:06] [main/DEBUG] [os.ut.FileUtil/]: Reading file /sys/devices/system/cpu/cpu3/cache/index1/ways_of_associativity
[16:01:06] [main/DEBUG] [os.ut.FileUtil/]: Reading file /sys/devices/system/cpu/cpu3/cache/index1/ways_of_associativity
[16:01:06] [main/DEBUG] [os.ut.FileUtil/]: Reading file /sys/devices/system/cpu/cpu3/cache/index1/coherency_line_size
[16:01:06] [main/DEBUG] [os.ut.FileUtil/]: Reading file /sys/devices/system/cpu/cpu3/cache/index1/coherency_line_size
[16:01:06] [main/DEBUG] [os.ut.FileUtil/]: Reading file /sys/devices/system/cpu/cpu3/cache/index1/size
[16:01:06] [main/DEBUG] [os.ut.FileUtil/]: Reading file /sys/devices/system/cpu/cpu3/cache/index1/size
[16:01:06] [main/DEBUG] [os.ut.FileUtil/]: Reading file /sys/devices/system/cpu/cpu4/topology/core_id
[16:01:06] [main/DEBUG] [os.ut.FileUtil/]: Reading file /sys/devices/system/cpu/cpu4/topology/core_id
[16:01:06] [main/DEBUG] [os.ut.FileUtil/]: Reading file /sys/devices/system/cpu/cpu4/topology/physical_package_id
[16:01:06] [main/DEBUG] [os.ut.FileUtil/]: Reading file /sys/devices/system/cpu/cpu4/topology/physical_package_id
[16:01:06] [main/DEBUG] [os.ut.FileUtil/]: Reading file /sys/devices/system/cpu/cpu4/cpu_capacity
[16:01:06] [main/DEBUG] [os.ut.FileUtil/]: Reading file /sys/devices/system/cpu/cpu4/cache/index2/level
[16:01:06] [main/DEBUG] [os.ut.FileUtil/]: Reading file /sys/devices/system/cpu/cpu4/cache/index2/level
[16:01:06] [main/DEBUG] [os.ut.FileUtil/]: Reading file /sys/devices/system/cpu/cpu4/cache/index2/type
[16:01:06] [main/DEBUG] [os.ut.FileUtil/]: Reading file /sys/devices/system/cpu/cpu4/cache/index2/type
[16:01:06] [main/DEBUG] [os.ut.FileUtil/]: Reading file /sys/devices/system/cpu/cpu4/cache/index2/ways_of_associativity
[16:01:06] [main/DEBUG] [os.ut.FileUtil/]: Reading file /sys/devices/system/cpu/cpu4/cache/index2/ways_of_associativity
[16:01:06] [main/DEBUG] [os.ut.FileUtil/]: Reading file /sys/devices/system/cpu/cpu4/cache/index2/coherency_line_size
[16:01:06] [main/DEBUG] [os.ut.FileUtil/]: Reading file /sys/devices/system/cpu/cpu4/cache/index2/coherency_line_size
[16:01:06] [main/DEBUG] [os.ut.FileUtil/]: Reading file /sys/devices/system/cpu/cpu4/cache/index2/size
[16:01:06] [main/DEBUG] [os.ut.FileUtil/]: Reading file /sys/devices/system/cpu/cpu4/cache/index2/size
[16:01:06] [main/DEBUG] [os.ut.FileUtil/]: Reading file /sys/devices/system/cpu/cpu4/cache/index0/level
[16:01:06] [main/DEBUG] [os.ut.FileUtil/]: Reading file /sys/devices/system/cpu/cpu4/cache/index0/level
[16:01:06] [main/DEBUG] [os.ut.FileUtil/]: Reading file /sys/devices/system/cpu/cpu4/cache/index0/type
[16:01:06] [main/DEBUG] [os.ut.FileUtil/]: Reading file /sys/devices/system/cpu/cpu4/cache/index0/type
[16:01:06] [main/DEBUG] [os.ut.FileUtil/]: Reading file /sys/devices/system/cpu/cpu4/cache/index0/ways_of_associativity
[16:01:06] [main/DEBUG] [os.ut.FileUtil/]: Reading file /sys/devices/system/cpu/cpu4/cache/index0/ways_of_associativity
[16:01:06] [main/DEBUG] [os.ut.FileUtil/]: Reading file /sys/devices/system/cpu/cpu4/cache/index0/coherency_line_size
[16:01:06] [main/DEBUG] [os.ut.FileUtil/]: Reading file /sys/devices/system/cpu/cpu4/cache/index0/coherency_line_size
[16:01:06] [main/DEBUG] [os.ut.FileUtil/]: Reading file /sys/devices/system/cpu/cpu4/cache/index0/size
[16:01:06] [main/DEBUG] [os.ut.FileUtil/]: Reading file /sys/devices/system/cpu/cpu4/cache/index0/size
[16:01:06] [main/DEBUG] [os.ut.FileUtil/]: Reading file /sys/devices/system/cpu/cpu4/cache/index3/level
[16:01:06] [main/DEBUG] [os.ut.FileUtil/]: Reading file /sys/devices/system/cpu/cpu4/cache/index3/level
[16:01:06] [main/DEBUG] [os.ut.FileUtil/]: Reading file /sys/devices/system/cpu/cpu4/cache/index3/type
[16:01:06] [main/DEBUG] [os.ut.FileUtil/]: Reading file /sys/devices/system/cpu/cpu4/cache/index3/type
[16:01:06] [main/DEBUG] [os.ut.FileUtil/]: Reading file /sys/devices/system/cpu/cpu4/cache/index3/ways_of_associativity
[16:01:06] [main/DEBUG] [os.ut.FileUtil/]: Reading file /sys/devices/system/cpu/cpu4/cache/index3/ways_of_associativity
[16:01:06] [main/DEBUG] [os.ut.FileUtil/]: Reading file /sys/devices/system/cpu/cpu4/cache/index3/coherency_line_size
[16:01:06] [main/DEBUG] [os.ut.FileUtil/]: Reading file /sys/devices/system/cpu/cpu4/cache/index3/coherency_line_size
[16:01:06] [main/DEBUG] [os.ut.FileUtil/]: Reading file /sys/devices/system/cpu/cpu4/cache/index3/size
[16:01:06] [main/DEBUG] [os.ut.FileUtil/]: Reading file /sys/devices/system/cpu/cpu4/cache/index3/size
[16:01:06] [main/DEBUG] [os.ut.FileUtil/]: Reading file /sys/devices/system/cpu/cpu4/cache/index1/level
[16:01:06] [main/DEBUG] [os.ut.FileUtil/]: Reading file /sys/devices/system/cpu/cpu4/cache/index1/level
[16:01:06] [main/DEBUG] [os.ut.FileUtil/]: Reading file /sys/devices/system/cpu/cpu4/cache/index1/type
[16:01:06] [main/DEBUG] [os.ut.FileUtil/]: Reading file /sys/devices/system/cpu/cpu4/cache/index1/type
[16:01:06] [main/DEBUG] [os.ut.FileUtil/]: Reading file /sys/devices/system/cpu/cpu4/cache/index1/ways_of_associativity
[16:01:06] [main/DEBUG] [os.ut.FileUtil/]: Reading file /sys/devices/system/cpu/cpu4/cache/index1/ways_of_associativity
[16:01:06] [main/DEBUG] [os.ut.FileUtil/]: Reading file /sys/devices/system/cpu/cpu4/cache/index1/coherency_line_size
[16:01:06] [main/DEBUG] [os.ut.FileUtil/]: Reading file /sys/devices/system/cpu/cpu4/cache/index1/coherency_line_size
[16:01:06] [main/DEBUG] [os.ut.FileUtil/]: Reading file /sys/devices/system/cpu/cpu4/cache/index1/size
[16:01:06] [main/DEBUG] [os.ut.FileUtil/]: Reading file /sys/devices/system/cpu/cpu4/cache/index1/size
[16:01:06] [main/DEBUG] [os.ut.FileUtil/]: Reading file /sys/devices/system/cpu/cpu5/topology/core_id
[16:01:06] [main/DEBUG] [os.ut.FileUtil/]: Reading file /sys/devices/system/cpu/cpu5/topology/core_id
[16:01:06] [main/DEBUG] [os.ut.FileUtil/]: Reading file /sys/devices/system/cpu/cpu5/topology/physical_package_id
[16:01:06] [main/DEBUG] [os.ut.FileUtil/]: Reading file /sys/devices/system/cpu/cpu5/topology/physical_package_id
[16:01:06] [main/DEBUG] [os.ut.FileUtil/]: Reading file /sys/devices/system/cpu/cpu5/cpu_capacity
[16:01:06] [main/DEBUG] [os.ut.FileUtil/]: Reading file /sys/devices/system/cpu/cpu5/cache/index2/level
[16:01:06] [main/DEBUG] [os.ut.FileUtil/]: Reading file /sys/devices/system/cpu/cpu5/cache/index2/level
[16:01:06] [main/DEBUG] [os.ut.FileUtil/]: Reading file /sys/devices/system/cpu/cpu5/cache/index2/type
[16:01:06] [main/DEBUG] [os.ut.FileUtil/]: Reading file /sys/devices/system/cpu/cpu5/cache/index2/type
[16:01:06] [main/DEBUG] [os.ut.FileUtil/]: Reading file /sys/devices/system/cpu/cpu5/cache/index2/ways_of_associativity
[16:01:06] [main/DEBUG] [os.ut.FileUtil/]: Reading file /sys/devices/system/cpu/cpu5/cache/index2/ways_of_associativity
[16:01:06] [main/DEBUG] [os.ut.FileUtil/]: Reading file /sys/devices/system/cpu/cpu5/cache/index2/coherency_line_size
[16:01:06] [main/DEBUG] [os.ut.FileUtil/]: Reading file /sys/devices/system/cpu/cpu5/cache/index2/coherency_line_size
[16:01:06] [main/DEBUG] [os.ut.FileUtil/]: Reading file /sys/devices/system/cpu/cpu5/cache/index2/size
[16:01:06] [main/DEBUG] [os.ut.FileUtil/]: Reading file /sys/devices/system/cpu/cpu5/cache/index2/size
[16:01:06] [main/DEBUG] [os.ut.FileUtil/]: Reading file /sys/devices/system/cpu/cpu5/cache/index0/level
[16:01:06] [main/DEBUG] [os.ut.FileUtil/]: Reading file /sys/devices/system/cpu/cpu5/cache/index0/level
[16:01:06] [main/DEBUG] [os.ut.FileUtil/]: Reading file /sys/devices/system/cpu/cpu5/cache/index0/type
[16:01:06] [main/DEBUG] [os.ut.FileUtil/]: Reading file /sys/devices/system/cpu/cpu5/cache/index0/type
[16:01:06] [main/DEBUG] [os.ut.FileUtil/]: Reading file /sys/devices/system/cpu/cpu5/cache/index0/ways_of_associativity
[16:01:06] [main/DEBUG] [os.ut.FileUtil/]: Reading file /sys/devices/system/cpu/cpu5/cache/index0/ways_of_associativity
[16:01:06] [main/DEBUG] [os.ut.FileUtil/]: Reading file /sys/devices/system/cpu/cpu5/cache/index0/coherency_line_size
[16:01:06] [main/DEBUG] [os.ut.FileUtil/]: Reading file /sys/devices/system/cpu/cpu5/cache/index0/coherency_line_size
[16:01:06] [main/DEBUG] [os.ut.FileUtil/]: Reading file /sys/devices/system/cpu/cpu5/cache/index0/size
[16:01:06] [main/DEBUG] [os.ut.FileUtil/]: Reading file /sys/devices/system/cpu/cpu5/cache/index0/size
[16:01:06] [main/DEBUG] [os.ut.FileUtil/]: Reading file /sys/devices/system/cpu/cpu5/cache/index3/level
[16:01:06] [main/DEBUG] [os.ut.FileUtil/]: Reading file /sys/devices/system/cpu/cpu5/cache/index3/level
[16:01:06] [main/DEBUG] [os.ut.FileUtil/]: Reading file /sys/devices/system/cpu/cpu5/cache/index3/type
[16:01:06] [main/DEBUG] [os.ut.FileUtil/]: Reading file /sys/devices/system/cpu/cpu5/cache/index3/type
[16:01:06] [main/DEBUG] [os.ut.FileUtil/]: Reading file /sys/devices/system/cpu/cpu5/cache/index3/ways_of_associativity
[16:01:06] [main/DEBUG] [os.ut.FileUtil/]: Reading file /sys/devices/system/cpu/cpu5/cache/index3/ways_of_associativity
[16:01:06] [main/DEBUG] [os.ut.FileUtil/]: Reading file /sys/devices/system/cpu/cpu5/cache/index3/coherency_line_size
[16:01:06] [main/DEBUG] [os.ut.FileUtil/]: Reading file /sys/devices/system/cpu/cpu5/cache/index3/coherency_line_size
[16:01:06] [main/DEBUG] [os.ut.FileUtil/]: Reading file /sys/devices/system/cpu/cpu5/cache/index3/size
[16:01:06] [main/DEBUG] [os.ut.FileUtil/]: Reading file /sys/devices/system/cpu/cpu5/cache/index3/size
[16:01:06] [main/DEBUG] [os.ut.FileUtil/]: Reading file /sys/devices/system/cpu/cpu5/cache/index1/level
[16:01:06] [main/DEBUG] [os.ut.FileUtil/]: Reading file /sys/devices/system/cpu/cpu5/cache/index1/level
[16:01:06] [main/DEBUG] [os.ut.FileUtil/]: Reading file /sys/devices/system/cpu/cpu5/cache/index1/type
[16:01:06] [main/DEBUG] [os.ut.FileUtil/]: Reading file /sys/devices/system/cpu/cpu5/cache/index1/type
[16:01:06] [main/DEBUG] [os.ut.FileUtil/]: Reading file /sys/devices/system/cpu/cpu5/cache/index1/ways_of_associativity
[16:01:06] [main/DEBUG] [os.ut.FileUtil/]: Reading file /sys/devices/system/cpu/cpu5/cache/index1/ways_of_associativity
[16:01:06] [main/DEBUG] [os.ut.FileUtil/]: Reading file /sys/devices/system/cpu/cpu5/cache/index1/coherency_line_size
[16:01:06] [main/DEBUG] [os.ut.FileUtil/]: Reading file /sys/devices/system/cpu/cpu5/cache/index1/coherency_line_size
[16:01:06] [main/DEBUG] [os.ut.FileUtil/]: Reading file /sys/devices/system/cpu/cpu5/cache/index1/size
[16:01:06] [main/DEBUG] [os.ut.FileUtil/]: Reading file /sys/devices/system/cpu/cpu5/cache/index1/size
[16:01:06] [main/DEBUG] [os.ut.FileUtil/]: Reading file /sys/devices/system/cpu/cpu6/topology/core_id
[16:01:06] [main/DEBUG] [os.ut.FileUtil/]: Reading file /sys/devices/system/cpu/cpu6/topology/core_id
[16:01:06] [main/DEBUG] [os.ut.FileUtil/]: Reading file /sys/devices/system/cpu/cpu6/topology/physical_package_id
[16:01:06] [main/DEBUG] [os.ut.FileUtil/]: Reading file /sys/devices/system/cpu/cpu6/topology/physical_package_id
[16:01:06] [main/DEBUG] [os.ut.FileUtil/]: Reading file /sys/devices/system/cpu/cpu6/cpu_capacity
[16:01:06] [main/DEBUG] [os.ut.FileUtil/]: Reading file /sys/devices/system/cpu/cpu6/cache/index2/level
[16:01:06] [main/DEBUG] [os.ut.FileUtil/]: Reading file /sys/devices/system/cpu/cpu6/cache/index2/level
[16:01:06] [main/DEBUG] [os.ut.FileUtil/]: Reading file /sys/devices/system/cpu/cpu6/cache/index2/type
[16:01:06] [main/DEBUG] [os.ut.FileUtil/]: Reading file /sys/devices/system/cpu/cpu6/cache/index2/type
[16:01:06] [main/DEBUG] [os.ut.FileUtil/]: Reading file /sys/devices/system/cpu/cpu6/cache/index2/ways_of_associativity
[16:01:06] [main/DEBUG] [os.ut.FileUtil/]: Reading file /sys/devices/system/cpu/cpu6/cache/index2/ways_of_associativity
[16:01:06] [main/DEBUG] [os.ut.FileUtil/]: Reading file /sys/devices/system/cpu/cpu6/cache/index2/coherency_line_size
[16:01:06] [main/DEBUG] [os.ut.FileUtil/]: Reading file /sys/devices/system/cpu/cpu6/cache/index2/coherency_line_size
[16:01:06] [main/DEBUG] [os.ut.FileUtil/]: Reading file /sys/devices/system/cpu/cpu6/cache/index2/size
[16:01:06] [main/DEBUG] [os.ut.FileUtil/]: Reading file /sys/devices/system/cpu/cpu6/cache/index2/size
[16:01:06] [main/DEBUG] [os.ut.FileUtil/]: Reading file /sys/devices/system/cpu/cpu6/cache/index0/level
[16:01:06] [main/DEBUG] [os.ut.FileUtil/]: Reading file /sys/devices/system/cpu/cpu6/cache/index0/level
[16:01:06] [main/DEBUG] [os.ut.FileUtil/]: Reading file /sys/devices/system/cpu/cpu6/cache/index0/type
[16:01:06] [main/DEBUG] [os.ut.FileUtil/]: Reading file /sys/devices/system/cpu/cpu6/cache/index0/type
[16:01:06] [main/DEBUG] [os.ut.FileUtil/]: Reading file /sys/devices/system/cpu/cpu6/cache/index0/ways_of_associativity
[16:01:06] [main/DEBUG] [os.ut.FileUtil/]: Reading file /sys/devices/system/cpu/cpu6/cache/index0/ways_of_associativity
[16:01:06] [main/DEBUG] [os.ut.FileUtil/]: Reading file /sys/devices/system/cpu/cpu6/cache/index0/coherency_line_size
[16:01:06] [main/DEBUG] [os.ut.FileUtil/]: Reading file /sys/devices/system/cpu/cpu6/cache/index0/coherency_line_size
[16:01:06] [main/DEBUG] [os.ut.FileUtil/]: Reading file /sys/devices/system/cpu/cpu6/cache/index0/size
[16:01:06] [main/DEBUG] [os.ut.FileUtil/]: Reading file /sys/devices/system/cpu/cpu6/cache/index0/size
[16:01:06] [main/DEBUG] [os.ut.FileUtil/]: Reading file /sys/devices/system/cpu/cpu6/cache/index3/level
[16:01:06] [main/DEBUG] [os.ut.FileUtil/]: Reading file /sys/devices/system/cpu/cpu6/cache/index3/level
[16:01:06] [main/DEBUG] [os.ut.FileUtil/]: Reading file /sys/devices/system/cpu/cpu6/cache/index3/type
[16:01:06] [main/DEBUG] [os.ut.FileUtil/]: Reading file /sys/devices/system/cpu/cpu6/cache/index3/type
[16:01:06] [main/DEBUG] [os.ut.FileUtil/]: Reading file /sys/devices/system/cpu/cpu6/cache/index3/ways_of_associativity
[16:01:06] [main/DEBUG] [os.ut.FileUtil/]: Reading file /sys/devices/system/cpu/cpu6/cache/index3/ways_of_associativity
[16:01:06] [main/DEBUG] [os.ut.FileUtil/]: Reading file /sys/devices/system/cpu/cpu6/cache/index3/coherency_line_size
[16:01:06] [main/DEBUG] [os.ut.FileUtil/]: Reading file /sys/devices/system/cpu/cpu6/cache/index3/coherency_line_size
[16:01:06] [main/DEBUG] [os.ut.FileUtil/]: Reading file /sys/devices/system/cpu/cpu6/cache/index3/size
[16:01:06] [main/DEBUG] [os.ut.FileUtil/]: Reading file /sys/devices/system/cpu/cpu6/cache/index3/size
[16:01:06] [main/DEBUG] [os.ut.FileUtil/]: Reading file /sys/devices/system/cpu/cpu6/cache/index1/level
[16:01:06] [main/DEBUG] [os.ut.FileUtil/]: Reading file /sys/devices/system/cpu/cpu6/cache/index1/level
[16:01:06] [main/DEBUG] [os.ut.FileUtil/]: Reading file /sys/devices/system/cpu/cpu6/cache/index1/type
[16:01:06] [main/DEBUG] [os.ut.FileUtil/]: Reading file /sys/devices/system/cpu/cpu6/cache/index1/type
[16:01:06] [main/DEBUG] [os.ut.FileUtil/]: Reading file /sys/devices/system/cpu/cpu6/cache/index1/ways_of_associativity
[16:01:06] [main/DEBUG] [os.ut.FileUtil/]: Reading file /sys/devices/system/cpu/cpu6/cache/index1/ways_of_associativity
[16:01:06] [main/DEBUG] [os.ut.FileUtil/]: Reading file /sys/devices/system/cpu/cpu6/cache/index1/coherency_line_size
[16:01:06] [main/DEBUG] [os.ut.FileUtil/]: Reading file /sys/devices/system/cpu/cpu6/cache/index1/coherency_line_size
[16:01:06] [main/DEBUG] [os.ut.FileUtil/]: Reading file /sys/devices/system/cpu/cpu6/cache/index1/size
[16:01:06] [main/DEBUG] [os.ut.FileUtil/]: Reading file /sys/devices/system/cpu/cpu6/cache/index1/size
[16:01:06] [main/DEBUG] [os.ut.FileUtil/]: Reading file /sys/devices/system/cpu/cpu7/topology/core_id
[16:01:06] [main/DEBUG] [os.ut.FileUtil/]: Reading file /sys/devices/system/cpu/cpu7/topology/core_id
[16:01:06] [main/DEBUG] [os.ut.FileUtil/]: Reading file /sys/devices/system/cpu/cpu7/topology/physical_package_id
[16:01:06] [main/DEBUG] [os.ut.FileUtil/]: Reading file /sys/devices/system/cpu/cpu7/topology/physical_package_id
[16:01:06] [main/DEBUG] [os.ut.FileUtil/]: Reading file /sys/devices/system/cpu/cpu7/cpu_capacity
[16:01:06] [main/DEBUG] [os.ut.FileUtil/]: Reading file /sys/devices/system/cpu/cpu7/cache/index2/level
[16:01:06] [main/DEBUG] [os.ut.FileUtil/]: Reading file /sys/devices/system/cpu/cpu7/cache/index2/level
[16:01:06] [main/DEBUG] [os.ut.FileUtil/]: Reading file /sys/devices/system/cpu/cpu7/cache/index2/type
[16:01:06] [main/DEBUG] [os.ut.FileUtil/]: Reading file /sys/devices/system/cpu/cpu7/cache/index2/type
[16:01:06] [main/DEBUG] [os.ut.FileUtil/]: Reading file /sys/devices/system/cpu/cpu7/cache/index2/ways_of_associativity
[16:01:06] [main/DEBUG] [os.ut.FileUtil/]: Reading file /sys/devices/system/cpu/cpu7/cache/index2/ways_of_associativity
[16:01:06] [main/DEBUG] [os.ut.FileUtil/]: Reading file /sys/devices/system/cpu/cpu7/cache/index2/coherency_line_size
[16:01:06] [main/DEBUG] [os.ut.FileUtil/]: Reading file /sys/devices/system/cpu/cpu7/cache/index2/coherency_line_size
[16:01:06] [main/DEBUG] [os.ut.FileUtil/]: Reading file /sys/devices/system/cpu/cpu7/cache/index2/size
[16:01:06] [main/DEBUG] [os.ut.FileUtil/]: Reading file /sys/devices/system/cpu/cpu7/cache/index2/size
[16:01:06] [main/DEBUG] [os.ut.FileUtil/]: Reading file /sys/devices/system/cpu/cpu7/cache/index0/level
[16:01:06] [main/DEBUG] [os.ut.FileUtil/]: Reading file /sys/devices/system/cpu/cpu7/cache/index0/level
[16:01:06] [main/DEBUG] [os.ut.FileUtil/]: Reading file /sys/devices/system/cpu/cpu7/cache/index0/type
[16:01:06] [main/DEBUG] [os.ut.FileUtil/]: Reading file /sys/devices/system/cpu/cpu7/cache/index0/type
[16:01:06] [main/DEBUG] [os.ut.FileUtil/]: Reading file /sys/devices/system/cpu/cpu7/cache/index0/ways_of_associativity
[16:01:06] [main/DEBUG] [os.ut.FileUtil/]: Reading file /sys/devices/system/cpu/cpu7/cache/index0/ways_of_associativity
[16:01:06] [main/DEBUG] [os.ut.FileUtil/]: Reading file /sys/devices/system/cpu/cpu7/cache/index0/coherency_line_size
[16:01:06] [main/DEBUG] [os.ut.FileUtil/]: Reading file /sys/devices/system/cpu/cpu7/cache/index0/coherency_line_size
[16:01:06] [main/DEBUG] [os.ut.FileUtil/]: Reading file /sys/devices/system/cpu/cpu7/cache/index0/size
[16:01:06] [main/DEBUG] [os.ut.FileUtil/]: Reading file /sys/devices/system/cpu/cpu7/cache/index0/size
[16:01:06] [main/DEBUG] [os.ut.FileUtil/]: Reading file /sys/devices/system/cpu/cpu7/cache/index3/level
[16:01:06] [main/DEBUG] [os.ut.FileUtil/]: Reading file /sys/devices/system/cpu/cpu7/cache/index3/level
[16:01:06] [main/DEBUG] [os.ut.FileUtil/]: Reading file /sys/devices/system/cpu/cpu7/cache/index3/type
[16:01:06] [main/DEBUG] [os.ut.FileUtil/]: Reading file /sys/devices/system/cpu/cpu7/cache/index3/type
[16:01:06] [main/DEBUG] [os.ut.FileUtil/]: Reading file /sys/devices/system/cpu/cpu7/cache/index3/ways_of_associativity
[16:01:06] [main/DEBUG] [os.ut.FileUtil/]: Reading file /sys/devices/system/cpu/cpu7/cache/index3/ways_of_associativity
[16:01:06] [main/DEBUG] [os.ut.FileUtil/]: Reading file /sys/devices/system/cpu/cpu7/cache/index3/coherency_line_size
[16:01:06] [main/DEBUG] [os.ut.FileUtil/]: Reading file /sys/devices/system/cpu/cpu7/cache/index3/coherency_line_size
[16:01:06] [main/DEBUG] [os.ut.FileUtil/]: Reading file /sys/devices/system/cpu/cpu7/cache/index3/size
[16:01:06] [main/DEBUG] [os.ut.FileUtil/]: Reading file /sys/devices/system/cpu/cpu7/cache/index3/size
[16:01:06] [main/DEBUG] [os.ut.FileUtil/]: Reading file /sys/devices/system/cpu/cpu7/cache/index1/level
[16:01:06] [main/DEBUG] [os.ut.FileUtil/]: Reading file /sys/devices/system/cpu/cpu7/cache/index1/level
[16:01:06] [main/DEBUG] [os.ut.FileUtil/]: Reading file /sys/devices/system/cpu/cpu7/cache/index1/type
[16:01:06] [main/DEBUG] [os.ut.FileUtil/]: Reading file /sys/devices/system/cpu/cpu7/cache/index1/type
[16:01:06] [main/DEBUG] [os.ut.FileUtil/]: Reading file /sys/devices/system/cpu/cpu7/cache/index1/ways_of_associativity
[16:01:06] [main/DEBUG] [os.ut.FileUtil/]: Reading file /sys/devices/system/cpu/cpu7/cache/index1/ways_of_associativity
[16:01:06] [main/DEBUG] [os.ut.FileUtil/]: Reading file /sys/devices/system/cpu/cpu7/cache/index1/coherency_line_size
[16:01:06] [main/DEBUG] [os.ut.FileUtil/]: Reading file /sys/devices/system/cpu/cpu7/cache/index1/coherency_line_size
[16:01:06] [main/DEBUG] [os.ut.FileUtil/]: Reading file /sys/devices/system/cpu/cpu7/cache/index1/size
[16:01:06] [main/DEBUG] [os.ut.FileUtil/]: Reading file /sys/devices/system/cpu/cpu7/cache/index1/size
[16:01:06] [main/DEBUG] [os.ut.FileUtil/]: Reading file /sys/devices/system/cpu/cpu8/topology/core_id
[16:01:06] [main/DEBUG] [os.ut.FileUtil/]: Reading file /sys/devices/system/cpu/cpu8/topology/core_id
[16:01:06] [main/DEBUG] [os.ut.FileUtil/]: Reading file /sys/devices/system/cpu/cpu8/topology/physical_package_id
[16:01:06] [main/DEBUG] [os.ut.FileUtil/]: Reading file /sys/devices/system/cpu/cpu8/topology/physical_package_id
[16:01:06] [main/DEBUG] [os.ut.FileUtil/]: Reading file /sys/devices/system/cpu/cpu8/cpu_capacity
[16:01:06] [main/DEBUG] [os.ut.FileUtil/]: Reading file /sys/devices/system/cpu/cpu8/cache/index2/level
[16:01:06] [main/DEBUG] [os.ut.FileUtil/]: Reading file /sys/devices/system/cpu/cpu8/cache/index2/level
[16:01:06] [main/DEBUG] [os.ut.FileUtil/]: Reading file /sys/devices/system/cpu/cpu8/cache/index2/type
[16:01:06] [main/DEBUG] [os.ut.FileUtil/]: Reading file /sys/devices/system/cpu/cpu8/cache/index2/type
[16:01:06] [main/DEBUG] [os.ut.FileUtil/]: Reading file /sys/devices/system/cpu/cpu8/cache/index2/ways_of_associativity
[16:01:06] [main/DEBUG] [os.ut.FileUtil/]: Reading file /sys/devices/system/cpu/cpu8/cache/index2/ways_of_associativity
[16:01:06] [main/DEBUG] [os.ut.FileUtil/]: Reading file /sys/devices/system/cpu/cpu8/cache/index2/coherency_line_size
[16:01:06] [main/DEBUG] [os.ut.FileUtil/]: Reading file /sys/devices/system/cpu/cpu8/cache/index2/coherency_line_size
[16:01:06] [main/DEBUG] [os.ut.FileUtil/]: Reading file /sys/devices/system/cpu/cpu8/cache/index2/size
[16:01:06] [main/DEBUG] [os.ut.FileUtil/]: Reading file /sys/devices/system/cpu/cpu8/cache/index2/size
[16:01:06] [main/DEBUG] [os.ut.FileUtil/]: Reading file /sys/devices/system/cpu/cpu8/cache/index0/level
[16:01:06] [main/DEBUG] [os.ut.FileUtil/]: Reading file /sys/devices/system/cpu/cpu8/cache/index0/level
[16:01:06] [main/DEBUG] [os.ut.FileUtil/]: Reading file /sys/devices/system/cpu/cpu8/cache/index0/type
[16:01:06] [main/DEBUG] [os.ut.FileUtil/]: Reading file /sys/devices/system/cpu/cpu8/cache/index0/type
[16:01:06] [main/DEBUG] [os.ut.FileUtil/]: Reading file /sys/devices/system/cpu/cpu8/cache/index0/ways_of_associativity
[16:01:06] [main/DEBUG] [os.ut.FileUtil/]: Reading file /sys/devices/system/cpu/cpu8/cache/index0/ways_of_associativity
[16:01:06] [main/DEBUG] [os.ut.FileUtil/]: Reading file /sys/devices/system/cpu/cpu8/cache/index0/coherency_line_size
[16:01:06] [main/DEBUG] [os.ut.FileUtil/]: Reading file /sys/devices/system/cpu/cpu8/cache/index0/coherency_line_size
[16:01:06] [main/DEBUG] [os.ut.FileUtil/]: Reading file /sys/devices/system/cpu/cpu8/cache/index0/size
[16:01:06] [main/DEBUG] [os.ut.FileUtil/]: Reading file /sys/devices/system/cpu/cpu8/cache/index0/size
[16:01:06] [main/DEBUG] [os.ut.FileUtil/]: Reading file /sys/devices/system/cpu/cpu8/cache/index3/level
[16:01:06] [main/DEBUG] [os.ut.FileUtil/]: Reading file /sys/devices/system/cpu/cpu8/cache/index3/level
[16:01:06] [main/DEBUG] [os.ut.FileUtil/]: Reading file /sys/devices/system/cpu/cpu8/cache/index3/type
[16:01:06] [main/DEBUG] [os.ut.FileUtil/]: Reading file /sys/devices/system/cpu/cpu8/cache/index3/type
[16:01:06] [main/DEBUG] [os.ut.FileUtil/]: Reading file /sys/devices/system/cpu/cpu8/cache/index3/ways_of_associativity
[16:01:06] [main/DEBUG] [os.ut.FileUtil/]: Reading file /sys/devices/system/cpu/cpu8/cache/index3/ways_of_associativity
[16:01:06] [main/DEBUG] [os.ut.FileUtil/]: Reading file /sys/devices/system/cpu/cpu8/cache/index3/coherency_line_size
[16:01:06] [main/DEBUG] [os.ut.FileUtil/]: Reading file /sys/devices/system/cpu/cpu8/cache/index3/coherency_line_size
[16:01:06] [main/DEBUG] [os.ut.FileUtil/]: Reading file /sys/devices/system/cpu/cpu8/cache/index3/size
[16:01:06] [main/DEBUG] [os.ut.FileUtil/]: Reading file /sys/devices/system/cpu/cpu8/cache/index3/size
[16:01:06] [main/DEBUG] [os.ut.FileUtil/]: Reading file /sys/devices/system/cpu/cpu8/cache/index1/level
[16:01:06] [main/DEBUG] [os.ut.FileUtil/]: Reading file /sys/devices/system/cpu/cpu8/cache/index1/level
[16:01:06] [main/DEBUG] [os.ut.FileUtil/]: Reading file /sys/devices/system/cpu/cpu8/cache/index1/type
[16:01:06] [main/DEBUG] [os.ut.FileUtil/]: Reading file /sys/devices/system/cpu/cpu8/cache/index1/type
[16:01:06] [main/DEBUG] [os.ut.FileUtil/]: Reading file /sys/devices/system/cpu/cpu8/cache/index1/ways_of_associativity
[16:01:06] [main/DEBUG] [os.ut.FileUtil/]: Reading file /sys/devices/system/cpu/cpu8/cache/index1/ways_of_associativity
[16:01:06] [main/DEBUG] [os.ut.FileUtil/]: Reading file /sys/devices/system/cpu/cpu8/cache/index1/coherency_line_size
[16:01:06] [main/DEBUG] [os.ut.FileUtil/]: Reading file /sys/devices/system/cpu/cpu8/cache/index1/coherency_line_size
[16:01:06] [main/DEBUG] [os.ut.FileUtil/]: Reading file /sys/devices/system/cpu/cpu8/cache/index1/size
[16:01:06] [main/DEBUG] [os.ut.FileUtil/]: Reading file /sys/devices/system/cpu/cpu8/cache/index1/size
[16:01:06] [main/DEBUG] [os.ut.FileUtil/]: Reading file /sys/devices/system/cpu/cpu9/topology/core_id
[16:01:06] [main/DEBUG] [os.ut.FileUtil/]: Reading file /sys/devices/system/cpu/cpu9/topology/core_id
[16:01:06] [main/DEBUG] [os.ut.FileUtil/]: Reading file /sys/devices/system/cpu/cpu9/topology/physical_package_id
[16:01:06] [main/DEBUG] [os.ut.FileUtil/]: Reading file /sys/devices/system/cpu/cpu9/topology/physical_package_id
[16:01:06] [main/DEBUG] [os.ut.FileUtil/]: Reading file /sys/devices/system/cpu/cpu9/cpu_capacity
[16:01:06] [main/DEBUG] [os.ut.FileUtil/]: Reading file /sys/devices/system/cpu/cpu9/cache/index2/level
[16:01:06] [main/DEBUG] [os.ut.FileUtil/]: Reading file /sys/devices/system/cpu/cpu9/cache/index2/level
[16:01:06] [main/DEBUG] [os.ut.FileUtil/]: Reading file /sys/devices/system/cpu/cpu9/cache/index2/type
[16:01:06] [main/DEBUG] [os.ut.FileUtil/]: Reading file /sys/devices/system/cpu/cpu9/cache/index2/type
[16:01:06] [main/DEBUG] [os.ut.FileUtil/]: Reading file /sys/devices/system/cpu/cpu9/cache/index2/ways_of_associativity
[16:01:06] [main/DEBUG] [os.ut.FileUtil/]: Reading file /sys/devices/system/cpu/cpu9/cache/index2/ways_of_associativity
[16:01:06] [main/DEBUG] [os.ut.FileUtil/]: Reading file /sys/devices/system/cpu/cpu9/cache/index2/coherency_line_size
[16:01:06] [main/DEBUG] [os.ut.FileUtil/]: Reading file /sys/devices/system/cpu/cpu9/cache/index2/coherency_line_size
[16:01:06] [main/DEBUG] [os.ut.FileUtil/]: Reading file /sys/devices/system/cpu/cpu9/cache/index2/size
[16:01:06] [main/DEBUG] [os.ut.FileUtil/]: Reading file /sys/devices/system/cpu/cpu9/cache/index2/size
[16:01:06] [main/DEBUG] [os.ut.FileUtil/]: Reading file /sys/devices/system/cpu/cpu9/cache/index0/level
[16:01:06] [main/DEBUG] [os.ut.FileUtil/]: Reading file /sys/devices/system/cpu/cpu9/cache/index0/level
[16:01:06] [main/DEBUG] [os.ut.FileUtil/]: Reading file /sys/devices/system/cpu/cpu9/cache/index0/type
[16:01:06] [main/DEBUG] [os.ut.FileUtil/]: Reading file /sys/devices/system/cpu/cpu9/cache/index0/type
[16:01:06] [main/DEBUG] [os.ut.FileUtil/]: Reading file /sys/devices/system/cpu/cpu9/cache/index0/ways_of_associativity
[16:01:06] [main/DEBUG] [os.ut.FileUtil/]: Reading file /sys/devices/system/cpu/cpu9/cache/index0/ways_of_associativity
[16:01:06] [main/DEBUG] [os.ut.FileUtil/]: Reading file /sys/devices/system/cpu/cpu9/cache/index0/coherency_line_size
[16:01:06] [main/DEBUG] [os.ut.FileUtil/]: Reading file /sys/devices/system/cpu/cpu9/cache/index0/coherency_line_size
[16:01:06] [main/DEBUG] [os.ut.FileUtil/]: Reading file /sys/devices/system/cpu/cpu9/cache/index0/size
[16:01:06] [main/DEBUG] [os.ut.FileUtil/]: Reading file /sys/devices/system/cpu/cpu9/cache/index0/size
[16:01:06] [main/DEBUG] [os.ut.FileUtil/]: Reading file /sys/devices/system/cpu/cpu9/cache/index3/level
[16:01:06] [main/DEBUG] [os.ut.FileUtil/]: Reading file /sys/devices/system/cpu/cpu9/cache/index3/level
[16:01:06] [main/DEBUG] [os.ut.FileUtil/]: Reading file /sys/devices/system/cpu/cpu9/cache/index3/type
[16:01:06] [main/DEBUG] [os.ut.FileUtil/]: Reading file /sys/devices/system/cpu/cpu9/cache/index3/type
[16:01:06] [main/DEBUG] [os.ut.FileUtil/]: Reading file /sys/devices/system/cpu/cpu9/cache/index3/ways_of_associativity
[16:01:06] [main/DEBUG] [os.ut.FileUtil/]: Reading file /sys/devices/system/cpu/cpu9/cache/index3/ways_of_associativity
[16:01:06] [main/DEBUG] [os.ut.FileUtil/]: Reading file /sys/devices/system/cpu/cpu9/cache/index3/coherency_line_size
[16:01:06] [main/DEBUG] [os.ut.FileUtil/]: Reading file /sys/devices/system/cpu/cpu9/cache/index3/coherency_line_size
[16:01:06] [main/DEBUG] [os.ut.FileUtil/]: Reading file /sys/devices/system/cpu/cpu9/cache/index3/size
[16:01:06] [main/DEBUG] [os.ut.FileUtil/]: Reading file /sys/devices/system/cpu/cpu9/cache/index3/size
[16:01:06] [main/DEBUG] [os.ut.FileUtil/]: Reading file /sys/devices/system/cpu/cpu9/cache/index1/level
[16:01:06] [main/DEBUG] [os.ut.FileUtil/]: Reading file /sys/devices/system/cpu/cpu9/cache/index1/level
[16:01:06] [main/DEBUG] [os.ut.FileUtil/]: Reading file /sys/devices/system/cpu/cpu9/cache/index1/type
[16:01:06] [main/DEBUG] [os.ut.FileUtil/]: Reading file /sys/devices/system/cpu/cpu9/cache/index1/type
[16:01:06] [main/DEBUG] [os.ut.FileUtil/]: Reading file /sys/devices/system/cpu/cpu9/cache/index1/ways_of_associativity
[16:01:06] [main/DEBUG] [os.ut.FileUtil/]: Reading file /sys/devices/system/cpu/cpu9/cache/index1/ways_of_associativity
[16:01:06] [main/DEBUG] [os.ut.FileUtil/]: Reading file /sys/devices/system/cpu/cpu9/cache/index1/coherency_line_size
[16:01:06] [main/DEBUG] [os.ut.FileUtil/]: Reading file /sys/devices/system/cpu/cpu9/cache/index1/coherency_line_size
[16:01:06] [main/DEBUG] [os.ut.FileUtil/]: Reading file /sys/devices/system/cpu/cpu9/cache/index1/size
[16:01:06] [main/DEBUG] [os.ut.FileUtil/]: Reading file /sys/devices/system/cpu/cpu9/cache/index1/size
[16:01:06] [main/DEBUG] [os.ut.FileUtil/]: Reading file /proc/cpuinfo
[16:01:07] [main/DEBUG] [os.ut.FileUtil/]: Reading file /proc/self/auxv
[16:01:07] [main/WARN] [os.ut.FileUtil/]: Configuration conflict: there is more than one oshi.architecture.properties file on the classpath: [jar:file:///home/seiya/.gradle/caches/modules-2/files-2.1/com.github.oshi/oshi-core/6.4.10/b1d8ab82d11d92fd639b56d639f8f46f739dd5fa/oshi-core-6.4.10.jar!/oshi.architecture.properties, jar:file:/home/seiya/.gradle/caches/modules-2/files-2.1/com.github.oshi/oshi-core/6.4.10/b1d8ab82d11d92fd639b56d639f8f46f739dd5fa/oshi-core-6.4.10.jar!/oshi.architecture.properties, jar:file:///home/seiya/.gradle/caches/modules-2/files-2.1/com.github.oshi/oshi-core/6.4.10/b1d8ab82d11d92fd639b56d639f8f46f739dd5fa/oshi-core-6.4.10.jar!/oshi.architecture.properties, jar:file:/home/seiya/.gradle/caches/modules-2/files-2.1/com.github.oshi/oshi-core/6.4.10/b1d8ab82d11d92fd639b56d639f8f46f739dd5fa/oshi-core-6.4.10.jar!/oshi.architecture.properties]
[16:01:07] [Datafixer Bootstrap/INFO] [mojang/DataFixerBuilder]: 226 Datafixer optimizations took 236 milliseconds
[16:01:07] [main/DEBUG] [os.ut.FileUtil/]: Reading file /proc/meminfo
[16:01:07] [main/DEBUG] [os.ut.FileUtil/]: Reading file /proc/meminfo
[16:01:07] [pool-5-thread-1/DEBUG] [ne.mi.co.tr.CoreModBaseTransformer/COREMOD]: Transforming net/minecraft/world/entity/EntityType
[16:01:07] [pool-5-thread-1/DEBUG] [ne.mi.co.tr.CoreModBaseTransformer/COREMOD]: Transforming net/minecraft/world/level/block/FlowerPotBlock
[16:01:07] [pool-5-thread-1/DEBUG] [ne.mi.co.tr.CoreModBaseTransformer/COREMOD]: Transforming net/minecraft/world/level/block/LiquidBlock
[16:01:07] [pool-5-thread-1/DEBUG] [ne.mi.co.tr.CoreModBaseTransformer/COREMOD]: Transforming net/minecraft/world/effect/MobEffectInstance
[16:01:08] [pool-5-thread-1/DEBUG] [ne.mi.co.tr.CoreModBaseTransformer/COREMOD]: Transforming net/minecraft/world/level/biome/Biome
[16:01:08] [pool-5-thread-1/DEBUG] [ne.mi.co.tr.CoreModBaseTransformer/COREMOD]: Transforming net/minecraft/world/entity/animal/frog/Tadpole
[16:01:08] [pool-5-thread-1/DEBUG] [ne.mi.co.tr.CoreModBaseTransformer/COREMOD]: Transforming net/minecraft/world/item/BucketItem
[16:01:08] [pool-5-thread-1/DEBUG] [ne.mi.co.tr.CoreModBaseTransformer/COREMOD]: Transforming net/minecraft/world/entity/monster/Spider
[16:01:08] [pool-5-thread-1/DEBUG] [ne.mi.co.tr.CoreModBaseTransformer/COREMOD]: Transforming net/minecraft/world/entity/monster/Zombie
[16:01:08] [pool-5-thread-1/DEBUG] [ne.mi.co.tr.CoreModBaseTransformer/COREMOD]: Transforming net/minecraft/world/entity/monster/ZombieVillager
[16:01:08] [pool-5-thread-1/DEBUG] [ne.mi.co.tr.CoreModBaseTransformer/COREMOD]: Transforming net/minecraft/world/entity/monster/Evoker$EvokerSummonSpellGoal
[16:01:09] [pool-5-thread-1/DEBUG] [ne.mi.co.tr.CoreModBaseTransformer/COREMOD]: Transforming net/minecraft/world/entity/animal/horse/SkeletonTrapGoal
[16:01:09] [pool-5-thread-1/DEBUG] [ne.mi.co.tr.CoreModBaseTransformer/COREMOD]: Transforming net/minecraft/world/entity/monster/Strider
[16:01:09] [pool-5-thread-1/DEBUG] [ne.mi.co.tr.CoreModBaseTransformer/COREMOD]: Transforming net/minecraft/world/entity/npc/Villager
[16:01:09] [pool-5-thread-1/DEBUG] [ne.mi.co.tr.CoreModBaseTransformer/COREMOD]: Transforming net/minecraft/world/level/levelgen/structure/structures/OceanRuinPieces$OceanRuinPiece
[16:01:09] [pool-5-thread-1/DEBUG] [ne.mi.co.tr.CoreModBaseTransformer/COREMOD]: Transforming net/minecraft/world/level/levelgen/structure/structures/SwampHutPiece
[16:01:09] [pool-5-thread-1/DEBUG] [ne.mi.co.tr.CoreModBaseTransformer/COREMOD]: Transforming net/minecraft/world/level/levelgen/structure/structures/OceanMonumentPieces$OceanMonumentPiece
[16:01:09] [pool-5-thread-1/DEBUG] [ne.mi.co.tr.CoreModBaseTransformer/COREMOD]: Transforming net/minecraft/world/level/levelgen/structure/structures/WoodlandMansionPieces$WoodlandMansionPiece
[16:01:10] [pool-5-thread-1/DEBUG] [ne.mi.re.GameData/REGISTRIES]: Creating vanilla freeze snapshot
[16:01:10] [pool-5-thread-1/DEBUG] [ne.mi.re.ForgeRegistry/REGISTRIES]: Registry minecraft:block Sync: VANILLA -> ACTIVE
[16:01:10] [pool-5-thread-1/DEBUG] [ne.mi.re.ForgeRegistry/REGISTRIES]: Registry minecraft:fluid Sync: VANILLA -> ACTIVE
[16:01:10] [pool-5-thread-1/DEBUG] [ne.mi.re.ForgeRegistry/REGISTRIES]: Registry minecraft:item Sync: VANILLA -> ACTIVE
[16:01:10] [pool-5-thread-1/DEBUG] [ne.mi.re.ForgeRegistry/REGISTRIES]: Registry minecraft:mob_effect Sync: VANILLA -> ACTIVE
[16:01:10] [pool-5-thread-1/DEBUG] [ne.mi.re.ForgeRegistry/REGISTRIES]: Registry minecraft:sound_event Sync: VANILLA -> ACTIVE
[16:01:10] [pool-5-thread-1/DEBUG] [ne.mi.re.ForgeRegistry/REGISTRIES]: Registry minecraft:potion Sync: VANILLA -> ACTIVE
[16:01:10] [pool-5-thread-1/DEBUG] [ne.mi.re.ForgeRegistry/REGISTRIES]: Registry minecraft:entity_type Sync: VANILLA -> ACTIVE
[16:01:10] [pool-5-thread-1/DEBUG] [ne.mi.re.ForgeRegistry/REGISTRIES]: Registry minecraft:block_entity_type Sync: VANILLA -> ACTIVE
[16:01:10] [pool-5-thread-1/DEBUG] [ne.mi.re.ForgeRegistry/REGISTRIES]: Registry minecraft:particle_type Sync: VANILLA -> ACTIVE
[16:01:10] [pool-5-thread-1/DEBUG] [ne.mi.re.ForgeRegistry/REGISTRIES]: Registry minecraft:menu Sync: VANILLA -> ACTIVE
[16:01:10] [pool-5-thread-1/DEBUG] [ne.mi.re.ForgeRegistry/REGISTRIES]: Registry minecraft:painting_variant Sync: VANILLA -> ACTIVE
[16:01:10] [pool-5-thread-1/DEBUG] [ne.mi.re.ForgeRegistry/REGISTRIES]: Registry minecraft:recipe_type Sync: VANILLA -> ACTIVE
[16:01:10] [pool-5-thread-1/DEBUG] [ne.mi.re.ForgeRegistry/REGISTRIES]: Registry minecraft:recipe_serializer Sync: VANILLA -> ACTIVE
[16:01:10] [pool-5-thread-1/DEBUG] [ne.mi.re.ForgeRegistry/REGISTRIES]: Registry minecraft:attribute Sync: VANILLA -> ACTIVE
[16:01:10] [pool-5-thread-1/DEBUG] [ne.mi.re.ForgeRegistry/REGISTRIES]: Registry minecraft:stat_type Sync: VANILLA -> ACTIVE
[16:01:10] [pool-5-thread-1/DEBUG] [ne.mi.re.ForgeRegistry/REGISTRIES]: Registry minecraft:command_argument_type Sync: VANILLA -> ACTIVE
[16:01:10] [pool-5-thread-1/DEBUG] [ne.mi.re.ForgeRegistry/REGISTRIES]: Registry minecraft:data_component_type Sync: VANILLA -> ACTIVE
[16:01:10] [pool-5-thread-1/DEBUG] [ne.mi.re.ForgeRegistry/REGISTRIES]: Registry minecraft:villager_profession Sync: VANILLA -> ACTIVE
[16:01:10] [pool-5-thread-1/DEBUG] [ne.mi.re.ForgeRegistry/REGISTRIES]: Registry minecraft:point_of_interest_type Sync: VANILLA -> ACTIVE
[16:01:10] [pool-5-thread-1/DEBUG] [ne.mi.re.ForgeRegistry/REGISTRIES]: Registry minecraft:memory_module_type Sync: VANILLA -> ACTIVE
[16:01:10] [pool-5-thread-1/DEBUG] [ne.mi.re.ForgeRegistry/REGISTRIES]: Registry minecraft:sensor_type Sync: VANILLA -> ACTIVE
[16:01:10] [pool-5-thread-1/DEBUG] [ne.mi.re.ForgeRegistry/REGISTRIES]: Registry minecraft:schedule Sync: VANILLA -> ACTIVE
[16:01:10] [pool-5-thread-1/DEBUG] [ne.mi.re.ForgeRegistry/REGISTRIES]: Registry minecraft:activity Sync: VANILLA -> ACTIVE
[16:01:10] [pool-5-thread-1/DEBUG] [ne.mi.re.ForgeRegistry/REGISTRIES]: Registry minecraft:worldgen/carver Sync: VANILLA -> ACTIVE
[16:01:10] [pool-5-thread-1/DEBUG] [ne.mi.re.ForgeRegistry/REGISTRIES]: Registry minecraft:worldgen/feature Sync: VANILLA -> ACTIVE
[16:01:10] [pool-5-thread-1/DEBUG] [ne.mi.re.ForgeRegistry/REGISTRIES]: Registry minecraft:chunk_status Sync: VANILLA -> ACTIVE
[16:01:10] [pool-5-thread-1/DEBUG] [ne.mi.re.ForgeRegistry/REGISTRIES]: Registry minecraft:worldgen/block_state_provider_type Sync: VANILLA -> ACTIVE
[16:01:10] [pool-5-thread-1/DEBUG] [ne.mi.re.ForgeRegistry/REGISTRIES]: Registry minecraft:worldgen/foliage_placer_type Sync: VANILLA -> ACTIVE
[16:01:10] [pool-5-thread-1/DEBUG] [ne.mi.re.ForgeRegistry/REGISTRIES]: Registry minecraft:worldgen/tree_decorator_type Sync: VANILLA -> ACTIVE
[16:01:10] [pool-5-thread-1/DEBUG] [ne.mi.re.ForgeRegistry/REGISTRIES]: Registry minecraft:worldgen/biome Sync: VANILLA -> ACTIVE
[16:01:10] [pool-5-thread-1/DEBUG] [ne.mi.re.GameData/REGISTRIES]: Vanilla freeze snapshot created
[16:01:10] [Render thread/WARN] [minecraft/VanillaPackResourcesBuilder]: Assets URL 'union:/home/seiya/.gradle/caches/forge_gradle/minecraft_user_repo/net/minecraftforge/forge/1.21.1-52.1.0_mapped_official_1.21.1/forge-1.21.1-52.1.0_mapped_official_1.21.1.jar%230!/assets/.mcassetsroot' uses unexpected schema
[16:01:10] [Render thread/WARN] [minecraft/VanillaPackResourcesBuilder]: Assets URL 'union:/home/seiya/.gradle/caches/forge_gradle/minecraft_user_repo/net/minecraftforge/forge/1.21.1-52.1.0_mapped_official_1.21.1/forge-1.21.1-52.1.0_mapped_official_1.21.1.jar%230!/data/.mcassetsroot' uses unexpected schema
[16:01:10] [Render thread/INFO] [mojang/YggdrasilAuthenticationService]: Environment: Environment[sessionHost=https://sessionserver.mojang.com, servicesHost=https://api.minecraftservices.com, name=PROD]
[16:01:10] [Render thread/INFO] [minecraft/Minecraft]: Setting user: Dev
[16:01:10] [Render thread/INFO] [minecraft/Minecraft]: Backend library: LWJGL version 3.3.3+5
[16:01:10] [Render thread/DEBUG] [os.ut.FileUtil/]: Reading file /sys/devices/system/cpu/cpu0/topology/core_id
[16:01:10] [Render thread/DEBUG] [os.ut.FileUtil/]: Reading file /sys/devices/system/cpu/cpu0/topology/core_id
[16:01:10] [Render thread/DEBUG] [os.ut.FileUtil/]: Reading file /sys/devices/system/cpu/cpu0/topology/physical_package_id
[16:01:10] [Render thread/DEBUG] [os.ut.FileUtil/]: Reading file /sys/devices/system/cpu/cpu0/topology/physical_package_id
[16:01:10] [Render thread/DEBUG] [os.ut.FileUtil/]: Reading file /sys/devices/system/cpu/cpu0/cpu_capacity
[16:01:10] [Render thread/DEBUG] [os.ut.FileUtil/]: Reading file /sys/devices/system/cpu/cpu0/cache/index2/level
[16:01:10] [Render thread/DEBUG] [os.ut.FileUtil/]: Reading file /sys/devices/system/cpu/cpu0/cache/index2/level
[16:01:10] [Render thread/DEBUG] [os.ut.FileUtil/]: Reading file /sys/devices/system/cpu/cpu0/cache/index2/type
[16:01:10] [Render thread/DEBUG] [os.ut.FileUtil/]: Reading file /sys/devices/system/cpu/cpu0/cache/index2/type
[16:01:10] [Render thread/DEBUG] [os.ut.FileUtil/]: Reading file /sys/devices/system/cpu/cpu0/cache/index2/ways_of_associativity
[16:01:10] [Render thread/DEBUG] [os.ut.FileUtil/]: Reading file /sys/devices/system/cpu/cpu0/cache/index2/ways_of_associativity
[16:01:10] [Render thread/DEBUG] [os.ut.FileUtil/]: Reading file /sys/devices/system/cpu/cpu0/cache/index2/coherency_line_size
[16:01:10] [Render thread/DEBUG] [os.ut.FileUtil/]: Reading file /sys/devices/system/cpu/cpu0/cache/index2/coherency_line_size
[16:01:10] [Render thread/DEBUG] [os.ut.FileUtil/]: Reading file /sys/devices/system/cpu/cpu0/cache/index2/size
[16:01:10] [Render thread/DEBUG] [os.ut.FileUtil/]: Reading file /sys/devices/system/cpu/cpu0/cache/index2/size
[16:01:10] [Render thread/DEBUG] [os.ut.FileUtil/]: Reading file /sys/devices/system/cpu/cpu0/cache/index0/level
[16:01:10] [Render thread/DEBUG] [os.ut.FileUtil/]: Reading file /sys/devices/system/cpu/cpu0/cache/index0/level
[16:01:10] [Render thread/DEBUG] [os.ut.FileUtil/]: Reading file /sys/devices/system/cpu/cpu0/cache/index0/type
[16:01:10] [Render thread/DEBUG] [os.ut.FileUtil/]: Reading file /sys/devices/system/cpu/cpu0/cache/index0/type
[16:01:10] [Render thread/DEBUG] [os.ut.FileUtil/]: Reading file /sys/devices/system/cpu/cpu0/cache/index0/ways_of_associativity
[16:01:10] [Render thread/DEBUG] [os.ut.FileUtil/]: Reading file /sys/devices/system/cpu/cpu0/cache/index0/ways_of_associativity
[16:01:10] [Render thread/DEBUG] [os.ut.FileUtil/]: Reading file /sys/devices/system/cpu/cpu0/cache/index0/coherency_line_size
[16:01:10] [Render thread/DEBUG] [os.ut.FileUtil/]: Reading file /sys/devices/system/cpu/cpu0/cache/index0/coherency_line_size
[16:01:10] [Render thread/DEBUG] [os.ut.FileUtil/]: Reading file /sys/devices/system/cpu/cpu0/cache/index0/size
[16:01:10] [Render thread/DEBUG] [os.ut.FileUtil/]: Reading file /sys/devices/system/cpu/cpu0/cache/index0/size
[16:01:10] [Render thread/DEBUG] [os.ut.FileUtil/]: Reading file /sys/devices/system/cpu/cpu0/cache/index3/level
[16:01:10] [Render thread/DEBUG] [os.ut.FileUtil/]: Reading file /sys/devices/system/cpu/cpu0/cache/index3/level
[16:01:10] [Render thread/DEBUG] [os.ut.FileUtil/]: Reading file /sys/devices/system/cpu/cpu0/cache/index3/type
[16:01:10] [Render thread/DEBUG] [os.ut.FileUtil/]: Reading file /sys/devices/system/cpu/cpu0/cache/index3/type
[16:01:10] [Render thread/DEBUG] [os.ut.FileUtil/]: Reading file /sys/devices/system/cpu/cpu0/cache/index3/ways_of_associativity
[16:01:10] [Render thread/DEBUG] [os.ut.FileUtil/]: Reading file /sys/devices/system/cpu/cpu0/cache/index3/ways_of_associativity
[16:01:10] [Render thread/DEBUG] [os.ut.FileUtil/]: Reading file /sys/devices/system/cpu/cpu0/cache/index3/coherency_line_size
[16:01:10] [Render thread/DEBUG] [os.ut.FileUtil/]: Reading file /sys/devices/system/cpu/cpu0/cache/index3/coherency_line_size
[16:01:10] [Render thread/DEBUG] [os.ut.FileUtil/]: Reading file /sys/devices/system/cpu/cpu0/cache/index3/size
[16:01:10] [Render thread/DEBUG] [os.ut.FileUtil/]: Reading file /sys/devices/system/cpu/cpu0/cache/index3/size
[16:01:10] [Render thread/DEBUG] [os.ut.FileUtil/]: Reading file /sys/devices/system/cpu/cpu0/cache/index1/level
[16:01:10] [Render thread/DEBUG] [os.ut.FileUtil/]: Reading file /sys/devices/system/cpu/cpu0/cache/index1/level
[16:01:10] [Render thread/DEBUG] [os.ut.FileUtil/]: Reading file /sys/devices/system/cpu/cpu0/cache/index1/type
[16:01:10] [Render thread/DEBUG] [os.ut.FileUtil/]: Reading file /sys/devices/system/cpu/cpu0/cache/index1/type
[16:01:10] [Render thread/DEBUG] [os.ut.FileUtil/]: Reading file /sys/devices/system/cpu/cpu0/cache/index1/ways_of_associativity
[16:01:10] [Render thread/DEBUG] [os.ut.FileUtil/]: Reading file /sys/devices/system/cpu/cpu0/cache/index1/ways_of_associativity
[16:01:10] [Render thread/DEBUG] [os.ut.FileUtil/]: Reading file /sys/devices/system/cpu/cpu0/cache/index1/coherency_line_size
[16:01:10] [Render thread/DEBUG] [os.ut.FileUtil/]: Reading file /sys/devices/system/cpu/cpu0/cache/index1/coherency_line_size
[16:01:10] [Render thread/DEBUG] [os.ut.FileUtil/]: Reading file /sys/devices/system/cpu/cpu0/cache/index1/size
[16:01:10] [Render thread/DEBUG] [os.ut.FileUtil/]: Reading file /sys/devices/system/cpu/cpu0/cache/index1/size
[16:01:10] [Render thread/DEBUG] [os.ut.FileUtil/]: Reading file /sys/devices/system/cpu/cpu1/topology/core_id
[16:01:10] [Render thread/DEBUG] [os.ut.FileUtil/]: Reading file /sys/devices/system/cpu/cpu1/topology/core_id
[16:01:10] [Render thread/DEBUG] [os.ut.FileUtil/]: Reading file /sys/devices/system/cpu/cpu1/topology/physical_package_id
[16:01:10] [Render thread/DEBUG] [os.ut.FileUtil/]: Reading file /sys/devices/system/cpu/cpu1/topology/physical_package_id
[16:01:10] [Render thread/DEBUG] [os.ut.FileUtil/]: Reading file /sys/devices/system/cpu/cpu1/cpu_capacity
[16:01:10] [Render thread/DEBUG] [os.ut.FileUtil/]: Reading file /sys/devices/system/cpu/cpu1/cache/index2/level
[16:01:10] [Render thread/DEBUG] [os.ut.FileUtil/]: Reading file /sys/devices/system/cpu/cpu1/cache/index2/level
[16:01:10] [Render thread/DEBUG] [os.ut.FileUtil/]: Reading file /sys/devices/system/cpu/cpu1/cache/index2/type
[16:01:10] [Render thread/DEBUG] [os.ut.FileUtil/]: Reading file /sys/devices/system/cpu/cpu1/cache/index2/type
[16:01:10] [Render thread/DEBUG] [os.ut.FileUtil/]: Reading file /sys/devices/system/cpu/cpu1/cache/index2/ways_of_associativity
[16:01:10] [Render thread/DEBUG] [os.ut.FileUtil/]: Reading file /sys/devices/system/cpu/cpu1/cache/index2/ways_of_associativity
[16:01:10] [Render thread/DEBUG] [os.ut.FileUtil/]: Reading file /sys/devices/system/cpu/cpu1/cache/index2/coherency_line_size
[16:01:10] [Render thread/DEBUG] [os.ut.FileUtil/]: Reading file /sys/devices/system/cpu/cpu1/cache/index2/coherency_line_size
[16:01:10] [Render thread/DEBUG] [os.ut.FileUtil/]: Reading file /sys/devices/system/cpu/cpu1/cache/index2/size
[16:01:10] [Render thread/DEBUG] [os.ut.FileUtil/]: Reading file /sys/devices/system/cpu/cpu1/cache/index2/size
[16:01:10] [Render thread/DEBUG] [os.ut.FileUtil/]: Reading file /sys/devices/system/cpu/cpu1/cache/index0/level
[16:01:10] [Render thread/DEBUG] [os.ut.FileUtil/]: Reading file /sys/devices/system/cpu/cpu1/cache/index0/level
[16:01:10] [Render thread/DEBUG] [os.ut.FileUtil/]: Reading file /sys/devices/system/cpu/cpu1/cache/index0/type
[16:01:10] [Render thread/DEBUG] [os.ut.FileUtil/]: Reading file /sys/devices/system/cpu/cpu1/cache/index0/type
[16:01:10] [Render thread/DEBUG] [os.ut.FileUtil/]: Reading file /sys/devices/system/cpu/cpu1/cache/index0/ways_of_associativity
[16:01:10] [Render thread/DEBUG] [os.ut.FileUtil/]: Reading file /sys/devices/system/cpu/cpu1/cache/index0/ways_of_associativity
[16:01:10] [Render thread/DEBUG] [os.ut.FileUtil/]: Reading file /sys/devices/system/cpu/cpu1/cache/index0/coherency_line_size
[16:01:10] [Render thread/DEBUG] [os.ut.FileUtil/]: Reading file /sys/devices/system/cpu/cpu1/cache/index0/coherency_line_size
[16:01:10] [Render thread/DEBUG] [os.ut.FileUtil/]: Reading file /sys/devices/system/cpu/cpu1/cache/index0/size
[16:01:10] [Render thread/DEBUG] [os.ut.FileUtil/]: Reading file /sys/devices/system/cpu/cpu1/cache/index0/size
[16:01:10] [Render thread/DEBUG] [os.ut.FileUtil/]: Reading file /sys/devices/system/cpu/cpu1/cache/index3/level
[16:01:10] [Render thread/DEBUG] [os.ut.FileUtil/]: Reading file /sys/devices/system/cpu/cpu1/cache/index3/level
[16:01:10] [Render thread/DEBUG] [os.ut.FileUtil/]: Reading file /sys/devices/system/cpu/cpu1/cache/index3/type
[16:01:10] [Render thread/DEBUG] [os.ut.FileUtil/]: Reading file /sys/devices/system/cpu/cpu1/cache/index3/type
[16:01:10] [Render thread/DEBUG] [os.ut.FileUtil/]: Reading file /sys/devices/system/cpu/cpu1/cache/index3/ways_of_associativity
[16:01:10] [Render thread/DEBUG] [os.ut.FileUtil/]: Reading file /sys/devices/system/cpu/cpu1/cache/index3/ways_of_associativity
[16:01:10] [Render thread/DEBUG] [os.ut.FileUtil/]: Reading file /sys/devices/system/cpu/cpu1/cache/index3/coherency_line_size
[16:01:10] [Render thread/DEBUG] [os.ut.FileUtil/]: Reading file /sys/devices/system/cpu/cpu1/cache/index3/coherency_line_size
[16:01:10] [Render thread/DEBUG] [os.ut.FileUtil/]: Reading file /sys/devices/system/cpu/cpu1/cache/index3/size
[16:01:10] [Render thread/DEBUG] [os.ut.FileUtil/]: Reading file /sys/devices/system/cpu/cpu1/cache/index3/size
[16:01:10] [Render thread/DEBUG] [os.ut.FileUtil/]: Reading file /sys/devices/system/cpu/cpu1/cache/index1/level
[16:01:10] [Render thread/DEBUG] [os.ut.FileUtil/]: Reading file /sys/devices/system/cpu/cpu1/cache/index1/level
[16:01:10] [Render thread/DEBUG] [os.ut.FileUtil/]: Reading file /sys/devices/system/cpu/cpu1/cache/index1/type
[16:01:10] [Render thread/DEBUG] [os.ut.FileUtil/]: Reading file /sys/devices/system/cpu/cpu1/cache/index1/type
[16:01:10] [Render thread/DEBUG] [os.ut.FileUtil/]: Reading file /sys/devices/system/cpu/cpu1/cache/index1/ways_of_associativity
[16:01:10] [Render thread/DEBUG] [os.ut.FileUtil/]: Reading file /sys/devices/system/cpu/cpu1/cache/index1/ways_of_associativity
[16:01:10] [Render thread/DEBUG] [os.ut.FileUtil/]: Reading file /sys/devices/system/cpu/cpu1/cache/index1/coherency_line_size
[16:01:10] [Render thread/DEBUG] [os.ut.FileUtil/]: Reading file /sys/devices/system/cpu/cpu1/cache/index1/coherency_line_size
[16:01:10] [Render thread/DEBUG] [os.ut.FileUtil/]: Reading file /sys/devices/system/cpu/cpu1/cache/index1/size
[16:01:10] [Render thread/DEBUG] [os.ut.FileUtil/]: Reading file /sys/devices/system/cpu/cpu1/cache/index1/size
[16:01:10] [Render thread/DEBUG] [os.ut.FileUtil/]: Reading file /sys/devices/system/cpu/cpu10/topology/core_id
[16:01:10] [Render thread/DEBUG] [os.ut.FileUtil/]: Reading file /sys/devices/system/cpu/cpu10/topology/core_id
[16:01:10] [Render thread/DEBUG] [os.ut.FileUtil/]: Reading file /sys/devices/system/cpu/cpu10/topology/physical_package_id
[16:01:10] [Render thread/DEBUG] [os.ut.FileUtil/]: Reading file /sys/devices/system/cpu/cpu10/topology/physical_package_id
[16:01:10] [Render thread/DEBUG] [os.ut.FileUtil/]: Reading file /sys/devices/system/cpu/cpu10/cpu_capacity
[16:01:10] [Render thread/DEBUG] [os.ut.FileUtil/]: Reading file /sys/devices/system/cpu/cpu10/cache/index2/level
[16:01:10] [Render thread/DEBUG] [os.ut.FileUtil/]: Reading file /sys/devices/system/cpu/cpu10/cache/index2/level
[16:01:10] [Render thread/DEBUG] [os.ut.FileUtil/]: Reading file /sys/devices/system/cpu/cpu10/cache/index2/type
[16:01:10] [Render thread/DEBUG] [os.ut.FileUtil/]: Reading file /sys/devices/system/cpu/cpu10/cache/index2/type
[16:01:10] [Render thread/DEBUG] [os.ut.FileUtil/]: Reading file /sys/devices/system/cpu/cpu10/cache/index2/ways_of_associativity
[16:01:10] [Render thread/DEBUG] [os.ut.FileUtil/]: Reading file /sys/devices/system/cpu/cpu10/cache/index2/ways_of_associativity
[16:01:10] [Render thread/DEBUG] [os.ut.FileUtil/]: Reading file /sys/devices/system/cpu/cpu10/cache/index2/coherency_line_size
[16:01:10] [Render thread/DEBUG] [os.ut.FileUtil/]: Reading file /sys/devices/system/cpu/cpu10/cache/index2/coherency_line_size
[16:01:10] [Render thread/DEBUG] [os.ut.FileUtil/]: Reading file /sys/devices/system/cpu/cpu10/cache/index2/size
[16:01:10] [Render thread/DEBUG] [os.ut.FileUtil/]: Reading file /sys/devices/system/cpu/cpu10/cache/index2/size
[16:01:10] [Render thread/DEBUG] [os.ut.FileUtil/]: Reading file /sys/devices/system/cpu/cpu10/cache/index0/level
[16:01:10] [Render thread/DEBUG] [os.ut.FileUtil/]: Reading file /sys/devices/system/cpu/cpu10/cache/index0/level
[16:01:10] [Render thread/DEBUG] [os.ut.FileUtil/]: Reading file /sys/devices/system/cpu/cpu10/cache/index0/type
[16:01:10] [Render thread/DEBUG] [os.ut.FileUtil/]: Reading file /sys/devices/system/cpu/cpu10/cache/index0/type
[16:01:10] [Render thread/DEBUG] [os.ut.FileUtil/]: Reading file /sys/devices/system/cpu/cpu10/cache/index0/ways_of_associativity
[16:01:10] [Render thread/DEBUG] [os.ut.FileUtil/]: Reading file /sys/devices/system/cpu/cpu10/cache/index0/ways_of_associativity
[16:01:10] [Render thread/DEBUG] [os.ut.FileUtil/]: Reading file /sys/devices/system/cpu/cpu10/cache/index0/coherency_line_size
[16:01:10] [Render thread/DEBUG] [os.ut.FileUtil/]: Reading file /sys/devices/system/cpu/cpu10/cache/index0/coherency_line_size
[16:01:10] [Render thread/DEBUG] [os.ut.FileUtil/]: Reading file /sys/devices/system/cpu/cpu10/cache/index0/size
[16:01:10] [Render thread/DEBUG] [os.ut.FileUtil/]: Reading file /sys/devices/system/cpu/cpu10/cache/index0/size
[16:01:10] [Render thread/DEBUG] [os.ut.FileUtil/]: Reading file /sys/devices/system/cpu/cpu10/cache/index3/level
[16:01:10] [Render thread/DEBUG] [os.ut.FileUtil/]: Reading file /sys/devices/system/cpu/cpu10/cache/index3/level
[16:01:10] [Render thread/DEBUG] [os.ut.FileUtil/]: Reading file /sys/devices/system/cpu/cpu10/cache/index3/type
[16:01:10] [Render thread/DEBUG] [os.ut.FileUtil/]: Reading file /sys/devices/system/cpu/cpu10/cache/index3/type
[16:01:10] [Render thread/DEBUG] [os.ut.FileUtil/]: Reading file /sys/devices/system/cpu/cpu10/cache/index3/ways_of_associativity
[16:01:10] [Render thread/DEBUG] [os.ut.FileUtil/]: Reading file /sys/devices/system/cpu/cpu10/cache/index3/ways_of_associativity
[16:01:10] [Render thread/DEBUG] [os.ut.FileUtil/]: Reading file /sys/devices/system/cpu/cpu10/cache/index3/coherency_line_size
[16:01:10] [Render thread/DEBUG] [os.ut.FileUtil/]: Reading file /sys/devices/system/cpu/cpu10/cache/index3/coherency_line_size
[16:01:10] [Render thread/DEBUG] [os.ut.FileUtil/]: Reading file /sys/devices/system/cpu/cpu10/cache/index3/size
[16:01:10] [Render thread/DEBUG] [os.ut.FileUtil/]: Reading file /sys/devices/system/cpu/cpu10/cache/index3/size
[16:01:10] [Render thread/DEBUG] [os.ut.FileUtil/]: Reading file /sys/devices/system/cpu/cpu10/cache/index1/level
[16:01:10] [Render thread/DEBUG] [os.ut.FileUtil/]: Reading file /sys/devices/system/cpu/cpu10/cache/index1/level
[16:01:10] [Render thread/DEBUG] [os.ut.FileUtil/]: Reading file /sys/devices/system/cpu/cpu10/cache/index1/type
[16:01:10] [Render thread/DEBUG] [os.ut.FileUtil/]: Reading file /sys/devices/system/cpu/cpu10/cache/index1/type
[16:01:10] [Render thread/DEBUG] [os.ut.FileUtil/]: Reading file /sys/devices/system/cpu/cpu10/cache/index1/ways_of_associativity
[16:01:10] [Render thread/DEBUG] [os.ut.FileUtil/]: Reading file /sys/devices/system/cpu/cpu10/cache/index1/ways_of_associativity
[16:01:10] [Render thread/DEBUG] [os.ut.FileUtil/]: Reading file /sys/devices/system/cpu/cpu10/cache/index1/coherency_line_size
[16:01:10] [Render thread/DEBUG] [os.ut.FileUtil/]: Reading file /sys/devices/system/cpu/cpu10/cache/index1/coherency_line_size
[16:01:10] [Render thread/DEBUG] [os.ut.FileUtil/]: Reading file /sys/devices/system/cpu/cpu10/cache/index1/size
[16:01:10] [Render thread/DEBUG] [os.ut.FileUtil/]: Reading file /sys/devices/system/cpu/cpu10/cache/index1/size
[16:01:10] [Render thread/DEBUG] [os.ut.FileUtil/]: Reading file /sys/devices/system/cpu/cpu11/topology/core_id
[16:01:10] [Render thread/DEBUG] [os.ut.FileUtil/]: Reading file /sys/devices/system/cpu/cpu11/topology/core_id
[16:01:10] [Render thread/DEBUG] [os.ut.FileUtil/]: Reading file /sys/devices/system/cpu/cpu11/topology/physical_package_id
[16:01:10] [Render thread/DEBUG] [os.ut.FileUtil/]: Reading file /sys/devices/system/cpu/cpu11/topology/physical_package_id
[16:01:10] [Render thread/DEBUG] [os.ut.FileUtil/]: Reading file /sys/devices/system/cpu/cpu11/cpu_capacity
[16:01:10] [Render thread/DEBUG] [os.ut.FileUtil/]: Reading file /sys/devices/system/cpu/cpu11/cache/index2/level
[16:01:10] [Render thread/DEBUG] [os.ut.FileUtil/]: Reading file /sys/devices/system/cpu/cpu11/cache/index2/level
[16:01:10] [Render thread/DEBUG] [os.ut.FileUtil/]: Reading file /sys/devices/system/cpu/cpu11/cache/index2/type
[16:01:10] [Render thread/DEBUG] [os.ut.FileUtil/]: Reading file /sys/devices/system/cpu/cpu11/cache/index2/type
[16:01:10] [Render thread/DEBUG] [os.ut.FileUtil/]: Reading file /sys/devices/system/cpu/cpu11/cache/index2/ways_of_associativity
[16:01:10] [Render thread/DEBUG] [os.ut.FileUtil/]: Reading file /sys/devices/system/cpu/cpu11/cache/index2/ways_of_associativity
[16:01:10] [Render thread/DEBUG] [os.ut.FileUtil/]: Reading file /sys/devices/system/cpu/cpu11/cache/index2/coherency_line_size
[16:01:10] [Render thread/DEBUG] [os.ut.FileUtil/]: Reading file /sys/devices/system/cpu/cpu11/cache/index2/coherency_line_size
[16:01:10] [Render thread/DEBUG] [os.ut.FileUtil/]: Reading file /sys/devices/system/cpu/cpu11/cache/index2/size
[16:01:10] [Render thread/DEBUG] [os.ut.FileUtil/]: Reading file /sys/devices/system/cpu/cpu11/cache/index2/size
[16:01:10] [Render thread/DEBUG] [os.ut.FileUtil/]: Reading file /sys/devices/system/cpu/cpu11/cache/index0/level
[16:01:10] [Render thread/DEBUG] [os.ut.FileUtil/]: Reading file /sys/devices/system/cpu/cpu11/cache/index0/level
[16:01:10] [Render thread/DEBUG] [os.ut.FileUtil/]: Reading file /sys/devices/system/cpu/cpu11/cache/index0/type
[16:01:10] [Render thread/DEBUG] [os.ut.FileUtil/]: Reading file /sys/devices/system/cpu/cpu11/cache/index0/type
[16:01:10] [Render thread/DEBUG] [os.ut.FileUtil/]: Reading file /sys/devices/system/cpu/cpu11/cache/index0/ways_of_associativity
[16:01:10] [Render thread/DEBUG] [os.ut.FileUtil/]: Reading file /sys/devices/system/cpu/cpu11/cache/index0/ways_of_associativity
[16:01:10] [Render thread/DEBUG] [os.ut.FileUtil/]: Reading file /sys/devices/system/cpu/cpu11/cache/index0/coherency_line_size
[16:01:10] [Render thread/DEBUG] [os.ut.FileUtil/]: Reading file /sys/devices/system/cpu/cpu11/cache/index0/coherency_line_size
[16:01:10] [Render thread/DEBUG] [os.ut.FileUtil/]: Reading file /sys/devices/system/cpu/cpu11/cache/index0/size
[16:01:10] [Render thread/DEBUG] [os.ut.FileUtil/]: Reading file /sys/devices/system/cpu/cpu11/cache/index0/size
[16:01:10] [Render thread/DEBUG] [os.ut.FileUtil/]: Reading file /sys/devices/system/cpu/cpu11/cache/index3/level
[16:01:10] [Render thread/DEBUG] [os.ut.FileUtil/]: Reading file /sys/devices/system/cpu/cpu11/cache/index3/level
[16:01:10] [Render thread/DEBUG] [os.ut.FileUtil/]: Reading file /sys/devices/system/cpu/cpu11/cache/index3/type
[16:01:10] [Render thread/DEBUG] [os.ut.FileUtil/]: Reading file /sys/devices/system/cpu/cpu11/cache/index3/type
[16:01:10] [Render thread/DEBUG] [os.ut.FileUtil/]: Reading file /sys/devices/system/cpu/cpu11/cache/index3/ways_of_associativity
[16:01:10] [Render thread/DEBUG] [os.ut.FileUtil/]: Reading file /sys/devices/system/cpu/cpu11/cache/index3/ways_of_associativity
[16:01:10] [Render thread/DEBUG] [os.ut.FileUtil/]: Reading file /sys/devices/system/cpu/cpu11/cache/index3/coherency_line_size
[16:01:10] [Render thread/DEBUG] [os.ut.FileUtil/]: Reading file /sys/devices/system/cpu/cpu11/cache/index3/coherency_line_size
[16:01:10] [Render thread/DEBUG] [os.ut.FileUtil/]: Reading file /sys/devices/system/cpu/cpu11/cache/index3/size
[16:01:10] [Render thread/DEBUG] [os.ut.FileUtil/]: Reading file /sys/devices/system/cpu/cpu11/cache/index3/size
[16:01:10] [Render thread/DEBUG] [os.ut.FileUtil/]: Reading file /sys/devices/system/cpu/cpu11/cache/index1/level
[16:01:10] [Render thread/DEBUG] [os.ut.FileUtil/]: Reading file /sys/devices/system/cpu/cpu11/cache/index1/level
[16:01:10] [Render thread/DEBUG] [os.ut.FileUtil/]: Reading file /sys/devices/system/cpu/cpu11/cache/index1/type
[16:01:10] [Render thread/DEBUG] [os.ut.FileUtil/]: Reading file /sys/devices/system/cpu/cpu11/cache/index1/type
[16:01:10] [Render thread/DEBUG] [os.ut.FileUtil/]: Reading file /sys/devices/system/cpu/cpu11/cache/index1/ways_of_associativity
[16:01:10] [Render thread/DEBUG] [os.ut.FileUtil/]: Reading file /sys/devices/system/cpu/cpu11/cache/index1/ways_of_associativity
[16:01:10] [Render thread/DEBUG] [os.ut.FileUtil/]: Reading file /sys/devices/system/cpu/cpu11/cache/index1/coherency_line_size
[16:01:10] [Render thread/DEBUG] [os.ut.FileUtil/]: Reading file /sys/devices/system/cpu/cpu11/cache/index1/coherency_line_size
[16:01:10] [Render thread/DEBUG] [os.ut.FileUtil/]: Reading file /sys/devices/system/cpu/cpu11/cache/index1/size
[16:01:10] [Render thread/DEBUG] [os.ut.FileUtil/]: Reading file /sys/devices/system/cpu/cpu11/cache/index1/size
[16:01:10] [Render thread/DEBUG] [os.ut.FileUtil/]: Reading file /sys/devices/system/cpu/cpu12/topology/core_id
[16:01:10] [Render thread/DEBUG] [os.ut.FileUtil/]: Reading file /sys/devices/system/cpu/cpu12/topology/core_id
[16:01:10] [Render thread/DEBUG] [os.ut.FileUtil/]: Reading file /sys/devices/system/cpu/cpu12/topology/physical_package_id
[16:01:10] [Render thread/DEBUG] [os.ut.FileUtil/]: Reading file /sys/devices/system/cpu/cpu12/topology/physical_package_id
[16:01:10] [Render thread/DEBUG] [os.ut.FileUtil/]: Reading file /sys/devices/system/cpu/cpu12/cpu_capacity
[16:01:10] [Render thread/DEBUG] [os.ut.FileUtil/]: Reading file /sys/devices/system/cpu/cpu12/cache/index2/level
[16:01:10] [Render thread/DEBUG] [os.ut.FileUtil/]: Reading file /sys/devices/system/cpu/cpu12/cache/index2/level
[16:01:10] [Render thread/DEBUG] [os.ut.FileUtil/]: Reading file /sys/devices/system/cpu/cpu12/cache/index2/type
[16:01:10] [Render thread/DEBUG] [os.ut.FileUtil/]: Reading file /sys/devices/system/cpu/cpu12/cache/index2/type
[16:01:10] [Render thread/DEBUG] [os.ut.FileUtil/]: Reading file /sys/devices/system/cpu/cpu12/cache/index2/ways_of_associativity
[16:01:10] [Render thread/DEBUG] [os.ut.FileUtil/]: Reading file /sys/devices/system/cpu/cpu12/cache/index2/ways_of_associativity
[16:01:10] [Render thread/DEBUG] [os.ut.FileUtil/]: Reading file /sys/devices/system/cpu/cpu12/cache/index2/coherency_line_size
[16:01:10] [Render thread/DEBUG] [os.ut.FileUtil/]: Reading file /sys/devices/system/cpu/cpu12/cache/index2/coherency_line_size
[16:01:10] [Render thread/DEBUG] [os.ut.FileUtil/]: Reading file /sys/devices/system/cpu/cpu12/cache/index2/size
[16:01:10] [Render thread/DEBUG] [os.ut.FileUtil/]: Reading file /sys/devices/system/cpu/cpu12/cache/index2/size
[16:01:10] [Render thread/DEBUG] [os.ut.FileUtil/]: Reading file /sys/devices/system/cpu/cpu12/cache/index0/level
[16:01:10] [Render thread/DEBUG] [os.ut.FileUtil/]: Reading file /sys/devices/system/cpu/cpu12/cache/index0/level
[16:01:10] [Render thread/DEBUG] [os.ut.FileUtil/]: Reading file /sys/devices/system/cpu/cpu12/cache/index0/type
[16:01:10] [Render thread/DEBUG] [os.ut.FileUtil/]: Reading file /sys/devices/system/cpu/cpu12/cache/index0/type
[16:01:10] [Render thread/DEBUG] [os.ut.FileUtil/]: Reading file /sys/devices/system/cpu/cpu12/cache/index0/ways_of_associativity
[16:01:10] [Render thread/DEBUG] [os.ut.FileUtil/]: Reading file /sys/devices/system/cpu/cpu12/cache/index0/ways_of_associativity
[16:01:10] [Render thread/DEBUG] [os.ut.FileUtil/]: Reading file /sys/devices/system/cpu/cpu12/cache/index0/coherency_line_size
[16:01:10] [Render thread/DEBUG] [os.ut.FileUtil/]: Reading file /sys/devices/system/cpu/cpu12/cache/index0/coherency_line_size
[16:01:10] [Render thread/DEBUG] [os.ut.FileUtil/]: Reading file /sys/devices/system/cpu/cpu12/cache/index0/size
[16:01:10] [Render thread/DEBUG] [os.ut.FileUtil/]: Reading file /sys/devices/system/cpu/cpu12/cache/index0/size
[16:01:10] [Render thread/DEBUG] [os.ut.FileUtil/]: Reading file /sys/devices/system/cpu/cpu12/cache/index3/level
[16:01:10] [Render thread/DEBUG] [os.ut.FileUtil/]: Reading file /sys/devices/system/cpu/cpu12/cache/index3/level
[16:01:10] [Render thread/DEBUG] [os.ut.FileUtil/]: Reading file /sys/devices/system/cpu/cpu12/cache/index3/type
[16:01:10] [Render thread/DEBUG] [os.ut.FileUtil/]: Reading file /sys/devices/system/cpu/cpu12/cache/index3/type
[16:01:10] [Render thread/DEBUG] [os.ut.FileUtil/]: Reading file /sys/devices/system/cpu/cpu12/cache/index3/ways_of_associativity
[16:01:10] [Render thread/DEBUG] [os.ut.FileUtil/]: Reading file /sys/devices/system/cpu/cpu12/cache/index3/ways_of_associativity
[16:01:10] [Render thread/DEBUG] [os.ut.FileUtil/]: Reading file /sys/devices/system/cpu/cpu12/cache/index3/coherency_line_size
[16:01:10] [Render thread/DEBUG] [os.ut.FileUtil/]: Reading file /sys/devices/system/cpu/cpu12/cache/index3/coherency_line_size
[16:01:10] [Render thread/DEBUG] [os.ut.FileUtil/]: Reading file /sys/devices/system/cpu/cpu12/cache/index3/size
[16:01:10] [Render thread/DEBUG] [os.ut.FileUtil/]: Reading file /sys/devices/system/cpu/cpu12/cache/index3/size
[16:01:10] [Render thread/DEBUG] [os.ut.FileUtil/]: Reading file /sys/devices/system/cpu/cpu12/cache/index1/level
[16:01:10] [Render thread/DEBUG] [os.ut.FileUtil/]: Reading file /sys/devices/system/cpu/cpu12/cache/index1/level
[16:01:10] [Render thread/DEBUG] [os.ut.FileUtil/]: Reading file /sys/devices/system/cpu/cpu12/cache/index1/type
[16:01:10] [Render thread/DEBUG] [os.ut.FileUtil/]: Reading file /sys/devices/system/cpu/cpu12/cache/index1/type
[16:01:10] [Render thread/DEBUG] [os.ut.FileUtil/]: Reading file /sys/devices/system/cpu/cpu12/cache/index1/ways_of_associativity
[16:01:10] [Render thread/DEBUG] [os.ut.FileUtil/]: Reading file /sys/devices/system/cpu/cpu12/cache/index1/ways_of_associativity
[16:01:10] [Render thread/DEBUG] [os.ut.FileUtil/]: Reading file /sys/devices/system/cpu/cpu12/cache/index1/coherency_line_size
[16:01:10] [Render thread/DEBUG] [os.ut.FileUtil/]: Reading file /sys/devices/system/cpu/cpu12/cache/index1/coherency_line_size
[16:01:10] [Render thread/DEBUG] [os.ut.FileUtil/]: Reading file /sys/devices/system/cpu/cpu12/cache/index1/size
[16:01:10] [Render thread/DEBUG] [os.ut.FileUtil/]: Reading file /sys/devices/system/cpu/cpu12/cache/index1/size
[16:01:10] [Render thread/DEBUG] [os.ut.FileUtil/]: Reading file /sys/devices/system/cpu/cpu13/topology/core_id
[16:01:10] [Render thread/DEBUG] [os.ut.FileUtil/]: Reading file /sys/devices/system/cpu/cpu13/topology/core_id
[16:01:10] [Render thread/DEBUG] [os.ut.FileUtil/]: Reading file /sys/devices/system/cpu/cpu13/topology/physical_package_id
[16:01:10] [Render thread/DEBUG] [os.ut.FileUtil/]: Reading file /sys/devices/system/cpu/cpu13/topology/physical_package_id
[16:01:10] [Render thread/DEBUG] [os.ut.FileUtil/]: Reading file /sys/devices/system/cpu/cpu13/cpu_capacity
[16:01:10] [Render thread/DEBUG] [os.ut.FileUtil/]: Reading file /sys/devices/system/cpu/cpu13/cache/index2/level
[16:01:10] [Render thread/DEBUG] [os.ut.FileUtil/]: Reading file /sys/devices/system/cpu/cpu13/cache/index2/level
[16:01:10] [Render thread/DEBUG] [os.ut.FileUtil/]: Reading file /sys/devices/system/cpu/cpu13/cache/index2/type
[16:01:10] [Render thread/DEBUG] [os.ut.FileUtil/]: Reading file /sys/devices/system/cpu/cpu13/cache/index2/type
[16:01:10] [Render thread/DEBUG] [os.ut.FileUtil/]: Reading file /sys/devices/system/cpu/cpu13/cache/index2/ways_of_associativity
[16:01:10] [Render thread/DEBUG] [os.ut.FileUtil/]: Reading file /sys/devices/system/cpu/cpu13/cache/index2/ways_of_associativity
[16:01:10] [Render thread/DEBUG] [os.ut.FileUtil/]: Reading file /sys/devices/system/cpu/cpu13/cache/index2/coherency_line_size
[16:01:10] [Render thread/DEBUG] [os.ut.FileUtil/]: Reading file /sys/devices/system/cpu/cpu13/cache/index2/coherency_line_size
[16:01:10] [Render thread/DEBUG] [os.ut.FileUtil/]: Reading file /sys/devices/system/cpu/cpu13/cache/index2/size
[16:01:10] [Render thread/DEBUG] [os.ut.FileUtil/]: Reading file /sys/devices/system/cpu/cpu13/cache/index2/size
[16:01:10] [Render thread/DEBUG] [os.ut.FileUtil/]: Reading file /sys/devices/system/cpu/cpu13/cache/index0/level
[16:01:10] [Render thread/DEBUG] [os.ut.FileUtil/]: Reading file /sys/devices/system/cpu/cpu13/cache/index0/level
[16:01:10] [Render thread/DEBUG] [os.ut.FileUtil/]: Reading file /sys/devices/system/cpu/cpu13/cache/index0/type
[16:01:10] [Render thread/DEBUG] [os.ut.FileUtil/]: Reading file /sys/devices/system/cpu/cpu13/cache/index0/type
[16:01:10] [Render thread/DEBUG] [os.ut.FileUtil/]: Reading file /sys/devices/system/cpu/cpu13/cache/index0/ways_of_associativity
[16:01:10] [Render thread/DEBUG] [os.ut.FileUtil/]: Reading file /sys/devices/system/cpu/cpu13/cache/index0/ways_of_associativity
[16:01:10] [Render thread/DEBUG] [os.ut.FileUtil/]: Reading file /sys/devices/system/cpu/cpu13/cache/index0/coherency_line_size
[16:01:10] [Render thread/DEBUG] [os.ut.FileUtil/]: Reading file /sys/devices/system/cpu/cpu13/cache/index0/coherency_line_size
[16:01:10] [Render thread/DEBUG] [os.ut.FileUtil/]: Reading file /sys/devices/system/cpu/cpu13/cache/index0/size
[16:01:10] [Render thread/DEBUG] [os.ut.FileUtil/]: Reading file /sys/devices/system/cpu/cpu13/cache/index0/size
[16:01:10] [Render thread/DEBUG] [os.ut.FileUtil/]: Reading file /sys/devices/system/cpu/cpu13/cache/index3/level
[16:01:10] [Render thread/DEBUG] [os.ut.FileUtil/]: Reading file /sys/devices/system/cpu/cpu13/cache/index3/level
[16:01:10] [Render thread/DEBUG] [os.ut.FileUtil/]: Reading file /sys/devices/system/cpu/cpu13/cache/index3/type
[16:01:10] [Render thread/DEBUG] [os.ut.FileUtil/]: Reading file /sys/devices/system/cpu/cpu13/cache/index3/type
[16:01:10] [Render thread/DEBUG] [os.ut.FileUtil/]: Reading file /sys/devices/system/cpu/cpu13/cache/index3/ways_of_associativity
[16:01:10] [Render thread/DEBUG] [os.ut.FileUtil/]: Reading file /sys/devices/system/cpu/cpu13/cache/index3/ways_of_associativity
[16:01:10] [Render thread/DEBUG] [os.ut.FileUtil/]: Reading file /sys/devices/system/cpu/cpu13/cache/index3/coherency_line_size
[16:01:10] [Render thread/DEBUG] [os.ut.FileUtil/]: Reading file /sys/devices/system/cpu/cpu13/cache/index3/coherency_line_size
[16:01:10] [Render thread/DEBUG] [os.ut.FileUtil/]: Reading file /sys/devices/system/cpu/cpu13/cache/index3/size
[16:01:10] [Render thread/DEBUG] [os.ut.FileUtil/]: Reading file /sys/devices/system/cpu/cpu13/cache/index3/size
[16:01:10] [Render thread/DEBUG] [os.ut.FileUtil/]: Reading file /sys/devices/system/cpu/cpu13/cache/index1/level
[16:01:10] [Render thread/DEBUG] [os.ut.FileUtil/]: Reading file /sys/devices/system/cpu/cpu13/cache/index1/level
[16:01:10] [Render thread/DEBUG] [os.ut.FileUtil/]: Reading file /sys/devices/system/cpu/cpu13/cache/index1/type
[16:01:10] [Render thread/DEBUG] [os.ut.FileUtil/]: Reading file /sys/devices/system/cpu/cpu13/cache/index1/type
[16:01:10] [Render thread/DEBUG] [os.ut.FileUtil/]: Reading file /sys/devices/system/cpu/cpu13/cache/index1/ways_of_associativity
[16:01:10] [Render thread/DEBUG] [os.ut.FileUtil/]: Reading file /sys/devices/system/cpu/cpu13/cache/index1/ways_of_associativity
[16:01:10] [Render thread/DEBUG] [os.ut.FileUtil/]: Reading file /sys/devices/system/cpu/cpu13/cache/index1/coherency_line_size
[16:01:10] [Render thread/DEBUG] [os.ut.FileUtil/]: Reading file /sys/devices/system/cpu/cpu13/cache/index1/coherency_line_size
[16:01:10] [Render thread/DEBUG] [os.ut.FileUtil/]: Reading file /sys/devices/system/cpu/cpu13/cache/index1/size
[16:01:10] [Render thread/DEBUG] [os.ut.FileUtil/]: Reading file /sys/devices/system/cpu/cpu13/cache/index1/size
[16:01:10] [Render thread/DEBUG] [os.ut.FileUtil/]: Reading file /sys/devices/system/cpu/cpu14/topology/core_id
[16:01:10] [Render thread/DEBUG] [os.ut.FileUtil/]: Reading file /sys/devices/system/cpu/cpu14/topology/core_id
[16:01:10] [Render thread/DEBUG] [os.ut.FileUtil/]: Reading file /sys/devices/system/cpu/cpu14/topology/physical_package_id
[16:01:10] [Render thread/DEBUG] [os.ut.FileUtil/]: Reading file /sys/devices/system/cpu/cpu14/topology/physical_package_id
[16:01:10] [Render thread/DEBUG] [os.ut.FileUtil/]: Reading file /sys/devices/system/cpu/cpu14/cpu_capacity
[16:01:10] [Render thread/DEBUG] [os.ut.FileUtil/]: Reading file /sys/devices/system/cpu/cpu14/cache/index2/level
[16:01:10] [Render thread/DEBUG] [os.ut.FileUtil/]: Reading file /sys/devices/system/cpu/cpu14/cache/index2/level
[16:01:10] [Render thread/DEBUG] [os.ut.FileUtil/]: Reading file /sys/devices/system/cpu/cpu14/cache/index2/type
[16:01:10] [Render thread/DEBUG] [os.ut.FileUtil/]: Reading file /sys/devices/system/cpu/cpu14/cache/index2/type
[16:01:10] [Render thread/DEBUG] [os.ut.FileUtil/]: Reading file /sys/devices/system/cpu/cpu14/cache/index2/ways_of_associativity
[16:01:10] [Render thread/DEBUG] [os.ut.FileUtil/]: Reading file /sys/devices/system/cpu/cpu14/cache/index2/ways_of_associativity
[16:01:10] [Render thread/DEBUG] [os.ut.FileUtil/]: Reading file /sys/devices/system/cpu/cpu14/cache/index2/coherency_line_size
[16:01:10] [Render thread/DEBUG] [os.ut.FileUtil/]: Reading file /sys/devices/system/cpu/cpu14/cache/index2/coherency_line_size
[16:01:10] [Render thread/DEBUG] [os.ut.FileUtil/]: Reading file /sys/devices/system/cpu/cpu14/cache/index2/size
[16:01:10] [Render thread/DEBUG] [os.ut.FileUtil/]: Reading file /sys/devices/system/cpu/cpu14/cache/index2/size
[16:01:10] [Render thread/DEBUG] [os.ut.FileUtil/]: Reading file /sys/devices/system/cpu/cpu14/cache/index0/level
[16:01:10] [Render thread/DEBUG] [os.ut.FileUtil/]: Reading file /sys/devices/system/cpu/cpu14/cache/index0/level
[16:01:10] [Render thread/DEBUG] [os.ut.FileUtil/]: Reading file /sys/devices/system/cpu/cpu14/cache/index0/type
[16:01:10] [Render thread/DEBUG] [os.ut.FileUtil/]: Reading file /sys/devices/system/cpu/cpu14/cache/index0/type
[16:01:10] [Render thread/DEBUG] [os.ut.FileUtil/]: Reading file /sys/devices/system/cpu/cpu14/cache/index0/ways_of_associativity
[16:01:10] [Render thread/DEBUG] [os.ut.FileUtil/]: Reading file /sys/devices/system/cpu/cpu14/cache/index0/ways_of_associativity
[16:01:10] [Render thread/DEBUG] [os.ut.FileUtil/]: Reading file /sys/devices/system/cpu/cpu14/cache/index0/coherency_line_size
[16:01:10] [Render thread/DEBUG] [os.ut.FileUtil/]: Reading file /sys/devices/system/cpu/cpu14/cache/index0/coherency_line_size
[16:01:10] [Render thread/DEBUG] [os.ut.FileUtil/]: Reading file /sys/devices/system/cpu/cpu14/cache/index0/size
[16:01:10] [Render thread/DEBUG] [os.ut.FileUtil/]: Reading file /sys/devices/system/cpu/cpu14/cache/index0/size
[16:01:10] [Render thread/DEBUG] [os.ut.FileUtil/]: Reading file /sys/devices/system/cpu/cpu14/cache/index3/level
[16:01:10] [Render thread/DEBUG] [os.ut.FileUtil/]: Reading file /sys/devices/system/cpu/cpu14/cache/index3/level
[16:01:10] [Render thread/DEBUG] [os.ut.FileUtil/]: Reading file /sys/devices/system/cpu/cpu14/cache/index3/type
[16:01:10] [Render thread/DEBUG] [os.ut.FileUtil/]: Reading file /sys/devices/system/cpu/cpu14/cache/index3/type
[16:01:10] [Render thread/DEBUG] [os.ut.FileUtil/]: Reading file /sys/devices/system/cpu/cpu14/cache/index3/ways_of_associativity
[16:01:10] [Render thread/DEBUG] [os.ut.FileUtil/]: Reading file /sys/devices/system/cpu/cpu14/cache/index3/ways_of_associativity
[16:01:10] [Render thread/DEBUG] [os.ut.FileUtil/]: Reading file /sys/devices/system/cpu/cpu14/cache/index3/coherency_line_size
[16:01:10] [Render thread/DEBUG] [os.ut.FileUtil/]: Reading file /sys/devices/system/cpu/cpu14/cache/index3/coherency_line_size
[16:01:10] [Render thread/DEBUG] [os.ut.FileUtil/]: Reading file /sys/devices/system/cpu/cpu14/cache/index3/size
[16:01:10] [Render thread/DEBUG] [os.ut.FileUtil/]: Reading file /sys/devices/system/cpu/cpu14/cache/index3/size
[16:01:10] [Render thread/DEBUG] [os.ut.FileUtil/]: Reading file /sys/devices/system/cpu/cpu14/cache/index1/level
[16:01:10] [Render thread/DEBUG] [os.ut.FileUtil/]: Reading file /sys/devices/system/cpu/cpu14/cache/index1/level
[16:01:10] [Render thread/DEBUG] [os.ut.FileUtil/]: Reading file /sys/devices/system/cpu/cpu14/cache/index1/type
[16:01:10] [Render thread/DEBUG] [os.ut.FileUtil/]: Reading file /sys/devices/system/cpu/cpu14/cache/index1/type
[16:01:10] [Render thread/DEBUG] [os.ut.FileUtil/]: Reading file /sys/devices/system/cpu/cpu14/cache/index1/ways_of_associativity
[16:01:10] [Render thread/DEBUG] [os.ut.FileUtil/]: Reading file /sys/devices/system/cpu/cpu14/cache/index1/ways_of_associativity
[16:01:10] [Render thread/DEBUG] [os.ut.FileUtil/]: Reading file /sys/devices/system/cpu/cpu14/cache/index1/coherency_line_size
[16:01:10] [Render thread/DEBUG] [os.ut.FileUtil/]: Reading file /sys/devices/system/cpu/cpu14/cache/index1/coherency_line_size
[16:01:10] [Render thread/DEBUG] [os.ut.FileUtil/]: Reading file /sys/devices/system/cpu/cpu14/cache/index1/size
[16:01:10] [Render thread/DEBUG] [os.ut.FileUtil/]: Reading file /sys/devices/system/cpu/cpu14/cache/index1/size
[16:01:10] [Render thread/DEBUG] [os.ut.FileUtil/]: Reading file /sys/devices/system/cpu/cpu15/topology/core_id
[16:01:10] [Render thread/DEBUG] [os.ut.FileUtil/]: Reading file /sys/devices/system/cpu/cpu15/topology/core_id
[16:01:10] [Render thread/DEBUG] [os.ut.FileUtil/]: Reading file /sys/devices/system/cpu/cpu15/topology/physical_package_id
[16:01:10] [Render thread/DEBUG] [os.ut.FileUtil/]: Reading file /sys/devices/system/cpu/cpu15/topology/physical_package_id
[16:01:10] [Render thread/DEBUG] [os.ut.FileUtil/]: Reading file /sys/devices/system/cpu/cpu15/cpu_capacity
[16:01:10] [Render thread/DEBUG] [os.ut.FileUtil/]: Reading file /sys/devices/system/cpu/cpu15/cache/index2/level
[16:01:10] [Render thread/DEBUG] [os.ut.FileUtil/]: Reading file /sys/devices/system/cpu/cpu15/cache/index2/level
[16:01:10] [Render thread/DEBUG] [os.ut.FileUtil/]: Reading file /sys/devices/system/cpu/cpu15/cache/index2/type
[16:01:10] [Render thread/DEBUG] [os.ut.FileUtil/]: Reading file /sys/devices/system/cpu/cpu15/cache/index2/type
[16:01:10] [Render thread/DEBUG] [os.ut.FileUtil/]: Reading file /sys/devices/system/cpu/cpu15/cache/index2/ways_of_associativity
[16:01:10] [Render thread/DEBUG] [os.ut.FileUtil/]: Reading file /sys/devices/system/cpu/cpu15/cache/index2/ways_of_associativity
[16:01:10] [Render thread/DEBUG] [os.ut.FileUtil/]: Reading file /sys/devices/system/cpu/cpu15/cache/index2/coherency_line_size
[16:01:10] [Render thread/DEBUG] [os.ut.FileUtil/]: Reading file /sys/devices/system/cpu/cpu15/cache/index2/coherency_line_size
[16:01:10] [Render thread/DEBUG] [os.ut.FileUtil/]: Reading file /sys/devices/system/cpu/cpu15/cache/index2/size
[16:01:10] [Render thread/DEBUG] [os.ut.FileUtil/]: Reading file /sys/devices/system/cpu/cpu15/cache/index2/size
[16:01:10] [Render thread/DEBUG] [os.ut.FileUtil/]: Reading file /sys/devices/system/cpu/cpu15/cache/index0/level
[16:01:10] [Render thread/DEBUG] [os.ut.FileUtil/]: Reading file /sys/devices/system/cpu/cpu15/cache/index0/level
[16:01:10] [Render thread/DEBUG] [os.ut.FileUtil/]: Reading file /sys/devices/system/cpu/cpu15/cache/index0/type
[16:01:10] [Render thread/DEBUG] [os.ut.FileUtil/]: Reading file /sys/devices/system/cpu/cpu15/cache/index0/type
[16:01:10] [Render thread/DEBUG] [os.ut.FileUtil/]: Reading file /sys/devices/system/cpu/cpu15/cache/index0/ways_of_associativity
[16:01:10] [Render thread/DEBUG] [os.ut.FileUtil/]: Reading file /sys/devices/system/cpu/cpu15/cache/index0/ways_of_associativity
[16:01:10] [Render thread/DEBUG] [os.ut.FileUtil/]: Reading file /sys/devices/system/cpu/cpu15/cache/index0/coherency_line_size
[16:01:10] [Render thread/DEBUG] [os.ut.FileUtil/]: Reading file /sys/devices/system/cpu/cpu15/cache/index0/coherency_line_size
[16:01:10] [Render thread/DEBUG] [os.ut.FileUtil/]: Reading file /sys/devices/system/cpu/cpu15/cache/index0/size
[16:01:10] [Render thread/DEBUG] [os.ut.FileUtil/]: Reading file /sys/devices/system/cpu/cpu15/cache/index0/size
[16:01:10] [Render thread/DEBUG] [os.ut.FileUtil/]: Reading file /sys/devices/system/cpu/cpu15/cache/index3/level
[16:01:10] [Render thread/DEBUG] [os.ut.FileUtil/]: Reading file /sys/devices/system/cpu/cpu15/cache/index3/level
[16:01:10] [Render thread/DEBUG] [os.ut.FileUtil/]: Reading file /sys/devices/system/cpu/cpu15/cache/index3/type
[16:01:10] [Render thread/DEBUG] [os.ut.FileUtil/]: Reading file /sys/devices/system/cpu/cpu15/cache/index3/type
[16:01:10] [Render thread/DEBUG] [os.ut.FileUtil/]: Reading file /sys/devices/system/cpu/cpu15/cache/index3/ways_of_associativity
[16:01:10] [Render thread/DEBUG] [os.ut.FileUtil/]: Reading file /sys/devices/system/cpu/cpu15/cache/index3/ways_of_associativity
[16:01:10] [Render thread/DEBUG] [os.ut.FileUtil/]: Reading file /sys/devices/system/cpu/cpu15/cache/index3/coherency_line_size
[16:01:10] [Render thread/DEBUG] [os.ut.FileUtil/]: Reading file /sys/devices/system/cpu/cpu15/cache/index3/coherency_line_size
[16:01:10] [Render thread/DEBUG] [os.ut.FileUtil/]: Reading file /sys/devices/system/cpu/cpu15/cache/index3/size
[16:01:10] [Render thread/DEBUG] [os.ut.FileUtil/]: Reading file /sys/devices/system/cpu/cpu15/cache/index3/size
[16:01:10] [Render thread/DEBUG] [os.ut.FileUtil/]: Reading file /sys/devices/system/cpu/cpu15/cache/index1/level
[16:01:10] [Render thread/DEBUG] [os.ut.FileUtil/]: Reading file /sys/devices/system/cpu/cpu15/cache/index1/level
[16:01:10] [Render thread/DEBUG] [os.ut.FileUtil/]: Reading file /sys/devices/system/cpu/cpu15/cache/index1/type
[16:01:10] [Render thread/DEBUG] [os.ut.FileUtil/]: Reading file /sys/devices/system/cpu/cpu15/cache/index1/type
[16:01:10] [Render thread/DEBUG] [os.ut.FileUtil/]: Reading file /sys/devices/system/cpu/cpu15/cache/index1/ways_of_associativity
[16:01:10] [Render thread/DEBUG] [os.ut.FileUtil/]: Reading file /sys/devices/system/cpu/cpu15/cache/index1/ways_of_associativity
[16:01:10] [Render thread/DEBUG] [os.ut.FileUtil/]: Reading file /sys/devices/system/cpu/cpu15/cache/index1/coherency_line_size
[16:01:10] [Render thread/DEBUG] [os.ut.FileUtil/]: Reading file /sys/devices/system/cpu/cpu15/cache/index1/coherency_line_size
[16:01:10] [Render thread/DEBUG] [os.ut.FileUtil/]: Reading file /sys/devices/system/cpu/cpu15/cache/index1/size
[16:01:10] [Render thread/DEBUG] [os.ut.FileUtil/]: Reading file /sys/devices/system/cpu/cpu15/cache/index1/size
[16:01:10] [Render thread/DEBUG] [os.ut.FileUtil/]: Reading file /sys/devices/system/cpu/cpu2/topology/core_id
[16:01:10] [Render thread/DEBUG] [os.ut.FileUtil/]: Reading file /sys/devices/system/cpu/cpu2/topology/core_id
[16:01:10] [Render thread/DEBUG] [os.ut.FileUtil/]: Reading file /sys/devices/system/cpu/cpu2/topology/physical_package_id
[16:01:10] [Render thread/DEBUG] [os.ut.FileUtil/]: Reading file /sys/devices/system/cpu/cpu2/topology/physical_package_id
[16:01:10] [Render thread/DEBUG] [os.ut.FileUtil/]: Reading file /sys/devices/system/cpu/cpu2/cpu_capacity
[16:01:10] [Render thread/DEBUG] [os.ut.FileUtil/]: Reading file /sys/devices/system/cpu/cpu2/cache/index2/level
[16:01:10] [Render thread/DEBUG] [os.ut.FileUtil/]: Reading file /sys/devices/system/cpu/cpu2/cache/index2/level
[16:01:10] [Render thread/DEBUG] [os.ut.FileUtil/]: Reading file /sys/devices/system/cpu/cpu2/cache/index2/type
[16:01:10] [Render thread/DEBUG] [os.ut.FileUtil/]: Reading file /sys/devices/system/cpu/cpu2/cache/index2/type
[16:01:10] [Render thread/DEBUG] [os.ut.FileUtil/]: Reading file /sys/devices/system/cpu/cpu2/cache/index2/ways_of_associativity
[16:01:10] [Render thread/DEBUG] [os.ut.FileUtil/]: Reading file /sys/devices/system/cpu/cpu2/cache/index2/ways_of_associativity
[16:01:10] [Render thread/DEBUG] [os.ut.FileUtil/]: Reading file /sys/devices/system/cpu/cpu2/cache/index2/coherency_line_size
[16:01:10] [Render thread/DEBUG] [os.ut.FileUtil/]: Reading file /sys/devices/system/cpu/cpu2/cache/index2/coherency_line_size
[16:01:10] [Render thread/DEBUG] [os.ut.FileUtil/]: Reading file /sys/devices/system/cpu/cpu2/cache/index2/size
[16:01:10] [Render thread/DEBUG] [os.ut.FileUtil/]: Reading file /sys/devices/system/cpu/cpu2/cache/index2/size
[16:01:10] [Render thread/DEBUG] [os.ut.FileUtil/]: Reading file /sys/devices/system/cpu/cpu2/cache/index0/level
[16:01:10] [Render thread/DEBUG] [os.ut.FileUtil/]: Reading file /sys/devices/system/cpu/cpu2/cache/index0/level
[16:01:10] [Render thread/DEBUG] [os.ut.FileUtil/]: Reading file /sys/devices/system/cpu/cpu2/cache/index0/type
[16:01:10] [Render thread/DEBUG] [os.ut.FileUtil/]: Reading file /sys/devices/system/cpu/cpu2/cache/index0/type
[16:01:10] [Render thread/DEBUG] [os.ut.FileUtil/]: Reading file /sys/devices/system/cpu/cpu2/cache/index0/ways_of_associativity
[16:01:10] [Render thread/DEBUG] [os.ut.FileUtil/]: Reading file /sys/devices/system/cpu/cpu2/cache/index0/ways_of_associativity
[16:01:10] [Render thread/DEBUG] [os.ut.FileUtil/]: Reading file /sys/devices/system/cpu/cpu2/cache/index0/coherency_line_size
[16:01:10] [Render thread/DEBUG] [os.ut.FileUtil/]: Reading file /sys/devices/system/cpu/cpu2/cache/index0/coherency_line_size
[16:01:10] [Render thread/DEBUG] [os.ut.FileUtil/]: Reading file /sys/devices/system/cpu/cpu2/cache/index0/size
[16:01:10] [Render thread/DEBUG] [os.ut.FileUtil/]: Reading file /sys/devices/system/cpu/cpu2/cache/index0/size
[16:01:10] [Render thread/DEBUG] [os.ut.FileUtil/]: Reading file /sys/devices/system/cpu/cpu2/cache/index3/level
[16:01:10] [Render thread/DEBUG] [os.ut.FileUtil/]: Reading file /sys/devices/system/cpu/cpu2/cache/index3/level
[16:01:10] [Render thread/DEBUG] [os.ut.FileUtil/]: Reading file /sys/devices/system/cpu/cpu2/cache/index3/type
[16:01:10] [Render thread/DEBUG] [os.ut.FileUtil/]: Reading file /sys/devices/system/cpu/cpu2/cache/index3/type
[16:01:10] [Render thread/DEBUG] [os.ut.FileUtil/]: Reading file /sys/devices/system/cpu/cpu2/cache/index3/ways_of_associativity
[16:01:10] [Render thread/DEBUG] [os.ut.FileUtil/]: Reading file /sys/devices/system/cpu/cpu2/cache/index3/ways_of_associativity
[16:01:10] [Render thread/DEBUG] [os.ut.FileUtil/]: Reading file /sys/devices/system/cpu/cpu2/cache/index3/coherency_line_size
[16:01:10] [Render thread/DEBUG] [os.ut.FileUtil/]: Reading file /sys/devices/system/cpu/cpu2/cache/index3/coherency_line_size
[16:01:10] [Render thread/DEBUG] [os.ut.FileUtil/]: Reading file /sys/devices/system/cpu/cpu2/cache/index3/size
[16:01:10] [Render thread/DEBUG] [os.ut.FileUtil/]: Reading file /sys/devices/system/cpu/cpu2/cache/index3/size
[16:01:10] [Render thread/DEBUG] [os.ut.FileUtil/]: Reading file /sys/devices/system/cpu/cpu2/cache/index1/level
[16:01:10] [Render thread/DEBUG] [os.ut.FileUtil/]: Reading file /sys/devices/system/cpu/cpu2/cache/index1/level
[16:01:10] [Render thread/DEBUG] [os.ut.FileUtil/]: Reading file /sys/devices/system/cpu/cpu2/cache/index1/type
[16:01:10] [Render thread/DEBUG] [os.ut.FileUtil/]: Reading file /sys/devices/system/cpu/cpu2/cache/index1/type
[16:01:10] [Render thread/DEBUG] [os.ut.FileUtil/]: Reading file /sys/devices/system/cpu/cpu2/cache/index1/ways_of_associativity
[16:01:10] [Render thread/DEBUG] [os.ut.FileUtil/]: Reading file /sys/devices/system/cpu/cpu2/cache/index1/ways_of_associativity
[16:01:10] [Render thread/DEBUG] [os.ut.FileUtil/]: Reading file /sys/devices/system/cpu/cpu2/cache/index1/coherency_line_size
[16:01:10] [Render thread/DEBUG] [os.ut.FileUtil/]: Reading file /sys/devices/system/cpu/cpu2/cache/index1/coherency_line_size
[16:01:10] [Render thread/DEBUG] [os.ut.FileUtil/]: Reading file /sys/devices/system/cpu/cpu2/cache/index1/size
[16:01:10] [Render thread/DEBUG] [os.ut.FileUtil/]: Reading file /sys/devices/system/cpu/cpu2/cache/index1/size
[16:01:10] [Render thread/DEBUG] [os.ut.FileUtil/]: Reading file /sys/devices/system/cpu/cpu3/topology/core_id
[16:01:10] [Render thread/DEBUG] [os.ut.FileUtil/]: Reading file /sys/devices/system/cpu/cpu3/topology/core_id
[16:01:10] [Render thread/DEBUG] [os.ut.FileUtil/]: Reading file /sys/devices/system/cpu/cpu3/topology/physical_package_id
[16:01:10] [Render thread/DEBUG] [os.ut.FileUtil/]: Reading file /sys/devices/system/cpu/cpu3/topology/physical_package_id
[16:01:10] [Render thread/DEBUG] [os.ut.FileUtil/]: Reading file /sys/devices/system/cpu/cpu3/cpu_capacity
[16:01:10] [Render thread/DEBUG] [os.ut.FileUtil/]: Reading file /sys/devices/system/cpu/cpu3/cache/index2/level
[16:01:10] [Render thread/DEBUG] [os.ut.FileUtil/]: Reading file /sys/devices/system/cpu/cpu3/cache/index2/level
[16:01:10] [Render thread/DEBUG] [os.ut.FileUtil/]: Reading file /sys/devices/system/cpu/cpu3/cache/index2/type
[16:01:10] [Render thread/DEBUG] [os.ut.FileUtil/]: Reading file /sys/devices/system/cpu/cpu3/cache/index2/type
[16:01:10] [Render thread/DEBUG] [os.ut.FileUtil/]: Reading file /sys/devices/system/cpu/cpu3/cache/index2/ways_of_associativity
[16:01:10] [Render thread/DEBUG] [os.ut.FileUtil/]: Reading file /sys/devices/system/cpu/cpu3/cache/index2/ways_of_associativity
[16:01:10] [Render thread/DEBUG] [os.ut.FileUtil/]: Reading file /sys/devices/system/cpu/cpu3/cache/index2/coherency_line_size
[16:01:10] [Render thread/DEBUG] [os.ut.FileUtil/]: Reading file /sys/devices/system/cpu/cpu3/cache/index2/coherency_line_size
[16:01:10] [Render thread/DEBUG] [os.ut.FileUtil/]: Reading file /sys/devices/system/cpu/cpu3/cache/index2/size
[16:01:10] [Render thread/DEBUG] [os.ut.FileUtil/]: Reading file /sys/devices/system/cpu/cpu3/cache/index2/size
[16:01:10] [Render thread/DEBUG] [os.ut.FileUtil/]: Reading file /sys/devices/system/cpu/cpu3/cache/index0/level
[16:01:10] [Render thread/DEBUG] [os.ut.FileUtil/]: Reading file /sys/devices/system/cpu/cpu3/cache/index0/level
[16:01:10] [Render thread/DEBUG] [os.ut.FileUtil/]: Reading file /sys/devices/system/cpu/cpu3/cache/index0/type
[16:01:10] [Render thread/DEBUG] [os.ut.FileUtil/]: Reading file /sys/devices/system/cpu/cpu3/cache/index0/type
[16:01:10] [Render thread/DEBUG] [os.ut.FileUtil/]: Reading file /sys/devices/system/cpu/cpu3/cache/index0/ways_of_associativity
[16:01:10] [Render thread/DEBUG] [os.ut.FileUtil/]: Reading file /sys/devices/system/cpu/cpu3/cache/index0/ways_of_associativity
[16:01:10] [Render thread/DEBUG] [os.ut.FileUtil/]: Reading file /sys/devices/system/cpu/cpu3/cache/index0/coherency_line_size
[16:01:10] [Render thread/DEBUG] [os.ut.FileUtil/]: Reading file /sys/devices/system/cpu/cpu3/cache/index0/coherency_line_size
[16:01:10] [Render thread/DEBUG] [os.ut.FileUtil/]: Reading file /sys/devices/system/cpu/cpu3/cache/index0/size
[16:01:10] [Render thread/DEBUG] [os.ut.FileUtil/]: Reading file /sys/devices/system/cpu/cpu3/cache/index0/size
[16:01:10] [Render thread/DEBUG] [os.ut.FileUtil/]: Reading file /sys/devices/system/cpu/cpu3/cache/index3/level
[16:01:10] [Render thread/DEBUG] [os.ut.FileUtil/]: Reading file /sys/devices/system/cpu/cpu3/cache/index3/level
[16:01:10] [Render thread/DEBUG] [os.ut.FileUtil/]: Reading file /sys/devices/system/cpu/cpu3/cache/index3/type
[16:01:10] [Render thread/DEBUG] [os.ut.FileUtil/]: Reading file /sys/devices/system/cpu/cpu3/cache/index3/type
[16:01:10] [Render thread/DEBUG] [os.ut.FileUtil/]: Reading file /sys/devices/system/cpu/cpu3/cache/index3/ways_of_associativity
[16:01:10] [Render thread/DEBUG] [os.ut.FileUtil/]: Reading file /sys/devices/system/cpu/cpu3/cache/index3/ways_of_associativity
[16:01:10] [Render thread/DEBUG] [os.ut.FileUtil/]: Reading file /sys/devices/system/cpu/cpu3/cache/index3/coherency_line_size
[16:01:10] [Render thread/DEBUG] [os.ut.FileUtil/]: Reading file /sys/devices/system/cpu/cpu3/cache/index3/coherency_line_size
[16:01:10] [Render thread/DEBUG] [os.ut.FileUtil/]: Reading file /sys/devices/system/cpu/cpu3/cache/index3/size
[16:01:10] [Render thread/DEBUG] [os.ut.FileUtil/]: Reading file /sys/devices/system/cpu/cpu3/cache/index3/size
[16:01:10] [Render thread/DEBUG] [os.ut.FileUtil/]: Reading file /sys/devices/system/cpu/cpu3/cache/index1/level
[16:01:10] [Render thread/DEBUG] [os.ut.FileUtil/]: Reading file /sys/devices/system/cpu/cpu3/cache/index1/level
[16:01:10] [Render thread/DEBUG] [os.ut.FileUtil/]: Reading file /sys/devices/system/cpu/cpu3/cache/index1/type
[16:01:10] [Render thread/DEBUG] [os.ut.FileUtil/]: Reading file /sys/devices/system/cpu/cpu3/cache/index1/type
[16:01:10] [Render thread/DEBUG] [os.ut.FileUtil/]: Reading file /sys/devices/system/cpu/cpu3/cache/index1/ways_of_associativity
[16:01:10] [Render thread/DEBUG] [os.ut.FileUtil/]: Reading file /sys/devices/system/cpu/cpu3/cache/index1/ways_of_associativity
[16:01:10] [Render thread/DEBUG] [os.ut.FileUtil/]: Reading file /sys/devices/system/cpu/cpu3/cache/index1/coherency_line_size
[16:01:10] [Render thread/DEBUG] [os.ut.FileUtil/]: Reading file /sys/devices/system/cpu/cpu3/cache/index1/coherency_line_size
[16:01:10] [Render thread/DEBUG] [os.ut.FileUtil/]: Reading file /sys/devices/system/cpu/cpu3/cache/index1/size
[16:01:10] [Render thread/DEBUG] [os.ut.FileUtil/]: Reading file /sys/devices/system/cpu/cpu3/cache/index1/size
[16:01:10] [Render thread/DEBUG] [os.ut.FileUtil/]: Reading file /sys/devices/system/cpu/cpu4/topology/core_id
[16:01:10] [Render thread/DEBUG] [os.ut.FileUtil/]: Reading file /sys/devices/system/cpu/cpu4/topology/core_id
[16:01:10] [Render thread/DEBUG] [os.ut.FileUtil/]: Reading file /sys/devices/system/cpu/cpu4/topology/physical_package_id
[16:01:10] [Render thread/DEBUG] [os.ut.FileUtil/]: Reading file /sys/devices/system/cpu/cpu4/topology/physical_package_id
[16:01:10] [Render thread/DEBUG] [os.ut.FileUtil/]: Reading file /sys/devices/system/cpu/cpu4/cpu_capacity
[16:01:10] [Render thread/DEBUG] [os.ut.FileUtil/]: Reading file /sys/devices/system/cpu/cpu4/cache/index2/level
[16:01:10] [Render thread/DEBUG] [os.ut.FileUtil/]: Reading file /sys/devices/system/cpu/cpu4/cache/index2/level
[16:01:10] [Render thread/DEBUG] [os.ut.FileUtil/]: Reading file /sys/devices/system/cpu/cpu4/cache/index2/type
[16:01:10] [Render thread/DEBUG] [os.ut.FileUtil/]: Reading file /sys/devices/system/cpu/cpu4/cache/index2/type
[16:01:10] [Render thread/DEBUG] [os.ut.FileUtil/]: Reading file /sys/devices/system/cpu/cpu4/cache/index2/ways_of_associativity
[16:01:10] [Render thread/DEBUG] [os.ut.FileUtil/]: Reading file /sys/devices/system/cpu/cpu4/cache/index2/ways_of_associativity
[16:01:10] [Render thread/DEBUG] [os.ut.FileUtil/]: Reading file /sys/devices/system/cpu/cpu4/cache/index2/coherency_line_size
[16:01:10] [Render thread/DEBUG] [os.ut.FileUtil/]: Reading file /sys/devices/system/cpu/cpu4/cache/index2/coherency_line_size
[16:01:10] [Render thread/DEBUG] [os.ut.FileUtil/]: Reading file /sys/devices/system/cpu/cpu4/cache/index2/size
[16:01:10] [Render thread/DEBUG] [os.ut.FileUtil/]: Reading file /sys/devices/system/cpu/cpu4/cache/index2/size
[16:01:10] [Render thread/DEBUG] [os.ut.FileUtil/]: Reading file /sys/devices/system/cpu/cpu4/cache/index0/level
[16:01:10] [Render thread/DEBUG] [os.ut.FileUtil/]: Reading file /sys/devices/system/cpu/cpu4/cache/index0/level
[16:01:10] [Render thread/DEBUG] [os.ut.FileUtil/]: Reading file /sys/devices/system/cpu/cpu4/cache/index0/type
[16:01:10] [Render thread/DEBUG] [os.ut.FileUtil/]: Reading file /sys/devices/system/cpu/cpu4/cache/index0/type
[16:01:10] [Render thread/DEBUG] [os.ut.FileUtil/]: Reading file /sys/devices/system/cpu/cpu4/cache/index0/ways_of_associativity
[16:01:10] [Render thread/DEBUG] [os.ut.FileUtil/]: Reading file /sys/devices/system/cpu/cpu4/cache/index0/ways_of_associativity
[16:01:10] [Render thread/DEBUG] [os.ut.FileUtil/]: Reading file /sys/devices/system/cpu/cpu4/cache/index0/coherency_line_size
[16:01:10] [Render thread/DEBUG] [os.ut.FileUtil/]: Reading file /sys/devices/system/cpu/cpu4/cache/index0/coherency_line_size
[16:01:10] [Render thread/DEBUG] [os.ut.FileUtil/]: Reading file /sys/devices/system/cpu/cpu4/cache/index0/size
[16:01:10] [Render thread/DEBUG] [os.ut.FileUtil/]: Reading file /sys/devices/system/cpu/cpu4/cache/index0/size
[16:01:10] [Render thread/DEBUG] [os.ut.FileUtil/]: Reading file /sys/devices/system/cpu/cpu4/cache/index3/level
[16:01:10] [Render thread/DEBUG] [os.ut.FileUtil/]: Reading file /sys/devices/system/cpu/cpu4/cache/index3/level
[16:01:10] [Render thread/DEBUG] [os.ut.FileUtil/]: Reading file /sys/devices/system/cpu/cpu4/cache/index3/type
[16:01:10] [Render thread/DEBUG] [os.ut.FileUtil/]: Reading file /sys/devices/system/cpu/cpu4/cache/index3/type
[16:01:10] [Render thread/DEBUG] [os.ut.FileUtil/]: Reading file /sys/devices/system/cpu/cpu4/cache/index3/ways_of_associativity
[16:01:10] [Render thread/DEBUG] [os.ut.FileUtil/]: Reading file /sys/devices/system/cpu/cpu4/cache/index3/ways_of_associativity
[16:01:10] [Render thread/DEBUG] [os.ut.FileUtil/]: Reading file /sys/devices/system/cpu/cpu4/cache/index3/coherency_line_size
[16:01:10] [Render thread/DEBUG] [os.ut.FileUtil/]: Reading file /sys/devices/system/cpu/cpu4/cache/index3/coherency_line_size
[16:01:10] [Render thread/DEBUG] [os.ut.FileUtil/]: Reading file /sys/devices/system/cpu/cpu4/cache/index3/size
[16:01:10] [Render thread/DEBUG] [os.ut.FileUtil/]: Reading file /sys/devices/system/cpu/cpu4/cache/index3/size
[16:01:10] [Render thread/DEBUG] [os.ut.FileUtil/]: Reading file /sys/devices/system/cpu/cpu4/cache/index1/level
[16:01:10] [Render thread/DEBUG] [os.ut.FileUtil/]: Reading file /sys/devices/system/cpu/cpu4/cache/index1/level
[16:01:10] [Render thread/DEBUG] [os.ut.FileUtil/]: Reading file /sys/devices/system/cpu/cpu4/cache/index1/type
[16:01:10] [Render thread/DEBUG] [os.ut.FileUtil/]: Reading file /sys/devices/system/cpu/cpu4/cache/index1/type
[16:01:10] [Render thread/DEBUG] [os.ut.FileUtil/]: Reading file /sys/devices/system/cpu/cpu4/cache/index1/ways_of_associativity
[16:01:10] [Render thread/DEBUG] [os.ut.FileUtil/]: Reading file /sys/devices/system/cpu/cpu4/cache/index1/ways_of_associativity
[16:01:10] [Render thread/DEBUG] [os.ut.FileUtil/]: Reading file /sys/devices/system/cpu/cpu4/cache/index1/coherency_line_size
[16:01:10] [Render thread/DEBUG] [os.ut.FileUtil/]: Reading file /sys/devices/system/cpu/cpu4/cache/index1/coherency_line_size
[16:01:10] [Render thread/DEBUG] [os.ut.FileUtil/]: Reading file /sys/devices/system/cpu/cpu4/cache/index1/size
[16:01:10] [Render thread/DEBUG] [os.ut.FileUtil/]: Reading file /sys/devices/system/cpu/cpu4/cache/index1/size
[16:01:10] [Render thread/DEBUG] [os.ut.FileUtil/]: Reading file /sys/devices/system/cpu/cpu5/topology/core_id
[16:01:10] [Render thread/DEBUG] [os.ut.FileUtil/]: Reading file /sys/devices/system/cpu/cpu5/topology/core_id
[16:01:10] [Render thread/DEBUG] [os.ut.FileUtil/]: Reading file /sys/devices/system/cpu/cpu5/topology/physical_package_id
[16:01:10] [Render thread/DEBUG] [os.ut.FileUtil/]: Reading file /sys/devices/system/cpu/cpu5/topology/physical_package_id
[16:01:10] [Render thread/DEBUG] [os.ut.FileUtil/]: Reading file /sys/devices/system/cpu/cpu5/cpu_capacity
[16:01:10] [Render thread/DEBUG] [os.ut.FileUtil/]: Reading file /sys/devices/system/cpu/cpu5/cache/index2/level
[16:01:10] [Render thread/DEBUG] [os.ut.FileUtil/]: Reading file /sys/devices/system/cpu/cpu5/cache/index2/level
[16:01:10] [Render thread/DEBUG] [os.ut.FileUtil/]: Reading file /sys/devices/system/cpu/cpu5/cache/index2/type
[16:01:10] [Render thread/DEBUG] [os.ut.FileUtil/]: Reading file /sys/devices/system/cpu/cpu5/cache/index2/type
[16:01:10] [Render thread/DEBUG] [os.ut.FileUtil/]: Reading file /sys/devices/system/cpu/cpu5/cache/index2/ways_of_associativity
[16:01:10] [Render thread/DEBUG] [os.ut.FileUtil/]: Reading file /sys/devices/system/cpu/cpu5/cache/index2/ways_of_associativity
[16:01:10] [Render thread/DEBUG] [os.ut.FileUtil/]: Reading file /sys/devices/system/cpu/cpu5/cache/index2/coherency_line_size
[16:01:10] [Render thread/DEBUG] [os.ut.FileUtil/]: Reading file /sys/devices/system/cpu/cpu5/cache/index2/coherency_line_size
[16:01:10] [Render thread/DEBUG] [os.ut.FileUtil/]: Reading file /sys/devices/system/cpu/cpu5/cache/index2/size
[16:01:10] [Render thread/DEBUG] [os.ut.FileUtil/]: Reading file /sys/devices/system/cpu/cpu5/cache/index2/size
[16:01:10] [Render thread/DEBUG] [os.ut.FileUtil/]: Reading file /sys/devices/system/cpu/cpu5/cache/index0/level
[16:01:10] [Render thread/DEBUG] [os.ut.FileUtil/]: Reading file /sys/devices/system/cpu/cpu5/cache/index0/level
[16:01:10] [Render thread/DEBUG] [os.ut.FileUtil/]: Reading file /sys/devices/system/cpu/cpu5/cache/index0/type
[16:01:10] [Render thread/DEBUG] [os.ut.FileUtil/]: Reading file /sys/devices/system/cpu/cpu5/cache/index0/type
[16:01:10] [Render thread/DEBUG] [os.ut.FileUtil/]: Reading file /sys/devices/system/cpu/cpu5/cache/index0/ways_of_associativity
[16:01:10] [Render thread/DEBUG] [os.ut.FileUtil/]: Reading file /sys/devices/system/cpu/cpu5/cache/index0/ways_of_associativity
[16:01:10] [Render thread/DEBUG] [os.ut.FileUtil/]: Reading file /sys/devices/system/cpu/cpu5/cache/index0/coherency_line_size
[16:01:10] [Render thread/DEBUG] [os.ut.FileUtil/]: Reading file /sys/devices/system/cpu/cpu5/cache/index0/coherency_line_size
[16:01:10] [Render thread/DEBUG] [os.ut.FileUtil/]: Reading file /sys/devices/system/cpu/cpu5/cache/index0/size
[16:01:10] [Render thread/DEBUG] [os.ut.FileUtil/]: Reading file /sys/devices/system/cpu/cpu5/cache/index0/size
[16:01:10] [Render thread/DEBUG] [os.ut.FileUtil/]: Reading file /sys/devices/system/cpu/cpu5/cache/index3/level
[16:01:10] [Render thread/DEBUG] [os.ut.FileUtil/]: Reading file /sys/devices/system/cpu/cpu5/cache/index3/level
[16:01:10] [Render thread/DEBUG] [os.ut.FileUtil/]: Reading file /sys/devices/system/cpu/cpu5/cache/index3/type
[16:01:10] [Render thread/DEBUG] [os.ut.FileUtil/]: Reading file /sys/devices/system/cpu/cpu5/cache/index3/type
[16:01:10] [Render thread/DEBUG] [os.ut.FileUtil/]: Reading file /sys/devices/system/cpu/cpu5/cache/index3/ways_of_associativity
[16:01:10] [Render thread/DEBUG] [os.ut.FileUtil/]: Reading file /sys/devices/system/cpu/cpu5/cache/index3/ways_of_associativity
[16:01:10] [Render thread/DEBUG] [os.ut.FileUtil/]: Reading file /sys/devices/system/cpu/cpu5/cache/index3/coherency_line_size
[16:01:10] [Render thread/DEBUG] [os.ut.FileUtil/]: Reading file /sys/devices/system/cpu/cpu5/cache/index3/coherency_line_size
[16:01:10] [Render thread/DEBUG] [os.ut.FileUtil/]: Reading file /sys/devices/system/cpu/cpu5/cache/index3/size
[16:01:10] [Render thread/DEBUG] [os.ut.FileUtil/]: Reading file /sys/devices/system/cpu/cpu5/cache/index3/size
[16:01:10] [Render thread/DEBUG] [os.ut.FileUtil/]: Reading file /sys/devices/system/cpu/cpu5/cache/index1/level
[16:01:10] [Render thread/DEBUG] [os.ut.FileUtil/]: Reading file /sys/devices/system/cpu/cpu5/cache/index1/level
[16:01:10] [Render thread/DEBUG] [os.ut.FileUtil/]: Reading file /sys/devices/system/cpu/cpu5/cache/index1/type
[16:01:10] [Render thread/DEBUG] [os.ut.FileUtil/]: Reading file /sys/devices/system/cpu/cpu5/cache/index1/type
[16:01:10] [Render thread/DEBUG] [os.ut.FileUtil/]: Reading file /sys/devices/system/cpu/cpu5/cache/index1/ways_of_associativity
[16:01:10] [Render thread/DEBUG] [os.ut.FileUtil/]: Reading file /sys/devices/system/cpu/cpu5/cache/index1/ways_of_associativity
[16:01:10] [Render thread/DEBUG] [os.ut.FileUtil/]: Reading file /sys/devices/system/cpu/cpu5/cache/index1/coherency_line_size
[16:01:10] [Render thread/DEBUG] [os.ut.FileUtil/]: Reading file /sys/devices/system/cpu/cpu5/cache/index1/coherency_line_size
[16:01:10] [Render thread/DEBUG] [os.ut.FileUtil/]: Reading file /sys/devices/system/cpu/cpu5/cache/index1/size
[16:01:10] [Render thread/DEBUG] [os.ut.FileUtil/]: Reading file /sys/devices/system/cpu/cpu5/cache/index1/size
[16:01:10] [Render thread/DEBUG] [os.ut.FileUtil/]: Reading file /sys/devices/system/cpu/cpu6/topology/core_id
[16:01:10] [Render thread/DEBUG] [os.ut.FileUtil/]: Reading file /sys/devices/system/cpu/cpu6/topology/core_id
[16:01:10] [Render thread/DEBUG] [os.ut.FileUtil/]: Reading file /sys/devices/system/cpu/cpu6/topology/physical_package_id
[16:01:10] [Render thread/DEBUG] [os.ut.FileUtil/]: Reading file /sys/devices/system/cpu/cpu6/topology/physical_package_id
[16:01:10] [Render thread/DEBUG] [os.ut.FileUtil/]: Reading file /sys/devices/system/cpu/cpu6/cpu_capacity
[16:01:10] [Render thread/DEBUG] [os.ut.FileUtil/]: Reading file /sys/devices/system/cpu/cpu6/cache/index2/level
[16:01:10] [Render thread/DEBUG] [os.ut.FileUtil/]: Reading file /sys/devices/system/cpu/cpu6/cache/index2/level
[16:01:10] [Render thread/DEBUG] [os.ut.FileUtil/]: Reading file /sys/devices/system/cpu/cpu6/cache/index2/type
[16:01:10] [Render thread/DEBUG] [os.ut.FileUtil/]: Reading file /sys/devices/system/cpu/cpu6/cache/index2/type
[16:01:10] [Render thread/DEBUG] [os.ut.FileUtil/]: Reading file /sys/devices/system/cpu/cpu6/cache/index2/ways_of_associativity
[16:01:10] [Render thread/DEBUG] [os.ut.FileUtil/]: Reading file /sys/devices/system/cpu/cpu6/cache/index2/ways_of_associativity
[16:01:10] [Render thread/DEBUG] [os.ut.FileUtil/]: Reading file /sys/devices/system/cpu/cpu6/cache/index2/coherency_line_size
[16:01:10] [Render thread/DEBUG] [os.ut.FileUtil/]: Reading file /sys/devices/system/cpu/cpu6/cache/index2/coherency_line_size
[16:01:10] [Render thread/DEBUG] [os.ut.FileUtil/]: Reading file /sys/devices/system/cpu/cpu6/cache/index2/size
[16:01:10] [Render thread/DEBUG] [os.ut.FileUtil/]: Reading file /sys/devices/system/cpu/cpu6/cache/index2/size
[16:01:10] [Render thread/DEBUG] [os.ut.FileUtil/]: Reading file /sys/devices/system/cpu/cpu6/cache/index0/level
[16:01:10] [Render thread/DEBUG] [os.ut.FileUtil/]: Reading file /sys/devices/system/cpu/cpu6/cache/index0/level
[16:01:10] [Render thread/DEBUG] [os.ut.FileUtil/]: Reading file /sys/devices/system/cpu/cpu6/cache/index0/type
[16:01:10] [Render thread/DEBUG] [os.ut.FileUtil/]: Reading file /sys/devices/system/cpu/cpu6/cache/index0/type
[16:01:10] [Render thread/DEBUG] [os.ut.FileUtil/]: Reading file /sys/devices/system/cpu/cpu6/cache/index0/ways_of_associativity
[16:01:10] [Render thread/DEBUG] [os.ut.FileUtil/]: Reading file /sys/devices/system/cpu/cpu6/cache/index0/ways_of_associativity
[16:01:10] [Render thread/DEBUG] [os.ut.FileUtil/]: Reading file /sys/devices/system/cpu/cpu6/cache/index0/coherency_line_size
[16:01:10] [Render thread/DEBUG] [os.ut.FileUtil/]: Reading file /sys/devices/system/cpu/cpu6/cache/index0/coherency_line_size
[16:01:10] [Render thread/DEBUG] [os.ut.FileUtil/]: Reading file /sys/devices/system/cpu/cpu6/cache/index0/size
[16:01:10] [Render thread/DEBUG] [os.ut.FileUtil/]: Reading file /sys/devices/system/cpu/cpu6/cache/index0/size
[16:01:10] [Render thread/DEBUG] [os.ut.FileUtil/]: Reading file /sys/devices/system/cpu/cpu6/cache/index3/level
[16:01:10] [Render thread/DEBUG] [os.ut.FileUtil/]: Reading file /sys/devices/system/cpu/cpu6/cache/index3/level
[16:01:10] [Render thread/DEBUG] [os.ut.FileUtil/]: Reading file /sys/devices/system/cpu/cpu6/cache/index3/type
[16:01:10] [Render thread/DEBUG] [os.ut.FileUtil/]: Reading file /sys/devices/system/cpu/cpu6/cache/index3/type
[16:01:10] [Render thread/DEBUG] [os.ut.FileUtil/]: Reading file /sys/devices/system/cpu/cpu6/cache/index3/ways_of_associativity
[16:01:10] [Render thread/DEBUG] [os.ut.FileUtil/]: Reading file /sys/devices/system/cpu/cpu6/cache/index3/ways_of_associativity
[16:01:10] [Render thread/DEBUG] [os.ut.FileUtil/]: Reading file /sys/devices/system/cpu/cpu6/cache/index3/coherency_line_size
[16:01:10] [Render thread/DEBUG] [os.ut.FileUtil/]: Reading file /sys/devices/system/cpu/cpu6/cache/index3/coherency_line_size
[16:01:10] [Render thread/DEBUG] [os.ut.FileUtil/]: Reading file /sys/devices/system/cpu/cpu6/cache/index3/size
[16:01:10] [Render thread/DEBUG] [os.ut.FileUtil/]: Reading file /sys/devices/system/cpu/cpu6/cache/index3/size
[16:01:10] [Render thread/DEBUG] [os.ut.FileUtil/]: Reading file /sys/devices/system/cpu/cpu6/cache/index1/level
[16:01:10] [Render thread/DEBUG] [os.ut.FileUtil/]: Reading file /sys/devices/system/cpu/cpu6/cache/index1/level
[16:01:10] [Render thread/DEBUG] [os.ut.FileUtil/]: Reading file /sys/devices/system/cpu/cpu6/cache/index1/type
[16:01:10] [Render thread/DEBUG] [os.ut.FileUtil/]: Reading file /sys/devices/system/cpu/cpu6/cache/index1/type
[16:01:10] [Render thread/DEBUG] [os.ut.FileUtil/]: Reading file /sys/devices/system/cpu/cpu6/cache/index1/ways_of_associativity
[16:01:10] [Render thread/DEBUG] [os.ut.FileUtil/]: Reading file /sys/devices/system/cpu/cpu6/cache/index1/ways_of_associativity
[16:01:10] [Render thread/DEBUG] [os.ut.FileUtil/]: Reading file /sys/devices/system/cpu/cpu6/cache/index1/coherency_line_size
[16:01:10] [Render thread/DEBUG] [os.ut.FileUtil/]: Reading file /sys/devices/system/cpu/cpu6/cache/index1/coherency_line_size
[16:01:10] [Render thread/DEBUG] [os.ut.FileUtil/]: Reading file /sys/devices/system/cpu/cpu6/cache/index1/size
[16:01:10] [Render thread/DEBUG] [os.ut.FileUtil/]: Reading file /sys/devices/system/cpu/cpu6/cache/index1/size
[16:01:10] [Render thread/DEBUG] [os.ut.FileUtil/]: Reading file /sys/devices/system/cpu/cpu7/topology/core_id
[16:01:10] [Render thread/DEBUG] [os.ut.FileUtil/]: Reading file /sys/devices/system/cpu/cpu7/topology/core_id
[16:01:10] [Render thread/DEBUG] [os.ut.FileUtil/]: Reading file /sys/devices/system/cpu/cpu7/topology/physical_package_id
[16:01:10] [Render thread/DEBUG] [os.ut.FileUtil/]: Reading file /sys/devices/system/cpu/cpu7/topology/physical_package_id
[16:01:10] [Render thread/DEBUG] [os.ut.FileUtil/]: Reading file /sys/devices/system/cpu/cpu7/cpu_capacity
[16:01:10] [Render thread/DEBUG] [os.ut.FileUtil/]: Reading file /sys/devices/system/cpu/cpu7/cache/index2/level
[16:01:10] [Render thread/DEBUG] [os.ut.FileUtil/]: Reading file /sys/devices/system/cpu/cpu7/cache/index2/level
[16:01:10] [Render thread/DEBUG] [os.ut.FileUtil/]: Reading file /sys/devices/system/cpu/cpu7/cache/index2/type
[16:01:10] [Render thread/DEBUG] [os.ut.FileUtil/]: Reading file /sys/devices/system/cpu/cpu7/cache/index2/type
[16:01:10] [Render thread/DEBUG] [os.ut.FileUtil/]: Reading file /sys/devices/system/cpu/cpu7/cache/index2/ways_of_associativity
[16:01:10] [Render thread/DEBUG] [os.ut.FileUtil/]: Reading file /sys/devices/system/cpu/cpu7/cache/index2/ways_of_associativity
[16:01:10] [Render thread/DEBUG] [os.ut.FileUtil/]: Reading file /sys/devices/system/cpu/cpu7/cache/index2/coherency_line_size
[16:01:10] [Render thread/DEBUG] [os.ut.FileUtil/]: Reading file /sys/devices/system/cpu/cpu7/cache/index2/coherency_line_size
[16:01:10] [Render thread/DEBUG] [os.ut.FileUtil/]: Reading file /sys/devices/system/cpu/cpu7/cache/index2/size
[16:01:10] [Render thread/DEBUG] [os.ut.FileUtil/]: Reading file /sys/devices/system/cpu/cpu7/cache/index2/size
[16:01:10] [Render thread/DEBUG] [os.ut.FileUtil/]: Reading file /sys/devices/system/cpu/cpu7/cache/index0/level
[16:01:10] [Render thread/DEBUG] [os.ut.FileUtil/]: Reading file /sys/devices/system/cpu/cpu7/cache/index0/level
[16:01:10] [Render thread/DEBUG] [os.ut.FileUtil/]: Reading file /sys/devices/system/cpu/cpu7/cache/index0/type
[16:01:10] [Render thread/DEBUG] [os.ut.FileUtil/]: Reading file /sys/devices/system/cpu/cpu7/cache/index0/type
[16:01:10] [Render thread/DEBUG] [os.ut.FileUtil/]: Reading file /sys/devices/system/cpu/cpu7/cache/index0/ways_of_associativity
[16:01:10] [Render thread/DEBUG] [os.ut.FileUtil/]: Reading file /sys/devices/system/cpu/cpu7/cache/index0/ways_of_associativity
[16:01:10] [Render thread/DEBUG] [os.ut.FileUtil/]: Reading file /sys/devices/system/cpu/cpu7/cache/index0/coherency_line_size
[16:01:10] [Render thread/DEBUG] [os.ut.FileUtil/]: Reading file /sys/devices/system/cpu/cpu7/cache/index0/coherency_line_size
[16:01:10] [Render thread/DEBUG] [os.ut.FileUtil/]: Reading file /sys/devices/system/cpu/cpu7/cache/index0/size
[16:01:10] [Render thread/DEBUG] [os.ut.FileUtil/]: Reading file /sys/devices/system/cpu/cpu7/cache/index0/size
[16:01:10] [Render thread/DEBUG] [os.ut.FileUtil/]: Reading file /sys/devices/system/cpu/cpu7/cache/index3/level
[16:01:10] [Render thread/DEBUG] [os.ut.FileUtil/]: Reading file /sys/devices/system/cpu/cpu7/cache/index3/level
[16:01:10] [Render thread/DEBUG] [os.ut.FileUtil/]: Reading file /sys/devices/system/cpu/cpu7/cache/index3/type
[16:01:10] [Render thread/DEBUG] [os.ut.FileUtil/]: Reading file /sys/devices/system/cpu/cpu7/cache/index3/type
[16:01:10] [Render thread/DEBUG] [os.ut.FileUtil/]: Reading file /sys/devices/system/cpu/cpu7/cache/index3/ways_of_associativity
[16:01:10] [Render thread/DEBUG] [os.ut.FileUtil/]: Reading file /sys/devices/system/cpu/cpu7/cache/index3/ways_of_associativity
[16:01:10] [Render thread/DEBUG] [os.ut.FileUtil/]: Reading file /sys/devices/system/cpu/cpu7/cache/index3/coherency_line_size
[16:01:10] [Render thread/DEBUG] [os.ut.FileUtil/]: Reading file /sys/devices/system/cpu/cpu7/cache/index3/coherency_line_size
[16:01:10] [Render thread/DEBUG] [os.ut.FileUtil/]: Reading file /sys/devices/system/cpu/cpu7/cache/index3/size
[16:01:10] [Render thread/DEBUG] [os.ut.FileUtil/]: Reading file /sys/devices/system/cpu/cpu7/cache/index3/size
[16:01:10] [Render thread/DEBUG] [os.ut.FileUtil/]: Reading file /sys/devices/system/cpu/cpu7/cache/index1/level
[16:01:10] [Render thread/DEBUG] [os.ut.FileUtil/]: Reading file /sys/devices/system/cpu/cpu7/cache/index1/level
[16:01:10] [Render thread/DEBUG] [os.ut.FileUtil/]: Reading file /sys/devices/system/cpu/cpu7/cache/index1/type
[16:01:10] [Render thread/DEBUG] [os.ut.FileUtil/]: Reading file /sys/devices/system/cpu/cpu7/cache/index1/type
[16:01:10] [Render thread/DEBUG] [os.ut.FileUtil/]: Reading file /sys/devices/system/cpu/cpu7/cache/index1/ways_of_associativity
[16:01:10] [Render thread/DEBUG] [os.ut.FileUtil/]: Reading file /sys/devices/system/cpu/cpu7/cache/index1/ways_of_associativity
[16:01:10] [Render thread/DEBUG] [os.ut.FileUtil/]: Reading file /sys/devices/system/cpu/cpu7/cache/index1/coherency_line_size
[16:01:10] [Render thread/DEBUG] [os.ut.FileUtil/]: Reading file /sys/devices/system/cpu/cpu7/cache/index1/coherency_line_size
[16:01:10] [Render thread/DEBUG] [os.ut.FileUtil/]: Reading file /sys/devices/system/cpu/cpu7/cache/index1/size
[16:01:10] [Render thread/DEBUG] [os.ut.FileUtil/]: Reading file /sys/devices/system/cpu/cpu7/cache/index1/size
[16:01:10] [Render thread/DEBUG] [os.ut.FileUtil/]: Reading file /sys/devices/system/cpu/cpu8/topology/core_id
[16:01:10] [Render thread/DEBUG] [os.ut.FileUtil/]: Reading file /sys/devices/system/cpu/cpu8/topology/core_id
[16:01:10] [Render thread/DEBUG] [os.ut.FileUtil/]: Reading file /sys/devices/system/cpu/cpu8/topology/physical_package_id
[16:01:10] [Render thread/DEBUG] [os.ut.FileUtil/]: Reading file /sys/devices/system/cpu/cpu8/topology/physical_package_id
[16:01:10] [Render thread/DEBUG] [os.ut.FileUtil/]: Reading file /sys/devices/system/cpu/cpu8/cpu_capacity
[16:01:10] [Render thread/DEBUG] [os.ut.FileUtil/]: Reading file /sys/devices/system/cpu/cpu8/cache/index2/level
[16:01:10] [Render thread/DEBUG] [os.ut.FileUtil/]: Reading file /sys/devices/system/cpu/cpu8/cache/index2/level
[16:01:10] [Render thread/DEBUG] [os.ut.FileUtil/]: Reading file /sys/devices/system/cpu/cpu8/cache/index2/type
[16:01:10] [Render thread/DEBUG] [os.ut.FileUtil/]: Reading file /sys/devices/system/cpu/cpu8/cache/index2/type
[16:01:10] [Render thread/DEBUG] [os.ut.FileUtil/]: Reading file /sys/devices/system/cpu/cpu8/cache/index2/ways_of_associativity
[16:01:10] [Render thread/DEBUG] [os.ut.FileUtil/]: Reading file /sys/devices/system/cpu/cpu8/cache/index2/ways_of_associativity
[16:01:10] [Render thread/DEBUG] [os.ut.FileUtil/]: Reading file /sys/devices/system/cpu/cpu8/cache/index2/coherency_line_size
[16:01:10] [Render thread/DEBUG] [os.ut.FileUtil/]: Reading file /sys/devices/system/cpu/cpu8/cache/index2/coherency_line_size
[16:01:10] [Render thread/DEBUG] [os.ut.FileUtil/]: Reading file /sys/devices/system/cpu/cpu8/cache/index2/size
[16:01:10] [Render thread/DEBUG] [os.ut.FileUtil/]: Reading file /sys/devices/system/cpu/cpu8/cache/index2/size
[16:01:10] [Render thread/DEBUG] [os.ut.FileUtil/]: Reading file /sys/devices/system/cpu/cpu8/cache/index0/level
[16:01:10] [Render thread/DEBUG] [os.ut.FileUtil/]: Reading file /sys/devices/system/cpu/cpu8/cache/index0/level
[16:01:10] [Render thread/DEBUG] [os.ut.FileUtil/]: Reading file /sys/devices/system/cpu/cpu8/cache/index0/type
[16:01:10] [Render thread/DEBUG] [os.ut.FileUtil/]: Reading file /sys/devices/system/cpu/cpu8/cache/index0/type
[16:01:10] [Render thread/DEBUG] [os.ut.FileUtil/]: Reading file /sys/devices/system/cpu/cpu8/cache/index0/ways_of_associativity
[16:01:10] [Render thread/DEBUG] [os.ut.FileUtil/]: Reading file /sys/devices/system/cpu/cpu8/cache/index0/ways_of_associativity
[16:01:10] [Render thread/DEBUG] [os.ut.FileUtil/]: Reading file /sys/devices/system/cpu/cpu8/cache/index0/coherency_line_size
[16:01:10] [Render thread/DEBUG] [os.ut.FileUtil/]: Reading file /sys/devices/system/cpu/cpu8/cache/index0/coherency_line_size
[16:01:10] [Render thread/DEBUG] [os.ut.FileUtil/]: Reading file /sys/devices/system/cpu/cpu8/cache/index0/size
[16:01:10] [Render thread/DEBUG] [os.ut.FileUtil/]: Reading file /sys/devices/system/cpu/cpu8/cache/index0/size
[16:01:10] [Render thread/DEBUG] [os.ut.FileUtil/]: Reading file /sys/devices/system/cpu/cpu8/cache/index3/level
[16:01:10] [Render thread/DEBUG] [os.ut.FileUtil/]: Reading file /sys/devices/system/cpu/cpu8/cache/index3/level
[16:01:10] [Render thread/DEBUG] [os.ut.FileUtil/]: Reading file /sys/devices/system/cpu/cpu8/cache/index3/type
[16:01:10] [Render thread/DEBUG] [os.ut.FileUtil/]: Reading file /sys/devices/system/cpu/cpu8/cache/index3/type
[16:01:10] [Render thread/DEBUG] [os.ut.FileUtil/]: Reading file /sys/devices/system/cpu/cpu8/cache/index3/ways_of_associativity
[16:01:10] [Render thread/DEBUG] [os.ut.FileUtil/]: Reading file /sys/devices/system/cpu/cpu8/cache/index3/ways_of_associativity
[16:01:10] [Render thread/DEBUG] [os.ut.FileUtil/]: Reading file /sys/devices/system/cpu/cpu8/cache/index3/coherency_line_size
[16:01:10] [Render thread/DEBUG] [os.ut.FileUtil/]: Reading file /sys/devices/system/cpu/cpu8/cache/index3/coherency_line_size
[16:01:10] [Render thread/DEBUG] [os.ut.FileUtil/]: Reading file /sys/devices/system/cpu/cpu8/cache/index3/size
[16:01:10] [Render thread/DEBUG] [os.ut.FileUtil/]: Reading file /sys/devices/system/cpu/cpu8/cache/index3/size
[16:01:10] [Render thread/DEBUG] [os.ut.FileUtil/]: Reading file /sys/devices/system/cpu/cpu8/cache/index1/level
[16:01:10] [Render thread/DEBUG] [os.ut.FileUtil/]: Reading file /sys/devices/system/cpu/cpu8/cache/index1/level
[16:01:10] [Render thread/DEBUG] [os.ut.FileUtil/]: Reading file /sys/devices/system/cpu/cpu8/cache/index1/type
[16:01:10] [Render thread/DEBUG] [os.ut.FileUtil/]: Reading file /sys/devices/system/cpu/cpu8/cache/index1/type
[16:01:10] [Render thread/DEBUG] [os.ut.FileUtil/]: Reading file /sys/devices/system/cpu/cpu8/cache/index1/ways_of_associativity
[16:01:10] [Render thread/DEBUG] [os.ut.FileUtil/]: Reading file /sys/devices/system/cpu/cpu8/cache/index1/ways_of_associativity
[16:01:10] [Render thread/DEBUG] [os.ut.FileUtil/]: Reading file /sys/devices/system/cpu/cpu8/cache/index1/coherency_line_size
[16:01:10] [Render thread/DEBUG] [os.ut.FileUtil/]: Reading file /sys/devices/system/cpu/cpu8/cache/index1/coherency_line_size
[16:01:10] [Render thread/DEBUG] [os.ut.FileUtil/]: Reading file /sys/devices/system/cpu/cpu8/cache/index1/size
[16:01:10] [Render thread/DEBUG] [os.ut.FileUtil/]: Reading file /sys/devices/system/cpu/cpu8/cache/index1/size
[16:01:10] [Render thread/DEBUG] [os.ut.FileUtil/]: Reading file /sys/devices/system/cpu/cpu9/topology/core_id
[16:01:10] [Render thread/DEBUG] [os.ut.FileUtil/]: Reading file /sys/devices/system/cpu/cpu9/topology/core_id
[16:01:10] [Render thread/DEBUG] [os.ut.FileUtil/]: Reading file /sys/devices/system/cpu/cpu9/topology/physical_package_id
[16:01:10] [Render thread/DEBUG] [os.ut.FileUtil/]: Reading file /sys/devices/system/cpu/cpu9/topology/physical_package_id
[16:01:10] [Render thread/DEBUG] [os.ut.FileUtil/]: Reading file /sys/devices/system/cpu/cpu9/cpu_capacity
[16:01:10] [Render thread/DEBUG] [os.ut.FileUtil/]: Reading file /sys/devices/system/cpu/cpu9/cache/index2/level
[16:01:10] [Render thread/DEBUG] [os.ut.FileUtil/]: Reading file /sys/devices/system/cpu/cpu9/cache/index2/level
[16:01:10] [Render thread/DEBUG] [os.ut.FileUtil/]: Reading file /sys/devices/system/cpu/cpu9/cache/index2/type
[16:01:10] [Render thread/DEBUG] [os.ut.FileUtil/]: Reading file /sys/devices/system/cpu/cpu9/cache/index2/type
[16:01:10] [Render thread/DEBUG] [os.ut.FileUtil/]: Reading file /sys/devices/system/cpu/cpu9/cache/index2/ways_of_associativity
[16:01:10] [Render thread/DEBUG] [os.ut.FileUtil/]: Reading file /sys/devices/system/cpu/cpu9/cache/index2/ways_of_associativity
[16:01:10] [Render thread/DEBUG] [os.ut.FileUtil/]: Reading file /sys/devices/system/cpu/cpu9/cache/index2/coherency_line_size
[16:01:10] [Render thread/DEBUG] [os.ut.FileUtil/]: Reading file /sys/devices/system/cpu/cpu9/cache/index2/coherency_line_size
[16:01:10] [Render thread/DEBUG] [os.ut.FileUtil/]: Reading file /sys/devices/system/cpu/cpu9/cache/index2/size
[16:01:10] [Render thread/DEBUG] [os.ut.FileUtil/]: Reading file /sys/devices/system/cpu/cpu9/cache/index2/size
[16:01:10] [Render thread/DEBUG] [os.ut.FileUtil/]: Reading file /sys/devices/system/cpu/cpu9/cache/index0/level
[16:01:10] [Render thread/DEBUG] [os.ut.FileUtil/]: Reading file /sys/devices/system/cpu/cpu9/cache/index0/level
[16:01:10] [Render thread/DEBUG] [os.ut.FileUtil/]: Reading file /sys/devices/system/cpu/cpu9/cache/index0/type
[16:01:10] [Render thread/DEBUG] [os.ut.FileUtil/]: Reading file /sys/devices/system/cpu/cpu9/cache/index0/type
[16:01:10] [Render thread/DEBUG] [os.ut.FileUtil/]: Reading file /sys/devices/system/cpu/cpu9/cache/index0/ways_of_associativity
[16:01:10] [Render thread/DEBUG] [os.ut.FileUtil/]: Reading file /sys/devices/system/cpu/cpu9/cache/index0/ways_of_associativity
[16:01:10] [Render thread/DEBUG] [os.ut.FileUtil/]: Reading file /sys/devices/system/cpu/cpu9/cache/index0/coherency_line_size
[16:01:10] [Render thread/DEBUG] [os.ut.FileUtil/]: Reading file /sys/devices/system/cpu/cpu9/cache/index0/coherency_line_size
[16:01:10] [Render thread/DEBUG] [os.ut.FileUtil/]: Reading file /sys/devices/system/cpu/cpu9/cache/index0/size
[16:01:10] [Render thread/DEBUG] [os.ut.FileUtil/]: Reading file /sys/devices/system/cpu/cpu9/cache/index0/size
[16:01:10] [Render thread/DEBUG] [os.ut.FileUtil/]: Reading file /sys/devices/system/cpu/cpu9/cache/index3/level
[16:01:10] [Render thread/DEBUG] [os.ut.FileUtil/]: Reading file /sys/devices/system/cpu/cpu9/cache/index3/level
[16:01:10] [Render thread/DEBUG] [os.ut.FileUtil/]: Reading file /sys/devices/system/cpu/cpu9/cache/index3/type
[16:01:10] [Render thread/DEBUG] [os.ut.FileUtil/]: Reading file /sys/devices/system/cpu/cpu9/cache/index3/type
[16:01:10] [Render thread/DEBUG] [os.ut.FileUtil/]: Reading file /sys/devices/system/cpu/cpu9/cache/index3/ways_of_associativity
[16:01:10] [Render thread/DEBUG] [os.ut.FileUtil/]: Reading file /sys/devices/system/cpu/cpu9/cache/index3/ways_of_associativity
[16:01:10] [Render thread/DEBUG] [os.ut.FileUtil/]: Reading file /sys/devices/system/cpu/cpu9/cache/index3/coherency_line_size
[16:01:10] [Render thread/DEBUG] [os.ut.FileUtil/]: Reading file /sys/devices/system/cpu/cpu9/cache/index3/coherency_line_size
[16:01:10] [Render thread/DEBUG] [os.ut.FileUtil/]: Reading file /sys/devices/system/cpu/cpu9/cache/index3/size
[16:01:10] [Render thread/DEBUG] [os.ut.FileUtil/]: Reading file /sys/devices/system/cpu/cpu9/cache/index3/size
[16:01:10] [Render thread/DEBUG] [os.ut.FileUtil/]: Reading file /sys/devices/system/cpu/cpu9/cache/index1/level
[16:01:10] [Render thread/DEBUG] [os.ut.FileUtil/]: Reading file /sys/devices/system/cpu/cpu9/cache/index1/level
[16:01:10] [Render thread/DEBUG] [os.ut.FileUtil/]: Reading file /sys/devices/system/cpu/cpu9/cache/index1/type
[16:01:10] [Render thread/DEBUG] [os.ut.FileUtil/]: Reading file /sys/devices/system/cpu/cpu9/cache/index1/type
[16:01:10] [Render thread/DEBUG] [os.ut.FileUtil/]: Reading file /sys/devices/system/cpu/cpu9/cache/index1/ways_of_associativity
[16:01:10] [Render thread/DEBUG] [os.ut.FileUtil/]: Reading file /sys/devices/system/cpu/cpu9/cache/index1/ways_of_associativity
[16:01:10] [Render thread/DEBUG] [os.ut.FileUtil/]: Reading file /sys/devices/system/cpu/cpu9/cache/index1/coherency_line_size
[16:01:10] [Render thread/DEBUG] [os.ut.FileUtil/]: Reading file /sys/devices/system/cpu/cpu9/cache/index1/coherency_line_size
[16:01:10] [Render thread/DEBUG] [os.ut.FileUtil/]: Reading file /sys/devices/system/cpu/cpu9/cache/index1/size
[16:01:10] [Render thread/DEBUG] [os.ut.FileUtil/]: Reading file /sys/devices/system/cpu/cpu9/cache/index1/size
[16:01:10] [Render thread/DEBUG] [os.ut.FileUtil/]: Reading file /proc/cpuinfo
[16:01:10] [Render thread/DEBUG] [os.ut.FileUtil/]: Reading file /proc/self/auxv
[16:01:10] [Render thread/DEBUG] [ne.mi.co.ForgeI18n/CORE]: Loading I18N data entries: 7098
[16:01:10] [Render thread/DEBUG] [ne.mi.fm.ModWorkManager/LOADING]: Using 16 threads for parallel mod-loading
[16:01:10] [Render thread/DEBUG] [ne.mi.fm.ja.FMLJavaModLanguageProvider/LOADING]: Loading FMLModContainer from classloader TransformingClassLoader[TRANSFORMER]@722321959 - got SecureModuleClassLoader[LAYER PLUGIN]@1033425208
[16:01:10] [Render thread/DEBUG] [ne.mi.fm.ja.FMLModContainer/LOADING]: Creating FMLModContainer instance for jp.stach.mobcatch.MobCatch
[16:01:10] [Render thread/DEBUG] [ne.mi.fm.ja.FMLModContainer/LOADING]: Loaded modclass mobcatch/jp.stach.mobcatch.MobCatch with TransformingClassLoader[TRANSFORMER]@722321959
[16:01:10] [Render thread/DEBUG] [ne.mi.fm.ja.FMLJavaModLanguageProvider/LOADING]: Loading FMLModContainer from classloader TransformingClassLoader[TRANSFORMER]@722321959 - got SecureModuleClassLoader[LAYER PLUGIN]@1033425208
[16:01:10] [Render thread/DEBUG] [ne.mi.fm.ja.FMLModContainer/LOADING]: Creating FMLModContainer instance for net.minecraftforge.common.ForgeMod
[16:01:10] [Render thread/DEBUG] [ne.mi.fm.ja.FMLModContainer/LOADING]: Loaded modclass net.minecraftforge.forge/net.minecraftforge.common.ForgeMod with TransformingClassLoader[TRANSFORMER]@722321959
### MOB_CATCH_DEBUG ### ENTITY_TYPE total=130 captured_items_added=79
### MOB_CATCH_DEBUG ### CAPTURED_ITEMS size=79
[16:01:10] [modloading-worker-0/DEBUG] [ne.mi.fm.ja.AutomaticEventSubscriber/LOADING]: Attempting to inject @EventBusSubscriber classes into the eventbus for mobcatch
[16:01:10] [modloading-worker-0/DEBUG] [ne.mi.ve.fo.ForgeVersion/CORE]: Forge Version package package net.minecraftforge.versions.forge, Forge, version 0.0 from TransformingClassLoader[TRANSFORMER]@722321959
[16:01:10] [modloading-worker-0/DEBUG] [ne.mi.ve.fo.ForgeVersion/CORE]: Found Forge version 52.1.0
[16:01:10] [modloading-worker-0/DEBUG] [ne.mi.ve.fo.ForgeVersion/CORE]: Found Forge spec 0.0
[16:01:10] [modloading-worker-0/DEBUG] [ne.mi.ve.fo.ForgeVersion/CORE]: Found Forge group net.minecraftforge
[16:01:10] [modloading-worker-0/DEBUG] [ne.mi.ve.mc.MCPVersion/CORE]: MCP Version package package net.minecraftforge.versions.mcp, Minecraft, version 1.21.1 from TransformingClassLoader[TRANSFORMER]@722321959
[16:01:10] [modloading-worker-0/DEBUG] [ne.mi.ve.mc.MCPVersion/CORE]: Found MC version information 1.21.1
[16:01:10] [modloading-worker-0/DEBUG] [ne.mi.ve.mc.MCPVersion/CORE]: Found MCP version information 20240808.132146
[16:01:10] [modloading-worker-0/INFO] [ne.mi.co.ForgeMod/FORGEMOD]: Forge mod loading, version 52.1.0, for MC 1.21.1 with MCP 20240808.132146
[16:01:10] [modloading-worker-0/INFO] [ne.mi.co.MinecraftForge/FORGE]: MinecraftForge v52.1.0 Initialized
[16:01:10] [modloading-worker-0/INFO] [ne.mi.co.ForgeMod/FORGEMOD]: Opening jdk.naming.dns/com.sun.jndi.dns to java.naming
[16:01:10] [modloading-worker-0/DEBUG] [io.ne.ut.in.PlatformDependent0/]: -Dio.netty.noUnsafe: false
[16:01:10] [modloading-worker-0/DEBUG] [io.ne.ut.in.PlatformDependent0/]: Java version: 21
[16:01:10] [modloading-worker-0/DEBUG] [io.ne.ut.in.PlatformDependent0/]: sun.misc.Unsafe.theUnsafe: available
[16:01:10] [modloading-worker-0/DEBUG] [io.ne.ut.in.PlatformDependent0/]: sun.misc.Unsafe.copyMemory: available
[16:01:10] [modloading-worker-0/DEBUG] [io.ne.ut.in.PlatformDependent0/]: sun.misc.Unsafe.storeFence: available
[16:01:10] [modloading-worker-0/DEBUG] [io.ne.ut.in.PlatformDependent0/]: java.nio.Buffer.address: available
[16:01:10] [modloading-worker-0/DEBUG] [io.ne.ut.in.PlatformDependent0/]: direct buffer constructor: unavailable
java.lang.UnsupportedOperationException: Reflective setAccessible(true) disabled
	at SECURE-BOOTSTRAP/io.netty.common@4.1.97.Final/io.netty.util.internal.ReflectionUtil.trySetAccessible(ReflectionUtil.java:31) ~[netty-common-4.1.97.Final.jar:4.1.97.Final]
	at SECURE-BOOTSTRAP/io.netty.common@4.1.97.Final/io.netty.util.internal.PlatformDependent0$5.run(PlatformDependent0.java:289) ~[netty-common-4.1.97.Final.jar:4.1.97.Final]
	at java.base/java.security.AccessController.doPrivileged(AccessController.java:319) ~[?:?]
	at SECURE-BOOTSTRAP/io.netty.common@4.1.97.Final/io.netty.util.internal.PlatformDependent0.<clinit>(PlatformDependent0.java:282) ~[netty-common-4.1.97.Final.jar:4.1.97.Final]
	at SECURE-BOOTSTRAP/io.netty.common@4.1.97.Final/io.netty.util.internal.PlatformDependent.isAndroid(PlatformDependent.java:333) ~[netty-common-4.1.97.Final.jar:4.1.97.Final]
	at SECURE-BOOTSTRAP/io.netty.common@4.1.97.Final/io.netty.util.internal.PlatformDependent.<clinit>(PlatformDependent.java:88) ~[netty-common-4.1.97.Final.jar:4.1.97.Final]
	at SECURE-BOOTSTRAP/io.netty.common@4.1.97.Final/io.netty.util.ConstantPool.<init>(ConstantPool.java:34) ~[netty-common-4.1.97.Final.jar:4.1.97.Final]
	at SECURE-BOOTSTRAP/io.netty.common@4.1.97.Final/io.netty.util.AttributeKey$1.<init>(AttributeKey.java:27) ~[netty-common-4.1.97.Final.jar:4.1.97.Final]
	at SECURE-BOOTSTRAP/io.netty.common@4.1.97.Final/io.netty.util.AttributeKey.<clinit>(AttributeKey.java:27) ~[netty-common-4.1.97.Final.jar:4.1.97.Final]
	at TRANSFORMER/net.minecraftforge.forge@52.1.0/net.minecraftforge.network.NetworkInitialization.<clinit>(NetworkInitialization.java:27) ~[forge-1.21.1-52.1.0_mapped_official_1.21.1.jar:?]
	at TRANSFORMER/net.minecraftforge.forge@52.1.0/net.minecraftforge.common.ForgeMod.<init>(ForgeMod.java:381) ~[forge-1.21.1-52.1.0_mapped_official_1.21.1.jar:?]
	at java.base/jdk.internal.reflect.DirectConstructorHandleAccessor.newInstance(DirectConstructorHandleAccessor.java:62) ~[?:?]
	at java.base/java.lang.reflect.Constructor.newInstanceWithCaller(Constructor.java:502) ~[?:?]
	at java.base/java.lang.reflect.Constructor.newInstance(Constructor.java:486) ~[?:?]
	at LAYER PLUGIN/net.minecraftforge.javafmlmod@1.21.1-52.1.0/net.minecraftforge.fml.javafmlmod.FMLModContainer.constructMod(FMLModContainer.java:145) ~[javafmllanguage-1.21.1-52.1.0.jar!/:52.1.0]
	at LAYER PLUGIN/net.minecraftforge.fmlcore@1.21.1-52.1.0/net.minecraftforge.fml.ModContainer.lambda$buildTransitionHandler$5(ModContainer.java:125) ~[fmlcore-1.21.1-52.1.0.jar!/:1.0]
	at java.base/java.util.concurrent.CompletableFuture$AsyncRun.run(CompletableFuture.java:1804) [?:?]
	at java.base/java.util.concurrent.CompletableFuture$AsyncRun.exec(CompletableFuture.java:1796) [?:?]
	at java.base/java.util.concurrent.ForkJoinTask.doExec(ForkJoinTask.java:387) [?:?]
	at java.base/java.util.concurrent.ForkJoinPool$WorkQueue.topLevelExec(ForkJoinPool.java:1312) [?:?]
	at java.base/java.util.concurrent.ForkJoinPool.scan(ForkJoinPool.java:1843) [?:?]
	at java.base/java.util.concurrent.ForkJoinPool.runWorker(ForkJoinPool.java:1808) [?:?]
	at java.base/java.util.concurrent.ForkJoinWorkerThread.run(ForkJoinWorkerThread.java:188) [?:?]
Transformer Audit:
  net.minecraftforge.common.ForgeMod
    REASON: classloading
  net.minecraftforge.network.NetworkInitialization
    REASON: classloading
[16:01:10] [modloading-worker-0/DEBUG] [io.ne.ut.in.PlatformDependent0/]: java.nio.Bits.unaligned: available, true
[16:01:10] [modloading-worker-0/DEBUG] [io.ne.ut.in.PlatformDependent0/]: jdk.internal.misc.Unsafe.allocateUninitializedArray(int): unavailable
java.lang.IllegalAccessException: class io.netty.util.internal.PlatformDependent0$7 (in module io.netty.common) cannot access class jdk.internal.misc.Unsafe (in module java.base) because module java.base does not export jdk.internal.misc to module io.netty.common
	at java.base/jdk.internal.reflect.Reflection.newIllegalAccessException(Reflection.java:394) ~[?:?]
	at java.base/java.lang.reflect.AccessibleObject.checkAccess(AccessibleObject.java:714) ~[?:?]
	at java.base/java.lang.reflect.Method.invoke(Method.java:571) ~[?:?]
	at SECURE-BOOTSTRAP/io.netty.common@4.1.97.Final/io.netty.util.internal.PlatformDependent0$7.run(PlatformDependent0.java:411) ~[netty-common-4.1.97.Final.jar:4.1.97.Final]
	at java.base/java.security.AccessController.doPrivileged(AccessController.java:319) ~[?:?]
	at SECURE-BOOTSTRAP/io.netty.common@4.1.97.Final/io.netty.util.internal.PlatformDependent0.<clinit>(PlatformDependent0.java:402) ~[netty-common-4.1.97.Final.jar:4.1.97.Final]
	at SECURE-BOOTSTRAP/io.netty.common@4.1.97.Final/io.netty.util.internal.PlatformDependent.isAndroid(PlatformDependent.java:333) ~[netty-common-4.1.97.Final.jar:4.1.97.Final]
	at SECURE-BOOTSTRAP/io.netty.common@4.1.97.Final/io.netty.util.internal.PlatformDependent.<clinit>(PlatformDependent.java:88) ~[netty-common-4.1.97.Final.jar:4.1.97.Final]
	at SECURE-BOOTSTRAP/io.netty.common@4.1.97.Final/io.netty.util.ConstantPool.<init>(ConstantPool.java:34) ~[netty-common-4.1.97.Final.jar:4.1.97.Final]
	at SECURE-BOOTSTRAP/io.netty.common@4.1.97.Final/io.netty.util.AttributeKey$1.<init>(AttributeKey.java:27) ~[netty-common-4.1.97.Final.jar:4.1.97.Final]
	at SECURE-BOOTSTRAP/io.netty.common@4.1.97.Final/io.netty.util.AttributeKey.<clinit>(AttributeKey.java:27) ~[netty-common-4.1.97.Final.jar:4.1.97.Final]
	at TRANSFORMER/net.minecraftforge.forge@52.1.0/net.minecraftforge.network.NetworkInitialization.<clinit>(NetworkInitialization.java:27) ~[forge-1.21.1-52.1.0_mapped_official_1.21.1.jar:?]
	at TRANSFORMER/net.minecraftforge.forge@52.1.0/net.minecraftforge.common.ForgeMod.<init>(ForgeMod.java:381) ~[forge-1.21.1-52.1.0_mapped_official_1.21.1.jar:?]
	at java.base/jdk.internal.reflect.DirectConstructorHandleAccessor.newInstance(DirectConstructorHandleAccessor.java:62) ~[?:?]
	at java.base/java.lang.reflect.Constructor.newInstanceWithCaller(Constructor.java:502) ~[?:?]
	at java.base/java.lang.reflect.Constructor.newInstance(Constructor.java:486) ~[?:?]
	at LAYER PLUGIN/net.minecraftforge.javafmlmod@1.21.1-52.1.0/net.minecraftforge.fml.javafmlmod.FMLModContainer.constructMod(FMLModContainer.java:145) ~[javafmllanguage-1.21.1-52.1.0.jar!/:52.1.0]
	at LAYER PLUGIN/net.minecraftforge.fmlcore@1.21.1-52.1.0/net.minecraftforge.fml.ModContainer.lambda$buildTransitionHandler$5(ModContainer.java:125) ~[fmlcore-1.21.1-52.1.0.jar!/:1.0]
	at java.base/java.util.concurrent.CompletableFuture$AsyncRun.run(CompletableFuture.java:1804) [?:?]
	at java.base/java.util.concurrent.CompletableFuture$AsyncRun.exec(CompletableFuture.java:1796) [?:?]
	at java.base/java.util.concurrent.ForkJoinTask.doExec(ForkJoinTask.java:387) [?:?]
	at java.base/java.util.concurrent.ForkJoinPool$WorkQueue.topLevelExec(ForkJoinPool.java:1312) [?:?]
	at java.base/java.util.concurrent.ForkJoinPool.scan(ForkJoinPool.java:1843) [?:?]
	at java.base/java.util.concurrent.ForkJoinPool.runWorker(ForkJoinPool.java:1808) [?:?]
	at java.base/java.util.concurrent.ForkJoinWorkerThread.run(ForkJoinWorkerThread.java:188) [?:?]
Transformer Audit:
  net.minecraftforge.common.ForgeMod
    REASON: classloading
  net.minecraftforge.network.NetworkInitialization
    REASON: classloading
[16:01:10] [modloading-worker-0/DEBUG] [io.ne.ut.in.PlatformDependent0/]: java.nio.DirectByteBuffer.<init>(long, {int,long}): unavailable
[16:01:10] [modloading-worker-0/DEBUG] [io.ne.ut.in.PlatformDependent/]: sun.misc.Unsafe: available
[16:01:10] [modloading-worker-0/DEBUG] [io.ne.ut.in.PlatformDependent/]: maxDirectMemory: 2074083328 bytes (maybe)
[16:01:10] [modloading-worker-0/DEBUG] [io.ne.ut.in.PlatformDependent/]: -Dio.netty.tmpdir: /tmp (java.io.tmpdir)
[16:01:10] [modloading-worker-0/DEBUG] [io.ne.ut.in.PlatformDependent/]: -Dio.netty.bitMode: 64 (sun.arch.data.model)
[16:01:10] [modloading-worker-0/DEBUG] [io.ne.ut.in.PlatformDependent/]: -Dio.netty.maxDirectMemory: -1 bytes
[16:01:10] [modloading-worker-0/DEBUG] [io.ne.ut.in.PlatformDependent/]: -Dio.netty.uninitializedArrayAllocationThreshold: -1
[16:01:10] [modloading-worker-0/DEBUG] [io.ne.ut.in.CleanerJava9/]: java.nio.ByteBuffer.cleaner(): available
[16:01:10] [modloading-worker-0/DEBUG] [io.ne.ut.in.PlatformDependent/]: -Dio.netty.noPreferDirect: false
[16:01:10] [modloading-worker-0/DEBUG] [ne.mi.ne.NetworkInitialization/FORGE_NETWORK]: Registering Network forge:login v0
[16:01:10] [modloading-worker-0/DEBUG] [ne.mi.ne.NetworkInitialization/FORGE_NETWORK]: Registering Network forge:handshake v0
[16:01:10] [modloading-worker-0/DEBUG] [ne.mi.ne.NetworkInitialization/FORGE_NETWORK]: Registering Network forge:handshake v0
[16:01:10] [modloading-worker-0/DEBUG] [ne.mi.ne.NetworkInitialization/FORGE_NETWORK]: Registering Network forge:channel_registration v0
[16:01:10] [modloading-worker-0/DEBUG] [ne.mi.fm.co.ConfigTracker/CONFIG]: Config file forge-client.toml for forge tracking
[16:01:10] [modloading-worker-0/DEBUG] [ne.mi.fm.co.ConfigTracker/CONFIG]: Config file forge-server.toml for forge tracking
[16:01:10] [modloading-worker-0/DEBUG] [ne.mi.fm.co.ConfigTracker/CONFIG]: Config file forge-common.toml for forge tracking
[16:01:10] [modloading-worker-0/DEBUG] [ne.mi.fm.ja.AutomaticEventSubscriber/LOADING]: Attempting to inject @EventBusSubscriber classes into the eventbus for forge
[16:01:10] [modloading-worker-0/DEBUG] [ne.mi.fm.ja.AutomaticEventSubscriber/LOADING]: Auto-subscribing net.minecraftforge.common.ForgeSpawnEggItem$CommonHandler to MOD
[16:01:10] [modloading-worker-0/DEBUG] [ne.mi.fm.ja.AutomaticEventSubscriber/LOADING]: Auto-subscribing net.minecraftforge.common.ForgeSpawnEggItem$ColorRegisterHandler to MOD
[16:01:10] [modloading-worker-0/DEBUG] [ne.mi.fm.ja.AutomaticEventSubscriber/LOADING]: Auto-subscribing net.minecraftforge.client.model.data.ModelDataManager to FORGE
[16:01:10] [modloading-worker-0/DEBUG] [ne.mi.fm.ja.AutomaticEventSubscriber/LOADING]: Auto-subscribing net.minecraftforge.client.ForgeHooksClient$ClientEvents to MOD
[16:01:10] [modloading-worker-0/DEBUG] [ne.mi.fm.ja.AutomaticEventSubscriber/LOADING]: Auto-subscribing net.minecraftforge.client.ClientForgeMod to MOD
[16:01:10] [Render thread/DEBUG] [ne.mi.re.ObjectHolderRegistry/REGISTRIES]: Processing ObjectHolder annotations
[16:01:10] [Render thread/DEBUG] [ne.mi.co.ca.CapabilityManager/CAPABILITIES]: Attempting to automatically register: Lnet/minecraftforge/energy/IEnergyStorage;
[16:01:10] [Render thread/DEBUG] [ne.mi.co.ca.CapabilityManager/CAPABILITIES]: Attempting to automatically register: Lnet/minecraftforge/fluids/capability/IFluidHandler;
[16:01:10] [Render thread/DEBUG] [ne.mi.co.ca.CapabilityManager/CAPABILITIES]: Attempting to automatically register: Lnet/minecraftforge/fluids/capability/IFluidHandlerItem;
[16:01:10] [Render thread/DEBUG] [ne.mi.co.ca.CapabilityManager/CAPABILITIES]: Attempting to automatically register: Lnet/minecraftforge/items/IItemHandler;
[16:01:10] [Render thread/DEBUG] [ne.mi.re.GameData/REGISTRIES]: Unfreezing vanilla registries
[16:01:10] [Render thread/DEBUG] [ne.mi.re.GameData/REGISTRIES]: Applying holder lookups: minecraft:sound_event
[16:01:10] [Render thread/DEBUG] [ne.mi.re.GameData/REGISTRIES]: Holder lookups applied: minecraft:sound_event
[16:01:10] [Render thread/DEBUG] [ne.mi.re.GameData/REGISTRIES]: Applying holder lookups: minecraft:fluid
[16:01:10] [Render thread/DEBUG] [ne.mi.re.GameData/REGISTRIES]: Holder lookups applied: minecraft:fluid
[16:01:10] [Render thread/DEBUG] [ne.mi.re.GameData/REGISTRIES]: Applying holder lookups: minecraft:block
[16:01:10] [Render thread/DEBUG] [ne.mi.re.GameData/REGISTRIES]: Holder lookups applied: minecraft:block
[16:01:10] [Render thread/DEBUG] [ne.mi.re.GameData/REGISTRIES]: Applying holder lookups: minecraft:attribute
[16:01:10] [Render thread/DEBUG] [ne.mi.re.GameData/REGISTRIES]: Holder lookups applied: minecraft:attribute
[16:01:10] [Render thread/DEBUG] [ne.mi.re.GameData/REGISTRIES]: Applying holder lookups: minecraft:mob_effect
[16:01:10] [Render thread/DEBUG] [ne.mi.re.GameData/REGISTRIES]: Holder lookups applied: minecraft:mob_effect
[16:01:10] [Render thread/DEBUG] [ne.mi.re.GameData/REGISTRIES]: Applying holder lookups: minecraft:particle_type
[16:01:10] [Render thread/DEBUG] [ne.mi.re.GameData/REGISTRIES]: Holder lookups applied: minecraft:particle_type
[16:01:10] [Render thread/DEBUG] [ne.mi.re.GameData/REGISTRIES]: Applying holder lookups: minecraft:data_component_type
[16:01:10] [Render thread/DEBUG] [ne.mi.re.GameData/REGISTRIES]: Holder lookups applied: minecraft:data_component_type
[16:01:10] [Render thread/DEBUG] [ne.mi.re.GameData/REGISTRIES]: Applying holder lookups: minecraft:enchantment_effect_component_type
[16:01:10] [Render thread/DEBUG] [ne.mi.re.GameData/REGISTRIES]: Holder lookups applied: minecraft:enchantment_effect_component_type
[16:01:10] [Render thread/DEBUG] [ne.mi.re.GameData/REGISTRIES]: Applying holder lookups: minecraft:item
[16:01:10] [Render thread/DEBUG] [ne.mi.re.GameData/REGISTRIES]: Holder lookups applied: minecraft:item
[16:01:10] [Render thread/DEBUG] [ne.mi.re.GameData/REGISTRIES]: Applying holder lookups: minecraft:entity_type
[16:01:10] [Render thread/DEBUG] [ne.mi.re.GameData/REGISTRIES]: Holder lookups applied: minecraft:entity_type
[16:01:10] [Render thread/DEBUG] [ne.mi.re.GameData/REGISTRIES]: Applying holder lookups: minecraft:armor_material
[16:01:10] [Render thread/DEBUG] [ne.mi.re.GameData/REGISTRIES]: Holder lookups applied: minecraft:armor_material
[16:01:10] [Render thread/DEBUG] [ne.mi.re.GameData/REGISTRIES]: Applying holder lookups: minecraft:game_event
[16:01:10] [Render thread/DEBUG] [ne.mi.re.GameData/REGISTRIES]: Holder lookups applied: minecraft:game_event
[16:01:10] [Render thread/DEBUG] [ne.mi.re.GameData/REGISTRIES]: Applying holder lookups: minecraft:potion
[16:01:10] [Render thread/DEBUG] [ne.mi.re.GameData/REGISTRIES]: Holder lookups applied: minecraft:potion
[16:01:10] [Render thread/DEBUG] [ne.mi.re.GameData/REGISTRIES]: Applying holder lookups: minecraft:block_entity_type
[16:01:10] [Render thread/DEBUG] [ne.mi.re.GameData/REGISTRIES]: Holder lookups applied: minecraft:block_entity_type
[16:01:10] [Render thread/DEBUG] [ne.mi.re.GameData/REGISTRIES]: Applying holder lookups: minecraft:stat_type
[16:01:10] [Render thread/DEBUG] [ne.mi.re.GameData/REGISTRIES]: Holder lookups applied: minecraft:stat_type
[16:01:10] [Render thread/DEBUG] [ne.mi.re.GameData/REGISTRIES]: Applying holder lookups: minecraft:custom_stat
[16:01:10] [Render thread/DEBUG] [ne.mi.re.GameData/REGISTRIES]: Holder lookups applied: minecraft:custom_stat
[16:01:10] [Render thread/DEBUG] [ne.mi.re.GameData/REGISTRIES]: Applying holder lookups: minecraft:chunk_status
[16:01:10] [Render thread/DEBUG] [ne.mi.re.GameData/REGISTRIES]: Holder lookups applied: minecraft:chunk_status
[16:01:10] [Render thread/DEBUG] [ne.mi.re.GameData/REGISTRIES]: Applying holder lookups: minecraft:rule_test
[16:01:10] [Render thread/DEBUG] [ne.mi.re.GameData/REGISTRIES]: Holder lookups applied: minecraft:rule_test
[16:01:10] [Render thread/DEBUG] [ne.mi.re.GameData/REGISTRIES]: Applying holder lookups: minecraft:rule_block_entity_modifier
[16:01:10] [Render thread/DEBUG] [ne.mi.re.GameData/REGISTRIES]: Holder lookups applied: minecraft:rule_block_entity_modifier
[16:01:10] [Render thread/DEBUG] [ne.mi.re.GameData/REGISTRIES]: Applying holder lookups: minecraft:pos_rule_test
[16:01:10] [Render thread/DEBUG] [ne.mi.re.GameData/REGISTRIES]: Holder lookups applied: minecraft:pos_rule_test
[16:01:10] [Render thread/DEBUG] [ne.mi.re.GameData/REGISTRIES]: Applying holder lookups: minecraft:menu
[16:01:10] [Render thread/DEBUG] [ne.mi.re.GameData/REGISTRIES]: Holder lookups applied: minecraft:menu
[16:01:10] [Render thread/DEBUG] [ne.mi.re.GameData/REGISTRIES]: Applying holder lookups: minecraft:recipe_type
[16:01:10] [Render thread/DEBUG] [ne.mi.re.GameData/REGISTRIES]: Holder lookups applied: minecraft:recipe_type
[16:01:10] [Render thread/DEBUG] [ne.mi.re.GameData/REGISTRIES]: Applying holder lookups: minecraft:recipe_serializer
[16:01:10] [Render thread/DEBUG] [ne.mi.re.GameData/REGISTRIES]: Holder lookups applied: minecraft:recipe_serializer
[16:01:10] [Render thread/DEBUG] [ne.mi.re.GameData/REGISTRIES]: Applying holder lookups: minecraft:position_source_type
[16:01:10] [Render thread/DEBUG] [ne.mi.re.GameData/REGISTRIES]: Holder lookups applied: minecraft:position_source_type
[16:01:10] [Render thread/DEBUG] [ne.mi.re.GameData/REGISTRIES]: Applying holder lookups: minecraft:command_argument_type
[16:01:10] [Render thread/DEBUG] [ne.mi.re.GameData/REGISTRIES]: Holder lookups applied: minecraft:command_argument_type
[16:01:10] [Render thread/DEBUG] [ne.mi.re.GameData/REGISTRIES]: Applying holder lookups: minecraft:villager_type
[16:01:10] [Render thread/DEBUG] [ne.mi.re.GameData/REGISTRIES]: Holder lookups applied: minecraft:villager_type
[16:01:10] [Render thread/DEBUG] [ne.mi.re.GameData/REGISTRIES]: Applying holder lookups: minecraft:villager_profession
[16:01:10] [Render thread/DEBUG] [ne.mi.re.GameData/REGISTRIES]: Holder lookups applied: minecraft:villager_profession
[16:01:10] [Render thread/DEBUG] [ne.mi.re.GameData/REGISTRIES]: Applying holder lookups: minecraft:point_of_interest_type
[16:01:10] [Render thread/DEBUG] [ne.mi.re.GameData/REGISTRIES]: Holder lookups applied: minecraft:point_of_interest_type
[16:01:10] [Render thread/DEBUG] [ne.mi.re.GameData/REGISTRIES]: Applying holder lookups: minecraft:memory_module_type
[16:01:10] [Render thread/DEBUG] [ne.mi.re.GameData/REGISTRIES]: Holder lookups applied: minecraft:memory_module_type
[16:01:10] [Render thread/DEBUG] [ne.mi.re.GameData/REGISTRIES]: Applying holder lookups: minecraft:sensor_type
[16:01:10] [Render thread/DEBUG] [ne.mi.re.GameData/REGISTRIES]: Holder lookups applied: minecraft:sensor_type
[16:01:10] [Render thread/DEBUG] [ne.mi.re.GameData/REGISTRIES]: Applying holder lookups: minecraft:schedule
[16:01:10] [Render thread/DEBUG] [ne.mi.re.GameData/REGISTRIES]: Holder lookups applied: minecraft:schedule
[16:01:10] [Render thread/DEBUG] [ne.mi.re.GameData/REGISTRIES]: Applying holder lookups: minecraft:activity
[16:01:10] [Render thread/DEBUG] [ne.mi.re.GameData/REGISTRIES]: Holder lookups applied: minecraft:activity
[16:01:10] [Render thread/DEBUG] [ne.mi.re.GameData/REGISTRIES]: Applying holder lookups: minecraft:loot_number_provider_type
[16:01:10] [Render thread/DEBUG] [ne.mi.re.GameData/REGISTRIES]: Holder lookups applied: minecraft:loot_number_provider_type
[16:01:10] [Render thread/DEBUG] [ne.mi.re.GameData/REGISTRIES]: Applying holder lookups: minecraft:loot_score_provider_type
[16:01:10] [Render thread/DEBUG] [ne.mi.re.GameData/REGISTRIES]: Holder lookups applied: minecraft:loot_score_provider_type
[16:01:10] [Render thread/DEBUG] [ne.mi.re.GameData/REGISTRIES]: Applying holder lookups: minecraft:loot_function_type
[16:01:10] [Render thread/DEBUG] [ne.mi.re.GameData/REGISTRIES]: Holder lookups applied: minecraft:loot_function_type
[16:01:10] [Render thread/DEBUG] [ne.mi.re.GameData/REGISTRIES]: Applying holder lookups: minecraft:map_decoration_type
[16:01:10] [Render thread/DEBUG] [ne.mi.re.GameData/REGISTRIES]: Holder lookups applied: minecraft:map_decoration_type
[16:01:10] [Render thread/DEBUG] [ne.mi.re.GameData/REGISTRIES]: Applying holder lookups: minecraft:loot_nbt_provider_type
[16:01:10] [Render thread/DEBUG] [ne.mi.re.GameData/REGISTRIES]: Holder lookups applied: minecraft:loot_nbt_provider_type
[16:01:10] [Render thread/DEBUG] [ne.mi.re.GameData/REGISTRIES]: Applying holder lookups: minecraft:loot_pool_entry_type
[16:01:10] [Render thread/DEBUG] [ne.mi.re.GameData/REGISTRIES]: Holder lookups applied: minecraft:loot_pool_entry_type
[16:01:10] [Render thread/DEBUG] [ne.mi.re.GameData/REGISTRIES]: Applying holder lookups: minecraft:loot_condition_type
[16:01:10] [Render thread/DEBUG] [ne.mi.re.GameData/REGISTRIES]: Holder lookups applied: minecraft:loot_condition_type
[16:01:10] [Render thread/DEBUG] [ne.mi.re.GameData/REGISTRIES]: Applying holder lookups: minecraft:float_provider_type
[16:01:10] [Render thread/DEBUG] [ne.mi.re.GameData/REGISTRIES]: Holder lookups applied: minecraft:float_provider_type
[16:01:10] [Render thread/DEBUG] [ne.mi.re.GameData/REGISTRIES]: Applying holder lookups: minecraft:int_provider_type
[16:01:10] [Render thread/DEBUG] [ne.mi.re.GameData/REGISTRIES]: Holder lookups applied: minecraft:int_provider_type
[16:01:10] [Render thread/DEBUG] [ne.mi.re.GameData/REGISTRIES]: Applying holder lookups: minecraft:height_provider_type
[16:01:10] [Render thread/DEBUG] [ne.mi.re.GameData/REGISTRIES]: Holder lookups applied: minecraft:height_provider_type
[16:01:10] [Render thread/DEBUG] [ne.mi.re.GameData/REGISTRIES]: Applying holder lookups: minecraft:block_predicate_type
[16:01:10] [Render thread/DEBUG] [ne.mi.re.GameData/REGISTRIES]: Holder lookups applied: minecraft:block_predicate_type
[16:01:10] [Render thread/DEBUG] [ne.mi.re.GameData/REGISTRIES]: Applying holder lookups: minecraft:worldgen/carver
[16:01:10] [Render thread/DEBUG] [ne.mi.re.GameData/REGISTRIES]: Holder lookups applied: minecraft:worldgen/carver
[16:01:10] [Render thread/DEBUG] [ne.mi.re.GameData/REGISTRIES]: Applying holder lookups: minecraft:worldgen/feature
[16:01:10] [Render thread/DEBUG] [ne.mi.re.GameData/REGISTRIES]: Holder lookups applied: minecraft:worldgen/feature
[16:01:10] [Render thread/DEBUG] [ne.mi.re.GameData/REGISTRIES]: Applying holder lookups: minecraft:worldgen/structure_processor
[16:01:10] [Render thread/DEBUG] [ne.mi.re.GameData/REGISTRIES]: Holder lookups applied: minecraft:worldgen/structure_processor
[16:01:10] [Render thread/DEBUG] [ne.mi.re.GameData/REGISTRIES]: Applying holder lookups: minecraft:worldgen/structure_placement
[16:01:10] [Render thread/DEBUG] [ne.mi.re.GameData/REGISTRIES]: Holder lookups applied: minecraft:worldgen/structure_placement
[16:01:10] [Render thread/DEBUG] [ne.mi.re.GameData/REGISTRIES]: Applying holder lookups: minecraft:worldgen/structure_piece
[16:01:10] [Render thread/DEBUG] [ne.mi.re.GameData/REGISTRIES]: Holder lookups applied: minecraft:worldgen/structure_piece
[16:01:10] [Render thread/DEBUG] [ne.mi.re.GameData/REGISTRIES]: Applying holder lookups: minecraft:worldgen/structure_type
[16:01:10] [Render thread/DEBUG] [ne.mi.re.GameData/REGISTRIES]: Holder lookups applied: minecraft:worldgen/structure_type
[16:01:10] [Render thread/DEBUG] [ne.mi.re.GameData/REGISTRIES]: Applying holder lookups: minecraft:worldgen/placement_modifier_type
[16:01:10] [Render thread/DEBUG] [ne.mi.re.GameData/REGISTRIES]: Holder lookups applied: minecraft:worldgen/placement_modifier_type
[16:01:10] [Render thread/DEBUG] [ne.mi.re.GameData/REGISTRIES]: Applying holder lookups: minecraft:worldgen/block_state_provider_type
[16:01:10] [Render thread/DEBUG] [ne.mi.re.GameData/REGISTRIES]: Holder lookups applied: minecraft:worldgen/block_state_provider_type
[16:01:10] [Render thread/DEBUG] [ne.mi.re.GameData/REGISTRIES]: Applying holder lookups: minecraft:worldgen/foliage_placer_type
[16:01:10] [Render thread/DEBUG] [ne.mi.re.GameData/REGISTRIES]: Holder lookups applied: minecraft:worldgen/foliage_placer_type
[16:01:10] [Render thread/DEBUG] [ne.mi.re.GameData/REGISTRIES]: Applying holder lookups: minecraft:worldgen/trunk_placer_type
[16:01:10] [Render thread/DEBUG] [ne.mi.re.GameData/REGISTRIES]: Holder lookups applied: minecraft:worldgen/trunk_placer_type
[16:01:10] [Render thread/DEBUG] [ne.mi.re.GameData/REGISTRIES]: Applying holder lookups: minecraft:worldgen/root_placer_type
[16:01:10] [Render thread/DEBUG] [ne.mi.re.GameData/REGISTRIES]: Holder lookups applied: minecraft:worldgen/root_placer_type
[16:01:10] [Render thread/DEBUG] [ne.mi.re.GameData/REGISTRIES]: Applying holder lookups: minecraft:worldgen/tree_decorator_type
[16:01:10] [Render thread/DEBUG] [ne.mi.re.GameData/REGISTRIES]: Holder lookups applied: minecraft:worldgen/tree_decorator_type
[16:01:10] [Render thread/DEBUG] [ne.mi.re.GameData/REGISTRIES]: Applying holder lookups: minecraft:worldgen/feature_size_type
[16:01:10] [Render thread/DEBUG] [ne.mi.re.GameData/REGISTRIES]: Holder lookups applied: minecraft:worldgen/feature_size_type
[16:01:10] [Render thread/DEBUG] [ne.mi.re.GameData/REGISTRIES]: Applying holder lookups: minecraft:worldgen/biome_source
[16:01:10] [Render thread/DEBUG] [ne.mi.re.GameData/REGISTRIES]: Holder lookups applied: minecraft:worldgen/biome_source
[16:01:10] [Render thread/DEBUG] [ne.mi.re.GameData/REGISTRIES]: Applying holder lookups: minecraft:worldgen/chunk_generator
[16:01:10] [Render thread/DEBUG] [ne.mi.re.GameData/REGISTRIES]: Holder lookups applied: minecraft:worldgen/chunk_generator
[16:01:10] [Render thread/DEBUG] [ne.mi.re.GameData/REGISTRIES]: Applying holder lookups: minecraft:worldgen/material_condition
[16:01:10] [Render thread/DEBUG] [ne.mi.re.GameData/REGISTRIES]: Holder lookups applied: minecraft:worldgen/material_condition
[16:01:10] [Render thread/DEBUG] [ne.mi.re.GameData/REGISTRIES]: Applying holder lookups: minecraft:worldgen/material_rule
[16:01:10] [Render thread/DEBUG] [ne.mi.re.GameData/REGISTRIES]: Holder lookups applied: minecraft:worldgen/material_rule
[16:01:10] [Render thread/DEBUG] [ne.mi.re.GameData/REGISTRIES]: Applying holder lookups: minecraft:worldgen/density_function_type
[16:01:10] [Render thread/DEBUG] [ne.mi.re.GameData/REGISTRIES]: Holder lookups applied: minecraft:worldgen/density_function_type
[16:01:10] [Render thread/DEBUG] [ne.mi.re.GameData/REGISTRIES]: Applying holder lookups: minecraft:block_type
[16:01:10] [Render thread/DEBUG] [ne.mi.re.GameData/REGISTRIES]: Holder lookups applied: minecraft:block_type
[16:01:10] [Render thread/DEBUG] [ne.mi.re.GameData/REGISTRIES]: Applying holder lookups: minecraft:worldgen/structure_pool_element
[16:01:10] [Render thread/DEBUG] [ne.mi.re.GameData/REGISTRIES]: Holder lookups applied: minecraft:worldgen/structure_pool_element
[16:01:10] [Render thread/DEBUG] [ne.mi.re.GameData/REGISTRIES]: Applying holder lookups: minecraft:worldgen/pool_alias_binding
[16:01:10] [Render thread/DEBUG] [ne.mi.re.GameData/REGISTRIES]: Holder lookups applied: minecraft:worldgen/pool_alias_binding
[16:01:10] [Render thread/DEBUG] [ne.mi.re.GameData/REGISTRIES]: Applying holder lookups: minecraft:cat_variant
[16:01:10] [Render thread/DEBUG] [ne.mi.re.GameData/REGISTRIES]: Holder lookups applied: minecraft:cat_variant
[16:01:10] [Render thread/DEBUG] [ne.mi.re.GameData/REGISTRIES]: Applying holder lookups: minecraft:frog_variant
[16:01:10] [Render thread/DEBUG] [ne.mi.re.GameData/REGISTRIES]: Holder lookups applied: minecraft:frog_variant
[16:01:10] [Render thread/DEBUG] [ne.mi.re.GameData/REGISTRIES]: Applying holder lookups: minecraft:instrument
[16:01:10] [Render thread/DEBUG] [ne.mi.re.GameData/REGISTRIES]: Holder lookups applied: minecraft:instrument
[16:01:10] [Render thread/DEBUG] [ne.mi.re.GameData/REGISTRIES]: Applying holder lookups: minecraft:decorated_pot_pattern
[16:01:10] [Render thread/DEBUG] [ne.mi.re.GameData/REGISTRIES]: Holder lookups applied: minecraft:decorated_pot_pattern
[16:01:10] [Render thread/DEBUG] [ne.mi.re.GameData/REGISTRIES]: Applying holder lookups: minecraft:creative_mode_tab
[16:01:10] [Render thread/DEBUG] [ne.mi.re.GameData/REGISTRIES]: Holder lookups applied: minecraft:creative_mode_tab
[16:01:10] [Render thread/DEBUG] [ne.mi.re.GameData/REGISTRIES]: Applying holder lookups: minecraft:trigger_type
[16:01:10] [Render thread/DEBUG] [ne.mi.re.GameData/REGISTRIES]: Holder lookups applied: minecraft:trigger_type
[16:01:10] [Render thread/DEBUG] [ne.mi.re.GameData/REGISTRIES]: Applying holder lookups: minecraft:number_format_type
[16:01:10] [Render thread/DEBUG] [ne.mi.re.GameData/REGISTRIES]: Holder lookups applied: minecraft:number_format_type
[16:01:10] [Render thread/DEBUG] [ne.mi.re.GameData/REGISTRIES]: Applying holder lookups: minecraft:entity_sub_predicate_type
[16:01:10] [Render thread/DEBUG] [ne.mi.re.GameData/REGISTRIES]: Holder lookups applied: minecraft:entity_sub_predicate_type
[16:01:10] [Render thread/DEBUG] [ne.mi.re.GameData/REGISTRIES]: Applying holder lookups: minecraft:item_sub_predicate_type
[16:01:10] [Render thread/DEBUG] [ne.mi.re.GameData/REGISTRIES]: Holder lookups applied: minecraft:item_sub_predicate_type
[16:01:10] [Render thread/DEBUG] [ne.mi.re.GameData/REGISTRIES]: Applying holder lookups: minecraft:enchantment_level_based_value_type
[16:01:10] [Render thread/DEBUG] [ne.mi.re.GameData/REGISTRIES]: Holder lookups applied: minecraft:enchantment_level_based_value_type
[16:01:10] [Render thread/DEBUG] [ne.mi.re.GameData/REGISTRIES]: Applying holder lookups: minecraft:enchantment_entity_effect_type
[16:01:10] [Render thread/DEBUG] [ne.mi.re.GameData/REGISTRIES]: Holder lookups applied: minecraft:enchantment_entity_effect_type
[16:01:10] [Render thread/DEBUG] [ne.mi.re.GameData/REGISTRIES]: Applying holder lookups: minecraft:enchantment_location_based_effect_type
[16:01:10] [Render thread/DEBUG] [ne.mi.re.GameData/REGISTRIES]: Holder lookups applied: minecraft:enchantment_location_based_effect_type
[16:01:10] [Render thread/DEBUG] [ne.mi.re.GameData/REGISTRIES]: Applying holder lookups: minecraft:enchantment_value_effect_type
[16:01:10] [Render thread/DEBUG] [ne.mi.re.GameData/REGISTRIES]: Holder lookups applied: minecraft:enchantment_value_effect_type
[16:01:10] [Render thread/DEBUG] [ne.mi.re.GameData/REGISTRIES]: Applying holder lookups: minecraft:enchantment_provider_type
[16:01:10] [Render thread/DEBUG] [ne.mi.re.GameData/REGISTRIES]: Holder lookups applied: minecraft:enchantment_provider_type
[16:01:10] [Render thread/DEBUG] [ne.mi.re.GameData/REGISTRIES]: Applying holder lookups: forge:biome_modifier_serializers
[16:01:10] [Render thread/DEBUG] [ne.mi.re.GameData/REGISTRIES]: Holder lookups applied: forge:biome_modifier_serializers
[16:01:10] [Render thread/DEBUG] [ne.mi.re.GameData/REGISTRIES]: Applying holder lookups: forge:condition_codecs
[16:01:10] [Render thread/DEBUG] [ne.mi.re.GameData/REGISTRIES]: Holder lookups applied: forge:condition_codecs
[16:01:10] [Render thread/DEBUG] [ne.mi.re.GameData/REGISTRIES]: Applying holder lookups: forge:display_contexts
[16:01:10] [Render thread/DEBUG] [ne.mi.re.GameData/REGISTRIES]: Holder lookups applied: forge:display_contexts
[16:01:10] [Render thread/DEBUG] [ne.mi.re.GameData/REGISTRIES]: Applying holder lookups: forge:entity_data_serializers
[16:01:10] [Render thread/DEBUG] [ne.mi.re.GameData/REGISTRIES]: Holder lookups applied: forge:entity_data_serializers
[16:01:10] [Render thread/DEBUG] [ne.mi.re.GameData/REGISTRIES]: Applying holder lookups: forge:fluid_type
[16:01:10] [Render thread/DEBUG] [ne.mi.re.GameData/REGISTRIES]: Holder lookups applied: forge:fluid_type
[16:01:10] [Render thread/DEBUG] [ne.mi.re.GameData/REGISTRIES]: Applying holder lookups: forge:global_loot_modifier_serializers
[16:01:10] [Render thread/DEBUG] [ne.mi.re.GameData/REGISTRIES]: Holder lookups applied: forge:global_loot_modifier_serializers
[16:01:10] [Render thread/DEBUG] [ne.mi.re.GameData/REGISTRIES]: Applying holder lookups: forge:holder_set_type
[16:01:10] [Render thread/DEBUG] [ne.mi.re.GameData/REGISTRIES]: Holder lookups applied: forge:holder_set_type
[16:01:10] [Render thread/DEBUG] [ne.mi.re.GameData/REGISTRIES]: Applying holder lookups: forge:ingredient_serializers
[16:01:10] [Render thread/DEBUG] [ne.mi.re.GameData/REGISTRIES]: Holder lookups applied: forge:ingredient_serializers
[16:01:10] [Render thread/DEBUG] [ne.mi.re.GameData/REGISTRIES]: Applying holder lookups: forge:structure_modifier_serializers
[16:01:10] [Render thread/DEBUG] [ne.mi.re.GameData/REGISTRIES]: Holder lookups applied: forge:structure_modifier_serializers
[16:01:10] [Render thread/DEBUG] [ne.mi.re.GameData/REGISTRIES]: Applying holder lookups: minecraft:painting_variant
[16:01:10] [Render thread/DEBUG] [ne.mi.re.GameData/REGISTRIES]: Holder lookups applied: minecraft:painting_variant
[16:01:10] [Render thread/DEBUG] [ne.mi.re.GameData/REGISTRIES]: Applying holder lookups: minecraft:worldgen/biome
[16:01:10] [Render thread/DEBUG] [ne.mi.re.GameData/REGISTRIES]: Holder lookups applied: minecraft:worldgen/biome
[16:01:10] [Render thread/DEBUG] [ne.mi.re.ResourcePackLoader/CORE]: Generating PackInfo named mod:mobcatch for mod file /home/seiya/mods/mobcatch/build/sourcesSets/main
[16:01:10] [Render thread/DEBUG] [ne.mi.re.ResourcePackLoader/CORE]: Generating PackInfo named mod:forge for mod file /
[16:01:11] [Render thread/INFO] [ne.mi.ga.ForgeGameTestHooks/]: Enabled Gametest Namespaces: [mobcatch]
[16:01:11] [Render thread/ERROR] [mojang/Narrator]: Error while loading the narrator
com.mojang.text2speech.Narrator$InitializeException: Failed to load library flite
	at SECURE-BOOTSTRAP/text2speech@1.17.9/com.mojang.text2speech.NarratorLinux$FliteLibrary.loadNative(NarratorLinux.java:69) ~[text2speech-1.17.9.jar:?]
	at SECURE-BOOTSTRAP/text2speech@1.17.9/com.mojang.text2speech.NarratorLinux.<init>(NarratorLinux.java:18) ~[text2speech-1.17.9.jar:?]
	at SECURE-BOOTSTRAP/text2speech@1.17.9/com.mojang.text2speech.Narrator.getNarrator(Narrator.java:41) ~[text2speech-1.17.9.jar:?]
	at TRANSFORMER/minecraft@1.21.1/net.minecraft.client.GameNarrator.<init>(GameNarrator.java:19) ~[forge-1.21.1-52.1.0_mapped_official_1.21.1.jar:?]
	at TRANSFORMER/minecraft@1.21.1/net.minecraft.client.Minecraft.<init>(Minecraft.java:595) ~[forge-1.21.1-52.1.0_mapped_official_1.21.1.jar:?]
	at TRANSFORMER/minecraft@1.21.1/net.minecraft.client.main.Main.main(Main.java:212) ~[forge-1.21.1-52.1.0_mapped_official_1.21.1.jar:?]
	at java.base/jdk.internal.reflect.DirectMethodHandleAccessor.invoke(DirectMethodHandleAccessor.java:103) ~[?:?]
	at java.base/java.lang.reflect.Method.invoke(Method.java:580) ~[?:?]
	at SECURE-BOOTSTRAP/net.minecraftforge.fmlloader@1.21.1-52.1.0/net.minecraftforge.fml.loading.targets.CommonLaunchHandler.runTarget(CommonLaunchHandler.java:85) ~[fmlloader-1.21.1-52.1.0.jar!/:?]
	at SECURE-BOOTSTRAP/net.minecraftforge.fmlloader@1.21.1-52.1.0/net.minecraftforge.fml.loading.targets.CommonLaunchHandler.lambda$makeService$0(CommonLaunchHandler.java:69) ~[fmlloader-1.21.1-52.1.0.jar!/:?]
	at SECURE-BOOTSTRAP/cpw.mods.modlauncher@10.2.4/cpw.mods.modlauncher.LaunchServiceHandler.launch(LaunchServiceHandler.java:77) [modlauncher-10.2.4.jar!/:?]
	at SECURE-BOOTSTRAP/cpw.mods.modlauncher@10.2.4/cpw.mods.modlauncher.LaunchServiceHandler.launch(LaunchServiceHandler.java:97) [modlauncher-10.2.4.jar!/:?]
	at SECURE-BOOTSTRAP/cpw.mods.modlauncher@10.2.4/cpw.mods.modlauncher.Launcher.run(Launcher.java:116) [modlauncher-10.2.4.jar!/:?]
	at SECURE-BOOTSTRAP/cpw.mods.modlauncher@10.2.4/cpw.mods.modlauncher.Launcher.main(Launcher.java:75) [modlauncher-10.2.4.jar!/:?]
	at SECURE-BOOTSTRAP/cpw.mods.modlauncher@10.2.4/cpw.mods.modlauncher.BootstrapEntry.main(BootstrapEntry.java:17) [modlauncher-10.2.4.jar!/:?]
	at net.minecraftforge.bootstrap@2.1.7/net.minecraftforge.bootstrap.Bootstrap.moduleMain(Bootstrap.java:188) [bootstrap-2.1.8.jar!/:?]
	at java.base/jdk.internal.reflect.DirectMethodHandleAccessor.invoke(DirectMethodHandleAccessor.java:103) ~[?:?]
	at java.base/java.lang.reflect.Method.invoke(Method.java:580) ~[?:?]
	at net.minecraftforge.bootstrap.Bootstrap.bootstrapMain(Bootstrap.java:133) [bootstrap-2.1.8.jar:2.1.8]
	at net.minecraftforge.bootstrap.Bootstrap.start(Bootstrap.java:53) [bootstrap-2.1.8.jar:2.1.8]
	at net.minecraftforge.bootstrap.ForgeBootstrap.main(ForgeBootstrap.java:19) [bootstrap-2.1.8.jar:2.1.8]
Caused by: java.lang.UnsatisfiedLinkError: Unable to load library 'flite':
libflite.so: cannot open shared object file: No such file or directory
libflite.so: cannot open shared object file: No such file or directory
Native library (linux-x86-64/libflite.so) not found in resource path (/home/seiya/mods/mobcatch/build/sourcesSets/main:/home/seiya/.gradle/caches/forge_gradle/minecraft_user_repo/net/minecraftforge/forge/1.21.1-52.1.0_mapped_official_1.21.1/forge-1.21.1-52.1.0_mapped_official_1.21.1.jar:/home/seiya/.gradle/caches/forge_gradle/minecraft_repo/versions/1.21.1/client-extra.jar:/home/seiya/.gradle/caches/modules-2/files-2.1/net.minecraftforge/fmlearlydisplay/1.21.1-52.1.0/2a762fbfa352ef1ec8f5e0536aba9d4aee4c63a7/fmlearlydisplay-1.21.1-52.1.0.jar:/home/seiya/.gradle/caches/modules-2/files-2.1/net.minecraftforge/javafmllanguage/1.21.1-52.1.0/e4df3a858ae2cb58be2705231a4d52e5cf0b133b/javafmllanguage-1.21.1-52.1.0.jar:/home/seiya/.gradle/caches/modules-2/files-2.1/net.minecraftforge/lowcodelanguage/1.21.1-52.1.0/1642e4e16393d38f52f7959604b1a297c4a758ed/lowcodelanguage-1.21.1-52.1.0.jar:/home/seiya/.gradle/caches/modules-2/files-2.1/net.minecraftforge/mclanguage/1.21.1-52.1.0/a51bef3c988a3a59ef4b53a509061f5e97d89eae/mclanguage-1.21.1-52.1.0.jar:/home/seiya/.gradle/caches/modules-2/files-2.1/net.minecraftforge/fmlcore/1.21.1-52.1.0/6b4d30ef1af5c3250e3d3ef039bb86cba5cb4dc4/fmlcore-1.21.1-52.1.0.jar:/home/seiya/.gradle/caches/modules-2/files-2.1/net.minecraftforge/fmlloader/1.21.1-52.1.0/8c4b802769cc025e0a0c6b6063925e06b552e637/fmlloader-1.21.1-52.1.0.jar:/home/seiya/.gradle/caches/modules-2/files-2.1/net.minecraftforge/JarJarSelector/0.3.26/1e032096a4d07e5bbb7b2f3b2beee8d5e02879e9/JarJarSelector-0.3.26.jar:/home/seiya/.gradle/caches/modules-2/files-2.1/net.minecraftforge/JarJarMetadata/0.3.26/6db967d6cce100e4abdeed0abfd594b9f42e0d10/JarJarMetadata-0.3.26.jar:/home/seiya/.gradle/caches/modules-2/files-2.1/com.google.jimfs/jimfs/1.3.0/93096472c3654a761c40c8e5d4ad82a7c1a0fd54/jimfs-1.3.0.jar:/home/seiya/.gradle/caches/modules-2/files-2.1/com.google.guava/guava/32.1.2-jre/5e64ec7e056456bef3a4bc4c6fdaef71e8ab6318/guava-32.1.2-jre.jar:/home/seiya/.gradle/caches/modules-2/files-2.1/com.google.code.findbugs/jsr305/3.0.2/25ea2e8b0c338a877313bd4672d3fe056ea78f0d/jsr305-3.0.2.jar:/home/seiya/.gradle/caches/modules-2/files-2.1/org.jetbrains/annotations/24.0.1/13c5c75c4206580aa4d683bffee658caae6c9f43/annotations-24.0.1.jar:/home/seiya/.gradle/caches/modules-2/files-2.1/ca.weblite/java-objc-bridge/1.1/1227f9e0666314f9de41477e3ec277e542ed7f7b/java-objc-bridge-1.1.jar:/home/seiya/.gradle/caches/modules-2/files-2.1/net.minecraftforge/forgespi/7.1.5/c01beea469b66cf787614239b7e0f791329b3816/forgespi-7.1.5.jar:/home/seiya/.gradle/caches/modules-2/files-2.1/net.minecraftforge/mergetool-api/1.0/589fac8080d2eb657bb37f464151abcd25524d64/mergetool-api-1.0.jar:/home/seiya/.gradle/caches/forge_gradle/mcp_repo/net/minecraft/mapping/1.21.1/mapping-1.21.1-mapping.zip:/home/seiya/.gradle/caches/modules-2/files-2.1/net.minecraftforge/bootstrap/2.1.8/7ce55508387cf35eeb0eb4895bd84bec854ead93/bootstrap-2.1.8.jar:/home/seiya/.gradle/caches/modules-2/files-2.1/net.minecraftforge/modlauncher/10.2.4/781dde4dcb54a7bd4f66b256d47e82710939b1bf/modlauncher-10.2.4.jar:/home/seiya/.gradle/caches/modules-2/files-2.1/net.minecraftforge/bootstrap-api/2.1.8/f77d6527282dfc12e2460a3155467f40f9a2673b/bootstrap-api-2.1.8.jar:/home/seiya/.gradle/caches/modules-2/files-2.1/net.minecraftforge/accesstransformers/8.2.2/5b17acd565e357c5812574e4db75b96c86c7db93/accesstransformers-8.2.2.jar:/home/seiya/.gradle/caches/modules-2/files-2.1/net.minecraftforge/eventbus/6.2.27/1a7914b85a47ef9e8f333b694a6f8c0dc6a57db7/eventbus-6.2.27.jar:/home/seiya/.gradle/caches/modules-2/files-2.1/net.jodah/typetools/0.6.3/a01aaa6ddaea9ec07ec4f209487b7a46a526283a/typetools-0.6.3.jar:/home/seiya/.gradle/caches/modules-2/files-2.1/net.minecraftforge/coremods/5.2.6/9528a9f2133ec5284122ac3d62cfff8bc8c6bba0/coremods-5.2.6.jar:/home/seiya/.gradle/caches/modules-2/files-2.1/org.openjdk.nashorn/nashorn-core/15.4/f67f5ffaa5f5130cf6fb9b133da00c7df3b532a5/nashorn-core-15.4.jar:/home/seiya/.gradle/caches/modules-2/files-2.1/com.electronwill.night-config/toml/3.7.4/aae582c90434a801bc1c34806631446f78ef1797/toml-3.7.4.jar:/home/seiya/.gradle/caches/modules-2/files-2.1/com.electronwill.night-config/core/3.7.4/fcd552161d0a6c2f0fcf75e337abbb040c597e1d/core-3.7.4.jar:/home/seiya/.gradle/caches/modules-2/files-2.1/org.apache.maven/maven-artifact/3.8.8/c4324db6f73f14e1327da2a1acec293d75212ae7/maven-artifact-3.8.8.jar:/home/seiya/.gradle/caches/modules-2/files-2.1/net.minecrell/terminalconsoleappender/1.2.0/96d02cd3b384ff015a8fef4223bcb4ccf1717c95/terminalconsoleappender-1.2.0.jar:/home/seiya/.gradle/caches/modules-2/files-2.1/org.jline/jline-reader/3.25.1/46d87459a98d74be8c77645f2bc3c65bb2fc4f3a/jline-reader-3.25.1.jar:/home/seiya/.gradle/caches/modules-2/files-2.1/org.jline/jline-terminal-jna/3.25.1/7e39efe62b2710b9f2bbefd2911e176b2efe1105/jline-terminal-jna-3.25.1.jar:/home/seiya/.gradle/caches/modules-2/files-2.1/org.jline/jline-terminal/3.25.1/44e0e53397c39d01c525bad3735097596a7d889a/jline-terminal-3.25.1.jar:/home/seiya/.gradle/caches/modules-2/files-2.1/org.spongepowered/mixin/0.8.7/8ab114ac385e6dbdad5efafe28aba4df8120915f/mixin-0.8.7.jar:/home/seiya/.gradle/caches/modules-2/files-2.1/net.minecraftforge/JarJarFileSystems/0.3.26/4b48cd32749b87a18afee96f33b825305feea289/JarJarFileSystems-0.3.26.jar:/home/seiya/.gradle/caches/modules-2/files-2.1/com.google.guava/failureaccess/1.0.1/1dcf1de382a0bf95a3d8b0849546c88bac1292c9/failureaccess-1.0.1.jar:/home/seiya/.gradle/caches/modules-2/files-2.1/net.minecraftforge/securemodules/2.2.21/a036e07b6064da635df3a3480591884fca3714d4/securemodules-2.2.21.jar:/home/seiya/.gradle/caches/modules-2/files-2.1/net.minecraftforge/unsafe/0.9.2/33bad02861cabd77c54a8c9d1205e8638bbbbb4f/unsafe-0.9.2.jar:/home/seiya/.gradle/caches/modules-2/files-2.1/org.ow2.asm/asm-util/9.7.1/9e23359b598ec6b74b23e53110dd5c577adf2243/asm-util-9.7.1.jar:/home/seiya/.gradle/caches/modules-2/files-2.1/org.ow2.asm/asm-commons/9.7.1/406c6a2225cfe1819f102a161e54cc16a5c24f75/asm-commons-9.7.1.jar:/home/seiya/.gradle/caches/modules-2/files-2.1/org.ow2.asm/asm-analysis/9.7.1/f97a3b319f0ed6a8cd944dc79060d3912a28985f/asm-analysis-9.7.1.jar:/home/seiya/.gradle/caches/modules-2/files-2.1/org.ow2.asm/asm-tree/9.7.1/3a53139787663b139de76b627fca0084ab60d32c/asm-tree-9.7.1.jar:/home/seiya/.gradle/caches/modules-2/files-2.1/org.ow2.asm/asm/9.7.1/f0ed132a49244b042cd0e15702ab9f2ce3cc8436/asm-9.7.1.jar:/home/seiya/.gradle/caches/modules-2/files-2.1/com.github.oshi/oshi-core/6.4.10/b1d8ab82d11d92fd639b56d639f8f46f739dd5fa/oshi-core-6.4.10.jar:/home/seiya/.gradle/caches/modules-2/files-2.1/com.google.code.gson/gson/2.10.1/b3add478d4382b78ea20b1671390a858002feb6c/gson-2.10.1.jar:/home/seiya/.gradle/caches/modules-2/files-2.1/com.ibm.icu/icu4j/73.2/61ad4ef7f9131fcf6d25c34b817f90d6da06c9e9/icu4j-73.2.jar:/home/seiya/.gradle/caches/modules-2/files-2.1/com.mojang/authlib/6.0.54/de8bc95660e1b2fe8793fd427a7a10dcec5b3ea7/authlib-6.0.54.jar:/home/seiya/.gradle/caches/modules-2/files-2.1/com.mojang/blocklist/1.0.10/5c685c5ffa94c4cd39496c7184c1d122e515ecef/blocklist-1.0.10.jar:/home/seiya/.gradle/caches/modules-2/files-2.1/com.mojang/brigadier/1.3.10/d15b53a14cf20fdcaa98f731af5dda654452c010/brigadier-1.3.10.jar:/home/seiya/.gradle/caches/modules-2/files-2.1/com.mojang/datafixerupper/8.0.16/67d4de6d7f95d89bcf5862995fb854ebaec02a34/datafixerupper-8.0.16.jar:/home/seiya/.gradle/caches/modules-2/files-2.1/com.mojang/logging/1.2.7/24cb95ffb0e3433fd6e844c04e68009e504ca1c0/logging-1.2.7.jar:/home/seiya/.gradle/caches/modules-2/files-2.1/com.mojang/patchy/2.2.10/da05971b07cbb379d002cf7eaec6a2048211fefc/patchy-2.2.10.jar:/home/seiya/.gradle/caches/modules-2/files-2.1/com.mojang/text2speech/1.17.9/3cad216e3a7f0c19b4b394388bc9ffc446f13b14/text2speech-1.17.9.jar:/home/seiya/.gradle/caches/modules-2/files-2.1/org.apache.httpcomponents/httpclient/4.5.13/e5f6cae5ca7ecaac1ec2827a9e2d65ae2869cada/httpclient-4.5.13.jar:/home/seiya/.gradle/caches/modules-2/files-2.1/commons-codec/commons-codec/1.16.0/4e3eb3d79888d76b54e28b350915b5dc3919c9de/commons-codec-1.16.0.jar:/home/seiya/.gradle/caches/modules-2/files-2.1/org.apache.commons/commons-compress/1.26.0/659feffdd12280201c8aacb8f7be94f9a883c824/commons-compress-1.26.0.jar:/home/seiya/.gradle/caches/modules-2/files-2.1/commons-io/commons-io/2.15.1/f11560da189ab563a5c8e351941415430e9304ea/commons-io-2.15.1.jar:/home/seiya/.gradle/caches/modules-2/files-2.1/commons-logging/commons-logging/1.2/4bfc12adfe4842bf07b657f0369c4cb522955686/commons-logging-1.2.jar:/home/seiya/.gradle/caches/modules-2/files-2.1/io.netty/netty-handler/4.1.97.Final/abb86c6906bf512bf2b797a41cd7d2e8d3cd7c36/netty-handler-4.1.97.Final.jar:/home/seiya/.gradle/caches/modules-2/files-2.1/io.netty/netty-codec/4.1.97.Final/384ba4d75670befbedb45c4d3b497a93639c206d/netty-codec-4.1.97.Final.jar:/home/seiya/.gradle/caches/modules-2/files-2.1/io.netty/netty-transport-native-epoll/4.1.97.Final/5514744c588190ffda076b35a9b8c9f24946a960/netty-transport-native-epoll-4.1.97.Final-linux-aarch_64.jar:/home/seiya/.gradle/caches/modules-2/files-2.1/io.netty/netty-transport-native-epoll/4.1.97.Final/54188f271e388e7f313aea995e82f58ce2cdb809/netty-transport-native-epoll-4.1.97.Final-linux-x86_64.jar:/home/seiya/.gradle/caches/modules-2/files-2.1/io.netty/netty-transport-classes-epoll/4.1.97.Final/795da37ded759e862457a82d9d92c4d39ce8ecee/netty-transport-classes-epoll-4.1.97.Final.jar:/home/seiya/.gradle/caches/modules-2/files-2.1/io.netty/netty-transport-native-unix-common/4.1.97.Final/d469d84265ab70095b01b40886cabdd433b6e664/netty-transport-native-unix-common-4.1.97.Final.jar:/home/seiya/.gradle/caches/modules-2/files-2.1/io.netty/netty-transport/4.1.97.Final/f37380d23c9bb079bc702910833b2fd532c9abd0/netty-transport-4.1.97.Final.jar:/home/seiya/.gradle/caches/modules-2/files-2.1/io.netty/netty-buffer/4.1.97.Final/f8f3d8644afa5e6e1a40a3a6aeb9d9aa970ecb4f/netty-buffer-4.1.97.Final.jar:/home/seiya/.gradle/caches/modules-2/files-2.1/io.netty/netty-resolver/4.1.97.Final/cec8348108dc76c47cf87c669d514be52c922144/netty-resolver-4.1.97.Final.jar:/home/seiya/.gradle/caches/modules-2/files-2.1/io.netty/netty-common/4.1.97.Final/7cceacaf11df8dc63f23d0fb58e9d4640fc88404/netty-common-4.1.97.Final.jar:/home/seiya/.gradle/caches/modules-2/files-2.1/it.unimi.dsi/fastutil/8.5.12/c24946d46824bd528054bface3231d2ecb7e95e8/fastutil-8.5.12.jar:/home/seiya/.gradle/caches/modules-2/files-2.1/net.java.dev.jna/jna-platform/5.14.0/28934d48aed814f11e4c584da55c49fa7032b31b/jna-platform-5.14.0.jar:/home/seiya/.gradle/caches/modules-2/files-2.1/net.java.dev.jna/jna/5.14.0/67bf3eaea4f0718cb376a181a629e5f88fa1c9dd/jna-5.14.0.jar:/home/seiya/.gradle/caches/modules-2/files-2.1/net.sf.jopt-simple/jopt-simple/5.0.4/4fdac2fbe92dfad86aa6e9301736f6b4342a3f5c/jopt-simple-5.0.4.jar:/home/seiya/.gradle/caches/modules-2/files-2.1/org.apache.commons/commons-lang3/3.14.0/1ed471194b02f2c6cb734a0cd6f6f107c673afae/commons-lang3-3.14.0.jar:/home/seiya/.gradle/caches/modules-2/files-2.1/org.apache.httpcomponents/httpcore/4.4.16/51cf043c87253c9f58b539c9f7e44c8894223850/httpcore-4.4.16.jar:/home/seiya/.gradle/caches/modules-2/files-2.1/org.apache.logging.log4j/log4j-slf4j2-impl/2.22.1/d7e6693c2606cb7e7335047d7bb96dec52db5665/log4j-slf4j2-impl-2.22.1.jar:/home/seiya/.gradle/caches/modules-2/files-2.1/org.apache.logging.log4j/log4j-core/2.22.1/7183a25510a02ad00cc6a95d3b3d2a7d3c5a8dc4/log4j-core-2.22.1.jar:/home/seiya/.gradle/caches/modules-2/files-2.1/org.apache.logging.log4j/log4j-api/2.22.1/bea6fede6328fabafd7e68363161a7ea6605abd1/log4j-api-2.22.1.jar:/home/seiya/.gradle/caches/modules-2/files-2.1/org.jcraft/jorbis/0.0.17/8872d22b293e8f5d7d56ff92be966e6dc28ebdc6/jorbis-0.0.17.jar:/home/seiya/.gradle/caches/modules-2/files-2.1/org.joml/joml/1.10.5/22566d58af70ad3d72308bab63b8339906deb649/joml-1.10.5.jar:/home/seiya/.gradle/caches/modules-2/files-2.1/org.lwjgl/lwjgl-freetype/3.3.3/a0db6c84a8becc8ca05f9dbfa985edc348a824c7/lwjgl-freetype-3.3.3.jar:/home/seiya/.gradle/caches/modules-2/files-2.1/org.lwjgl/lwjgl-freetype/3.3.3/149070a5480900347071b7074779531f25a6e3dc/lwjgl-freetype-3.3.3-natives-linux.jar:/home/seiya/.gradle/caches/modules-2/files-2.1/org.lwjgl/lwjgl-glfw/3.3.3/efa1eb78c5ccd840e9f329717109b5e892d72f8e/lwjgl-glfw-3.3.3.jar:/home/seiya/.gradle/caches/modules-2/files-2.1/org.lwjgl/lwjgl-glfw/3.3.3/a03684c5e4b1b1dbbe0d29dbbdc27b985b6840f2/lwjgl-glfw-3.3.3-natives-linux.jar:/home/seiya/.gradle/caches/modules-2/files-2.1/org.lwjgl/lwjgl-jemalloc/3.3.3/b543467b7ff3c6920539a88ee602d34098628be5/lwjgl-jemalloc-3.3.3.jar:/home/seiya/.gradle/caches/modules-2/files-2.1/org.lwjgl/lwjgl-jemalloc/3.3.3/4f86728bf449b1dd61251c4e0ac01df1389cb51e/lwjgl-jemalloc-3.3.3-natives-linux.jar:/home/seiya/.gradle/caches/modules-2/files-2.1/org.lwjgl/lwjgl-openal/3.3.3/daada81ceb5fc0c291fbfdd4433cb8d9423577f2/lwjgl-openal-3.3.3.jar:/home/seiya/.gradle/caches/modules-2/files-2.1/org.lwjgl/lwjgl-openal/3.3.3/3037360cc4595079bea240af250b6d1a527e0905/lwjgl-openal-3.3.3-natives-linux.jar:/home/seiya/.gradle/caches/modules-2/files-2.1/org.lwjgl/lwjgl-opengl/3.3.3/2f6b0147078396a58979125a4c947664e98293a/lwjgl-opengl-3.3.3.jar:/home/seiya/.gradle/caches/modules-2/files-2.1/org.lwjgl/lwjgl-opengl/3.3.3/62c70a4b00ca5391882b0f4b787c1588d24f1c86/lwjgl-opengl-3.3.3-natives-linux.jar:/home/seiya/.gradle/caches/modules-2/files-2.1/org.lwjgl/lwjgl-stb/3.3.3/25dd6161988d7e65f71d5065c99902402ee32746/lwjgl-stb-3.3.3.jar:/home/seiya/.gradle/caches/modules-2/files-2.1/org.lwjgl/lwjgl-stb/3.3.3/fd1271ccd9d85eff2fa31f3fd543e02ccfaf5041/lwjgl-stb-3.3.3-natives-linux.jar:/home/seiya/.gradle/caches/modules-2/files-2.1/org.lwjgl/lwjgl-tinyfd/3.3.3/82d755ca94b102e9ca77283b9e2dc46d1b15fbe5/lwjgl-tinyfd-3.3.3.jar:/home/seiya/.gradle/caches/modules-2/files-2.1/org.lwjgl/lwjgl-tinyfd/3.3.3/d8d58daa0c3e5fd906fee96f5fddbcbc07cc308b/lwjgl-tinyfd-3.3.3-natives-linux.jar:/home/seiya/.gradle/caches/modules-2/files-2.1/org.lwjgl/lwjgl/3.3.3/29589b5f87ed335a6c7e7ee6a5775f81f97ecb84/lwjgl-3.3.3.jar:/home/seiya/.gradle/caches/modules-2/files-2.1/org.lwjgl/lwjgl/3.3.3/1713758e3660ba66e1e954396fd18126038b33c0/lwjgl-3.3.3-natives-linux.jar:/home/seiya/.gradle/caches/modules-2/files-2.1/org.lz4/lz4-java/1.8.0/4b986a99445e49ea5fbf5d149c4b63f6ed6c6780/lz4-java-1.8.0.jar:/home/seiya/.gradle/caches/modules-2/files-2.1/com.machinezoo.noexception/noexception/1.7.1/b65330c98e38a1f915fa54a6e5eca496505e3f0a/noexception-1.7.1.jar:/home/seiya/.gradle/caches/modules-2/files-2.1/org.slf4j/slf4j-simple/1.7.30/e606eac955f55ecf1d8edcccba04eb8ac98088dd/slf4j-simple-1.7.30.jar:/home/seiya/.gradle/caches/modules-2/files-2.1/org.slf4j/slf4j-api/2.0.9/7cf2726fdcfbc8610f9a71fb3ed639871f315340/slf4j-api-2.0.9.jar:/home/seiya/.gradle/caches/modules-2/files-2.1/org.codehaus.plexus/plexus-utils/3.3.1/9b41b2b76b1bfe3774411fe22f5868058a9fc822/plexus-utils-3.3.1.jar:/home/seiya/.gradle/caches/modules-2/files-2.1/org.jline/jline-native/3.25.1/7f58e474f7d94db5bf87b1fddf4fa646475779f2/jline-native-3.25.1.jar:/home/seiya/.gradle/caches/modules-2/files-2.1/com.google.guava/listenablefuture/9999.0-empty-to-avoid-conflict-with-guava/b421526c5f297295adef1c886e5246c39d4ac629/listenablefuture-9999.0-empty-to-avoid-conflict-with-guava.jar:/home/seiya/.gradle/caches/modules-2/files-2.1/org.checkerframework/checker-qual/3.33.0/de2b60b62da487644fc11f734e73c8b0b431238f/checker-qual-3.33.0.jar:/home/seiya/.gradle/caches/modules-2/files-2.1/com.google.errorprone/error_prone_annotations/2.18.0/89b684257096f548fa39a7df9fdaa409d4d4df91/error_prone_annotations-2.18.0.jar)
	at SECURE-BOOTSTRAP/com.sun.jna@5.14.0/com.sun.jna.NativeLibrary.loadLibrary(NativeLibrary.java:325) ~[jna-5.14.0.jar:5.14.0 (b0)]
	at SECURE-BOOTSTRAP/com.sun.jna@5.14.0/com.sun.jna.NativeLibrary.getInstance(NativeLibrary.java:481) ~[jna-5.14.0.jar:5.14.0 (b0)]
	at SECURE-BOOTSTRAP/com.sun.jna@5.14.0/com.sun.jna.NativeLibrary.getInstance(NativeLibrary.java:423) ~[jna-5.14.0.jar:5.14.0 (b0)]
	at SECURE-BOOTSTRAP/text2speech@1.17.9/com.mojang.text2speech.NarratorLinux$FliteLibrary.loadNative(NarratorLinux.java:67) ~[text2speech-1.17.9.jar:?]
	... 20 more
	Suppressed: java.lang.UnsatisfiedLinkError: libflite.so: cannot open shared object file: No such file or directory
		at SECURE-BOOTSTRAP/com.sun.jna@5.14.0/com.sun.jna.Native.open(Native Method) ~[jna-5.14.0.jar:5.14.0 (b0)]
		at SECURE-BOOTSTRAP/com.sun.jna@5.14.0/com.sun.jna.NativeLibrary.loadLibrary(NativeLibrary.java:213) ~[jna-5.14.0.jar:5.14.0 (b0)]
		at SECURE-BOOTSTRAP/com.sun.jna@5.14.0/com.sun.jna.NativeLibrary.getInstance(NativeLibrary.java:481) ~[jna-5.14.0.jar:5.14.0 (b0)]
		at SECURE-BOOTSTRAP/com.sun.jna@5.14.0/com.sun.jna.NativeLibrary.getInstance(NativeLibrary.java:423) ~[jna-5.14.0.jar:5.14.0 (b0)]
		at SECURE-BOOTSTRAP/text2speech@1.17.9/com.mojang.text2speech.NarratorLinux$FliteLibrary.loadNative(NarratorLinux.java:67) ~[text2speech-1.17.9.jar:?]
		at SECURE-BOOTSTRAP/text2speech@1.17.9/com.mojang.text2speech.NarratorLinux.<init>(NarratorLinux.java:18) ~[text2speech-1.17.9.jar:?]
		at SECURE-BOOTSTRAP/text2speech@1.17.9/com.mojang.text2speech.Narrator.getNarrator(Narrator.java:41) ~[text2speech-1.17.9.jar:?]
		at TRANSFORMER/minecraft@1.21.1/net.minecraft.client.GameNarrator.<init>(GameNarrator.java:19) ~[forge-1.21.1-52.1.0_mapped_official_1.21.1.jar:?]
		at TRANSFORMER/minecraft@1.21.1/net.minecraft.client.Minecraft.<init>(Minecraft.java:595) ~[forge-1.21.1-52.1.0_mapped_official_1.21.1.jar:?]
		at TRANSFORMER/minecraft@1.21.1/net.minecraft.client.main.Main.main(Main.java:212) ~[forge-1.21.1-52.1.0_mapped_official_1.21.1.jar:?]
		at java.base/jdk.internal.reflect.DirectMethodHandleAccessor.invoke(DirectMethodHandleAccessor.java:103) ~[?:?]
		at java.base/java.lang.reflect.Method.invoke(Method.java:580) ~[?:?]
		at SECURE-BOOTSTRAP/net.minecraftforge.fmlloader@1.21.1-52.1.0/net.minecraftforge.fml.loading.targets.CommonLaunchHandler.runTarget(CommonLaunchHandler.java:85) ~[fmlloader-1.21.1-52.1.0.jar!/:?]
		at SECURE-BOOTSTRAP/net.minecraftforge.fmlloader@1.21.1-52.1.0/net.minecraftforge.fml.loading.targets.CommonLaunchHandler.lambda$makeService$0(CommonLaunchHandler.java:69) ~[fmlloader-1.21.1-52.1.0.jar!/:?]
		at SECURE-BOOTSTRAP/cpw.mods.modlauncher@10.2.4/cpw.mods.modlauncher.LaunchServiceHandler.launch(LaunchServiceHandler.java:77) [modlauncher-10.2.4.jar!/:?]
		at SECURE-BOOTSTRAP/cpw.mods.modlauncher@10.2.4/cpw.mods.modlauncher.LaunchServiceHandler.launch(LaunchServiceHandler.java:97) [modlauncher-10.2.4.jar!/:?]
		at SECURE-BOOTSTRAP/cpw.mods.modlauncher@10.2.4/cpw.mods.modlauncher.Launcher.run(Launcher.java:116) [modlauncher-10.2.4.jar!/:?]
		at SECURE-BOOTSTRAP/cpw.mods.modlauncher@10.2.4/cpw.mods.modlauncher.Launcher.main(Launcher.java:75) [modlauncher-10.2.4.jar!/:?]
		at SECURE-BOOTSTRAP/cpw.mods.modlauncher@10.2.4/cpw.mods.modlauncher.BootstrapEntry.main(BootstrapEntry.java:17) [modlauncher-10.2.4.jar!/:?]
		at net.minecraftforge.bootstrap@2.1.7/net.minecraftforge.bootstrap.Bootstrap.moduleMain(Bootstrap.java:188) [bootstrap-2.1.8.jar!/:?]
		at java.base/jdk.internal.reflect.DirectMethodHandleAccessor.invoke(DirectMethodHandleAccessor.java:103) ~[?:?]
		at java.base/java.lang.reflect.Method.invoke(Method.java:580) ~[?:?]
		at net.minecraftforge.bootstrap.Bootstrap.bootstrapMain(Bootstrap.java:133) [bootstrap-2.1.8.jar:2.1.8]
		at net.minecraftforge.bootstrap.Bootstrap.start(Bootstrap.java:53) [bootstrap-2.1.8.jar:2.1.8]
		at net.minecraftforge.bootstrap.ForgeBootstrap.main(ForgeBootstrap.java:19) [bootstrap-2.1.8.jar:2.1.8]
	Suppressed: java.lang.UnsatisfiedLinkError: libflite.so: cannot open shared object file: No such file or directory
		at SECURE-BOOTSTRAP/com.sun.jna@5.14.0/com.sun.jna.Native.open(Native Method) ~[jna-5.14.0.jar:5.14.0 (b0)]
		at SECURE-BOOTSTRAP/com.sun.jna@5.14.0/com.sun.jna.NativeLibrary.loadLibrary(NativeLibrary.java:226) ~[jna-5.14.0.jar:5.14.0 (b0)]
		at SECURE-BOOTSTRAP/com.sun.jna@5.14.0/com.sun.jna.NativeLibrary.getInstance(NativeLibrary.java:481) ~[jna-5.14.0.jar:5.14.0 (b0)]
		at SECURE-BOOTSTRAP/com.sun.jna@5.14.0/com.sun.jna.NativeLibrary.getInstance(NativeLibrary.java:423) ~[jna-5.14.0.jar:5.14.0 (b0)]
		at SECURE-BOOTSTRAP/text2speech@1.17.9/com.mojang.text2speech.NarratorLinux$FliteLibrary.loadNative(NarratorLinux.java:67) ~[text2speech-1.17.9.jar:?]
		at SECURE-BOOTSTRAP/text2speech@1.17.9/com.mojang.text2speech.NarratorLinux.<init>(NarratorLinux.java:18) ~[text2speech-1.17.9.jar:?]
		at SECURE-BOOTSTRAP/text2speech@1.17.9/com.mojang.text2speech.Narrator.getNarrator(Narrator.java:41) ~[text2speech-1.17.9.jar:?]
		at TRANSFORMER/minecraft@1.21.1/net.minecraft.client.GameNarrator.<init>(GameNarrator.java:19) ~[forge-1.21.1-52.1.0_mapped_official_1.21.1.jar:?]
		at TRANSFORMER/minecraft@1.21.1/net.minecraft.client.Minecraft.<init>(Minecraft.java:595) ~[forge-1.21.1-52.1.0_mapped_official_1.21.1.jar:?]
		at TRANSFORMER/minecraft@1.21.1/net.minecraft.client.main.Main.main(Main.java:212) ~[forge-1.21.1-52.1.0_mapped_official_1.21.1.jar:?]
		at java.base/jdk.internal.reflect.DirectMethodHandleAccessor.invoke(DirectMethodHandleAccessor.java:103) ~[?:?]
		at java.base/java.lang.reflect.Method.invoke(Method.java:580) ~[?:?]
		at SECURE-BOOTSTRAP/net.minecraftforge.fmlloader@1.21.1-52.1.0/net.minecraftforge.fml.loading.targets.CommonLaunchHandler.runTarget(CommonLaunchHandler.java:85) ~[fmlloader-1.21.1-52.1.0.jar!/:?]
		at SECURE-BOOTSTRAP/net.minecraftforge.fmlloader@1.21.1-52.1.0/net.minecraftforge.fml.loading.targets.CommonLaunchHandler.lambda$makeService$0(CommonLaunchHandler.java:69) ~[fmlloader-1.21.1-52.1.0.jar!/:?]
		at SECURE-BOOTSTRAP/cpw.mods.modlauncher@10.2.4/cpw.mods.modlauncher.LaunchServiceHandler.launch(LaunchServiceHandler.java:77) [modlauncher-10.2.4.jar!/:?]
		at SECURE-BOOTSTRAP/cpw.mods.modlauncher@10.2.4/cpw.mods.modlauncher.LaunchServiceHandler.launch(LaunchServiceHandler.java:97) [modlauncher-10.2.4.jar!/:?]
		at SECURE-BOOTSTRAP/cpw.mods.modlauncher@10.2.4/cpw.mods.modlauncher.Launcher.run(Launcher.java:116) [modlauncher-10.2.4.jar!/:?]
		at SECURE-BOOTSTRAP/cpw.mods.modlauncher@10.2.4/cpw.mods.modlauncher.Launcher.main(Launcher.java:75) [modlauncher-10.2.4.jar!/:?]
		at SECURE-BOOTSTRAP/cpw.mods.modlauncher@10.2.4/cpw.mods.modlauncher.BootstrapEntry.main(BootstrapEntry.java:17) [modlauncher-10.2.4.jar!/:?]
		at net.minecraftforge.bootstrap@2.1.7/net.minecraftforge.bootstrap.Bootstrap.moduleMain(Bootstrap.java:188) [bootstrap-2.1.8.jar!/:?]
		at java.base/jdk.internal.reflect.DirectMethodHandleAccessor.invoke(DirectMethodHandleAccessor.java:103) ~[?:?]
		at java.base/java.lang.reflect.Method.invoke(Method.java:580) ~[?:?]
		at net.minecraftforge.bootstrap.Bootstrap.bootstrapMain(Bootstrap.java:133) [bootstrap-2.1.8.jar:2.1.8]
		at net.minecraftforge.bootstrap.Bootstrap.start(Bootstrap.java:53) [bootstrap-2.1.8.jar:2.1.8]
		at net.minecraftforge.bootstrap.ForgeBootstrap.main(ForgeBootstrap.java:19) [bootstrap-2.1.8.jar:2.1.8]
	Suppressed: java.io.IOException: Native library (linux-x86-64/libflite.so) not found in resource path (/home/seiya/mods/mobcatch/build/sourcesSets/main:/home/seiya/.gradle/caches/forge_gradle/minecraft_user_repo/net/minecraftforge/forge/1.21.1-52.1.0_mapped_official_1.21.1/forge-1.21.1-52.1.0_mapped_official_1.21.1.jar:/home/seiya/.gradle/caches/forge_gradle/minecraft_repo/versions/1.21.1/client-extra.jar:/home/seiya/.gradle/caches/modules-2/files-2.1/net.minecraftforge/fmlearlydisplay/1.21.1-52.1.0/2a762fbfa352ef1ec8f5e0536aba9d4aee4c63a7/fmlearlydisplay-1.21.1-52.1.0.jar:/home/seiya/.gradle/caches/modules-2/files-2.1/net.minecraftforge/javafmllanguage/1.21.1-52.1.0/e4df3a858ae2cb58be2705231a4d52e5cf0b133b/javafmllanguage-1.21.1-52.1.0.jar:/home/seiya/.gradle/caches/modules-2/files-2.1/net.minecraftforge/lowcodelanguage/1.21.1-52.1.0/1642e4e16393d38f52f7959604b1a297c4a758ed/lowcodelanguage-1.21.1-52.1.0.jar:/home/seiya/.gradle/caches/modules-2/files-2.1/net.minecraftforge/mclanguage/1.21.1-52.1.0/a51bef3c988a3a59ef4b53a509061f5e97d89eae/mclanguage-1.21.1-52.1.0.jar:/home/seiya/.gradle/caches/modules-2/files-2.1/net.minecraftforge/fmlcore/1.21.1-52.1.0/6b4d30ef1af5c3250e3d3ef039bb86cba5cb4dc4/fmlcore-1.21.1-52.1.0.jar:/home/seiya/.gradle/caches/modules-2/files-2.1/net.minecraftforge/fmlloader/1.21.1-52.1.0/8c4b802769cc025e0a0c6b6063925e06b552e637/fmlloader-1.21.1-52.1.0.jar:/home/seiya/.gradle/caches/modules-2/files-2.1/net.minecraftforge/JarJarSelector/0.3.26/1e032096a4d07e5bbb7b2f3b2beee8d5e02879e9/JarJarSelector-0.3.26.jar:/home/seiya/.gradle/caches/modules-2/files-2.1/net.minecraftforge/JarJarMetadata/0.3.26/6db967d6cce100e4abdeed0abfd594b9f42e0d10/JarJarMetadata-0.3.26.jar:/home/seiya/.gradle/caches/modules-2/files-2.1/com.google.jimfs/jimfs/1.3.0/93096472c3654a761c40c8e5d4ad82a7c1a0fd54/jimfs-1.3.0.jar:/home/seiya/.gradle/caches/modules-2/files-2.1/com.google.guava/guava/32.1.2-jre/5e64ec7e056456bef3a4bc4c6fdaef71e8ab6318/guava-32.1.2-jre.jar:/home/seiya/.gradle/caches/modules-2/files-2.1/com.google.code.findbugs/jsr305/3.0.2/25ea2e8b0c338a877313bd4672d3fe056ea78f0d/jsr305-3.0.2.jar:/home/seiya/.gradle/caches/modules-2/files-2.1/org.jetbrains/annotations/24.0.1/13c5c75c4206580aa4d683bffee658caae6c9f43/annotations-24.0.1.jar:/home/seiya/.gradle/caches/modules-2/files-2.1/ca.weblite/java-objc-bridge/1.1/1227f9e0666314f9de41477e3ec277e542ed7f7b/java-objc-bridge-1.1.jar:/home/seiya/.gradle/caches/modules-2/files-2.1/net.minecraftforge/forgespi/7.1.5/c01beea469b66cf787614239b7e0f791329b3816/forgespi-7.1.5.jar:/home/seiya/.gradle/caches/modules-2/files-2.1/net.minecraftforge/mergetool-api/1.0/589fac8080d2eb657bb37f464151abcd25524d64/mergetool-api-1.0.jar:/home/seiya/.gradle/caches/forge_gradle/mcp_repo/net/minecraft/mapping/1.21.1/mapping-1.21.1-mapping.zip:/home/seiya/.gradle/caches/modules-2/files-2.1/net.minecraftforge/bootstrap/2.1.8/7ce55508387cf35eeb0eb4895bd84bec854ead93/bootstrap-2.1.8.jar:/home/seiya/.gradle/caches/modules-2/files-2.1/net.minecraftforge/modlauncher/10.2.4/781dde4dcb54a7bd4f66b256d47e82710939b1bf/modlauncher-10.2.4.jar:/home/seiya/.gradle/caches/modules-2/files-2.1/net.minecraftforge/bootstrap-api/2.1.8/f77d6527282dfc12e2460a3155467f40f9a2673b/bootstrap-api-2.1.8.jar:/home/seiya/.gradle/caches/modules-2/files-2.1/net.minecraftforge/accesstransformers/8.2.2/5b17acd565e357c5812574e4db75b96c86c7db93/accesstransformers-8.2.2.jar:/home/seiya/.gradle/caches/modules-2/files-2.1/net.minecraftforge/eventbus/6.2.27/1a7914b85a47ef9e8f333b694a6f8c0dc6a57db7/eventbus-6.2.27.jar:/home/seiya/.gradle/caches/modules-2/files-2.1/net.jodah/typetools/0.6.3/a01aaa6ddaea9ec07ec4f209487b7a46a526283a/typetools-0.6.3.jar:/home/seiya/.gradle/caches/modules-2/files-2.1/net.minecraftforge/coremods/5.2.6/9528a9f2133ec5284122ac3d62cfff8bc8c6bba0/coremods-5.2.6.jar:/home/seiya/.gradle/caches/modules-2/files-2.1/org.openjdk.nashorn/nashorn-core/15.4/f67f5ffaa5f5130cf6fb9b133da00c7df3b532a5/nashorn-core-15.4.jar:/home/seiya/.gradle/caches/modules-2/files-2.1/com.electronwill.night-config/toml/3.7.4/aae582c90434a801bc1c34806631446f78ef1797/toml-3.7.4.jar:/home/seiya/.gradle/caches/modules-2/files-2.1/com.electronwill.night-config/core/3.7.4/fcd552161d0a6c2f0fcf75e337abbb040c597e1d/core-3.7.4.jar:/home/seiya/.gradle/caches/modules-2/files-2.1/org.apache.maven/maven-artifact/3.8.8/c4324db6f73f14e1327da2a1acec293d75212ae7/maven-artifact-3.8.8.jar:/home/seiya/.gradle/caches/modules-2/files-2.1/net.minecrell/terminalconsoleappender/1.2.0/96d02cd3b384ff015a8fef4223bcb4ccf1717c95/terminalconsoleappender-1.2.0.jar:/home/seiya/.gradle/caches/modules-2/files-2.1/org.jline/jline-reader/3.25.1/46d87459a98d74be8c77645f2bc3c65bb2fc4f3a/jline-reader-3.25.1.jar:/home/seiya/.gradle/caches/modules-2/files-2.1/org.jline/jline-terminal-jna/3.25.1/7e39efe62b2710b9f2bbefd2911e176b2efe1105/jline-terminal-jna-3.25.1.jar:/home/seiya/.gradle/caches/modules-2/files-2.1/org.jline/jline-terminal/3.25.1/44e0e53397c39d01c525bad3735097596a7d889a/jline-terminal-3.25.1.jar:/home/seiya/.gradle/caches/modules-2/files-2.1/org.spongepowered/mixin/0.8.7/8ab114ac385e6dbdad5efafe28aba4df8120915f/mixin-0.8.7.jar:/home/seiya/.gradle/caches/modules-2/files-2.1/net.minecraftforge/JarJarFileSystems/0.3.26/4b48cd32749b87a18afee96f33b825305feea289/JarJarFileSystems-0.3.26.jar:/home/seiya/.gradle/caches/modules-2/files-2.1/com.google.guava/failureaccess/1.0.1/1dcf1de382a0bf95a3d8b0849546c88bac1292c9/failureaccess-1.0.1.jar:/home/seiya/.gradle/caches/modules-2/files-2.1/net.minecraftforge/securemodules/2.2.21/a036e07b6064da635df3a3480591884fca3714d4/securemodules-2.2.21.jar:/home/seiya/.gradle/caches/modules-2/files-2.1/net.minecraftforge/unsafe/0.9.2/33bad02861cabd77c54a8c9d1205e8638bbbbb4f/unsafe-0.9.2.jar:/home/seiya/.gradle/caches/modules-2/files-2.1/org.ow2.asm/asm-util/9.7.1/9e23359b598ec6b74b23e53110dd5c577adf2243/asm-util-9.7.1.jar:/home/seiya/.gradle/caches/modules-2/files-2.1/org.ow2.asm/asm-commons/9.7.1/406c6a2225cfe1819f102a161e54cc16a5c24f75/asm-commons-9.7.1.jar:/home/seiya/.gradle/caches/modules-2/files-2.1/org.ow2.asm/asm-analysis/9.7.1/f97a3b319f0ed6a8cd944dc79060d3912a28985f/asm-analysis-9.7.1.jar:/home/seiya/.gradle/caches/modules-2/files-2.1/org.ow2.asm/asm-tree/9.7.1/3a53139787663b139de76b627fca0084ab60d32c/asm-tree-9.7.1.jar:/home/seiya/.gradle/caches/modules-2/files-2.1/org.ow2.asm/asm/9.7.1/f0ed132a49244b042cd0e15702ab9f2ce3cc8436/asm-9.7.1.jar:/home/seiya/.gradle/caches/modules-2/files-2.1/com.github.oshi/oshi-core/6.4.10/b1d8ab82d11d92fd639b56d639f8f46f739dd5fa/oshi-core-6.4.10.jar:/home/seiya/.gradle/caches/modules-2/files-2.1/com.google.code.gson/gson/2.10.1/b3add478d4382b78ea20b1671390a858002feb6c/gson-2.10.1.jar:/home/seiya/.gradle/caches/modules-2/files-2.1/com.ibm.icu/icu4j/73.2/61ad4ef7f9131fcf6d25c34b817f90d6da06c9e9/icu4j-73.2.jar:/home/seiya/.gradle/caches/modules-2/files-2.1/com.mojang/authlib/6.0.54/de8bc95660e1b2fe8793fd427a7a10dcec5b3ea7/authlib-6.0.54.jar:/home/seiya/.gradle/caches/modules-2/files-2.1/com.mojang/blocklist/1.0.10/5c685c5ffa94c4cd39496c7184c1d122e515ecef/blocklist-1.0.10.jar:/home/seiya/.gradle/caches/modules-2/files-2.1/com.mojang/brigadier/1.3.10/d15b53a14cf20fdcaa98f731af5dda654452c010/brigadier-1.3.10.jar:/home/seiya/.gradle/caches/modules-2/files-2.1/com.mojang/datafixerupper/8.0.16/67d4de6d7f95d89bcf5862995fb854ebaec02a34/datafixerupper-8.0.16.jar:/home/seiya/.gradle/caches/modules-2/files-2.1/com.mojang/logging/1.2.7/24cb95ffb0e3433fd6e844c04e68009e504ca1c0/logging-1.2.7.jar:/home/seiya/.gradle/caches/modules-2/files-2.1/com.mojang/patchy/2.2.10/da05971b07cbb379d002cf7eaec6a2048211fefc/patchy-2.2.10.jar:/home/seiya/.gradle/caches/modules-2/files-2.1/com.mojang/text2speech/1.17.9/3cad216e3a7f0c19b4b394388bc9ffc446f13b14/text2speech-1.17.9.jar:/home/seiya/.gradle/caches/modules-2/files-2.1/org.apache.httpcomponents/httpclient/4.5.13/e5f6cae5ca7ecaac1ec2827a9e2d65ae2869cada/httpclient-4.5.13.jar:/home/seiya/.gradle/caches/modules-2/files-2.1/commons-codec/commons-codec/1.16.0/4e3eb3d79888d76b54e28b350915b5dc3919c9de/commons-codec-1.16.0.jar:/home/seiya/.gradle/caches/modules-2/files-2.1/org.apache.commons/commons-compress/1.26.0/659feffdd12280201c8aacb8f7be94f9a883c824/commons-compress-1.26.0.jar:/home/seiya/.gradle/caches/modules-2/files-2.1/commons-io/commons-io/2.15.1/f11560da189ab563a5c8e351941415430e9304ea/commons-io-2.15.1.jar:/home/seiya/.gradle/caches/modules-2/files-2.1/commons-logging/commons-logging/1.2/4bfc12adfe4842bf07b657f0369c4cb522955686/commons-logging-1.2.jar:/home/seiya/.gradle/caches/modules-2/files-2.1/io.netty/netty-handler/4.1.97.Final/abb86c6906bf512bf2b797a41cd7d2e8d3cd7c36/netty-handler-4.1.97.Final.jar:/home/seiya/.gradle/caches/modules-2/files-2.1/io.netty/netty-codec/4.1.97.Final/384ba4d75670befbedb45c4d3b497a93639c206d/netty-codec-4.1.97.Final.jar:/home/seiya/.gradle/caches/modules-2/files-2.1/io.netty/netty-transport-native-epoll/4.1.97.Final/5514744c588190ffda076b35a9b8c9f24946a960/netty-transport-native-epoll-4.1.97.Final-linux-aarch_64.jar:/home/seiya/.gradle/caches/modules-2/files-2.1/io.netty/netty-transport-native-epoll/4.1.97.Final/54188f271e388e7f313aea995e82f58ce2cdb809/netty-transport-native-epoll-4.1.97.Final-linux-x86_64.jar:/home/seiya/.gradle/caches/modules-2/files-2.1/io.netty/netty-transport-classes-epoll/4.1.97.Final/795da37ded759e862457a82d9d92c4d39ce8ecee/netty-transport-classes-epoll-4.1.97.Final.jar:/home/seiya/.gradle/caches/modules-2/files-2.1/io.netty/netty-transport-native-unix-common/4.1.97.Final/d469d84265ab70095b01b40886cabdd433b6e664/netty-transport-native-unix-common-4.1.97.Final.jar:/home/seiya/.gradle/caches/modules-2/files-2.1/io.netty/netty-transport/4.1.97.Final/f37380d23c9bb079bc702910833b2fd532c9abd0/netty-transport-4.1.97.Final.jar:/home/seiya/.gradle/caches/modules-2/files-2.1/io.netty/netty-buffer/4.1.97.Final/f8f3d8644afa5e6e1a40a3a6aeb9d9aa970ecb4f/netty-buffer-4.1.97.Final.jar:/home/seiya/.gradle/caches/modules-2/files-2.1/io.netty/netty-resolver/4.1.97.Final/cec8348108dc76c47cf87c669d514be52c922144/netty-resolver-4.1.97.Final.jar:/home/seiya/.gradle/caches/modules-2/files-2.1/io.netty/netty-common/4.1.97.Final/7cceacaf11df8dc63f23d0fb58e9d4640fc88404/netty-common-4.1.97.Final.jar:/home/seiya/.gradle/caches/modules-2/files-2.1/it.unimi.dsi/fastutil/8.5.12/c24946d46824bd528054bface3231d2ecb7e95e8/fastutil-8.5.12.jar:/home/seiya/.gradle/caches/modules-2/files-2.1/net.java.dev.jna/jna-platform/5.14.0/28934d48aed814f11e4c584da55c49fa7032b31b/jna-platform-5.14.0.jar:/home/seiya/.gradle/caches/modules-2/files-2.1/net.java.dev.jna/jna/5.14.0/67bf3eaea4f0718cb376a181a629e5f88fa1c9dd/jna-5.14.0.jar:/home/seiya/.gradle/caches/modules-2/files-2.1/net.sf.jopt-simple/jopt-simple/5.0.4/4fdac2fbe92dfad86aa6e9301736f6b4342a3f5c/jopt-simple-5.0.4.jar:/home/seiya/.gradle/caches/modules-2/files-2.1/org.apache.commons/commons-lang3/3.14.0/1ed471194b02f2c6cb734a0cd6f6f107c673afae/commons-lang3-3.14.0.jar:/home/seiya/.gradle/caches/modules-2/files-2.1/org.apache.httpcomponents/httpcore/4.4.16/51cf043c87253c9f58b539c9f7e44c8894223850/httpcore-4.4.16.jar:/home/seiya/.gradle/caches/modules-2/files-2.1/org.apache.logging.log4j/log4j-slf4j2-impl/2.22.1/d7e6693c2606cb7e7335047d7bb96dec52db5665/log4j-slf4j2-impl-2.22.1.jar:/home/seiya/.gradle/caches/modules-2/files-2.1/org.apache.logging.log4j/log4j-core/2.22.1/7183a25510a02ad00cc6a95d3b3d2a7d3c5a8dc4/log4j-core-2.22.1.jar:/home/seiya/.gradle/caches/modules-2/files-2.1/org.apache.logging.log4j/log4j-api/2.22.1/bea6fede6328fabafd7e68363161a7ea6605abd1/log4j-api-2.22.1.jar:/home/seiya/.gradle/caches/modules-2/files-2.1/org.jcraft/jorbis/0.0.17/8872d22b293e8f5d7d56ff92be966e6dc28ebdc6/jorbis-0.0.17.jar:/home/seiya/.gradle/caches/modules-2/files-2.1/org.joml/joml/1.10.5/22566d58af70ad3d72308bab63b8339906deb649/joml-1.10.5.jar:/home/seiya/.gradle/caches/modules-2/files-2.1/org.lwjgl/lwjgl-freetype/3.3.3/a0db6c84a8becc8ca05f9dbfa985edc348a824c7/lwjgl-freetype-3.3.3.jar:/home/seiya/.gradle/caches/modules-2/files-2.1/org.lwjgl/lwjgl-freetype/3.3.3/149070a5480900347071b7074779531f25a6e3dc/lwjgl-freetype-3.3.3-natives-linux.jar:/home/seiya/.gradle/caches/modules-2/files-2.1/org.lwjgl/lwjgl-glfw/3.3.3/efa1eb78c5ccd840e9f329717109b5e892d72f8e/lwjgl-glfw-3.3.3.jar:/home/seiya/.gradle/caches/modules-2/files-2.1/org.lwjgl/lwjgl-glfw/3.3.3/a03684c5e4b1b1dbbe0d29dbbdc27b985b6840f2/lwjgl-glfw-3.3.3-natives-linux.jar:/home/seiya/.gradle/caches/modules-2/files-2.1/org.lwjgl/lwjgl-jemalloc/3.3.3/b543467b7ff3c6920539a88ee602d34098628be5/lwjgl-jemalloc-3.3.3.jar:/home/seiya/.gradle/caches/modules-2/files-2.1/org.lwjgl/lwjgl-jemalloc/3.3.3/4f86728bf449b1dd61251c4e0ac01df1389cb51e/lwjgl-jemalloc-3.3.3-natives-linux.jar:/home/seiya/.gradle/caches/modules-2/files-2.1/org.lwjgl/lwjgl-openal/3.3.3/daada81ceb5fc0c291fbfdd4433cb8d9423577f2/lwjgl-openal-3.3.3.jar:/home/seiya/.gradle/caches/modules-2/files-2.1/org.lwjgl/lwjgl-openal/3.3.3/3037360cc4595079bea240af250b6d1a527e0905/lwjgl-openal-3.3.3-natives-linux.jar:/home/seiya/.gradle/caches/modules-2/files-2.1/org.lwjgl/lwjgl-opengl/3.3.3/2f6b0147078396a58979125a4c947664e98293a/lwjgl-opengl-3.3.3.jar:/home/seiya/.gradle/caches/modules-2/files-2.1/org.lwjgl/lwjgl-opengl/3.3.3/62c70a4b00ca5391882b0f4b787c1588d24f1c86/lwjgl-opengl-3.3.3-natives-linux.jar:/home/seiya/.gradle/caches/modules-2/files-2.1/org.lwjgl/lwjgl-stb/3.3.3/25dd6161988d7e65f71d5065c99902402ee32746/lwjgl-stb-3.3.3.jar:/home/seiya/.gradle/caches/modules-2/files-2.1/org.lwjgl/lwjgl-stb/3.3.3/fd1271ccd9d85eff2fa31f3fd543e02ccfaf5041/lwjgl-stb-3.3.3-natives-linux.jar:/home/seiya/.gradle/caches/modules-2/files-2.1/org.lwjgl/lwjgl-tinyfd/3.3.3/82d755ca94b102e9ca77283b9e2dc46d1b15fbe5/lwjgl-tinyfd-3.3.3.jar:/home/seiya/.gradle/caches/modules-2/files-2.1/org.lwjgl/lwjgl-tinyfd/3.3.3/d8d58daa0c3e5fd906fee96f5fddbcbc07cc308b/lwjgl-tinyfd-3.3.3-natives-linux.jar:/home/seiya/.gradle/caches/modules-2/files-2.1/org.lwjgl/lwjgl/3.3.3/29589b5f87ed335a6c7e7ee6a5775f81f97ecb84/lwjgl-3.3.3.jar:/home/seiya/.gradle/caches/modules-2/files-2.1/org.lwjgl/lwjgl/3.3.3/1713758e3660ba66e1e954396fd18126038b33c0/lwjgl-3.3.3-natives-linux.jar:/home/seiya/.gradle/caches/modules-2/files-2.1/org.lz4/lz4-java/1.8.0/4b986a99445e49ea5fbf5d149c4b63f6ed6c6780/lz4-java-1.8.0.jar:/home/seiya/.gradle/caches/modules-2/files-2.1/com.machinezoo.noexception/noexception/1.7.1/b65330c98e38a1f915fa54a6e5eca496505e3f0a/noexception-1.7.1.jar:/home/seiya/.gradle/caches/modules-2/files-2.1/org.slf4j/slf4j-simple/1.7.30/e606eac955f55ecf1d8edcccba04eb8ac98088dd/slf4j-simple-1.7.30.jar:/home/seiya/.gradle/caches/modules-2/files-2.1/org.slf4j/slf4j-api/2.0.9/7cf2726fdcfbc8610f9a71fb3ed639871f315340/slf4j-api-2.0.9.jar:/home/seiya/.gradle/caches/modules-2/files-2.1/org.codehaus.plexus/plexus-utils/3.3.1/9b41b2b76b1bfe3774411fe22f5868058a9fc822/plexus-utils-3.3.1.jar:/home/seiya/.gradle/caches/modules-2/files-2.1/org.jline/jline-native/3.25.1/7f58e474f7d94db5bf87b1fddf4fa646475779f2/jline-native-3.25.1.jar:/home/seiya/.gradle/caches/modules-2/files-2.1/com.google.guava/listenablefuture/9999.0-empty-to-avoid-conflict-with-guava/b421526c5f297295adef1c886e5246c39d4ac629/listenablefuture-9999.0-empty-to-avoid-conflict-with-guava.jar:/home/seiya/.gradle/caches/modules-2/files-2.1/org.checkerframework/checker-qual/3.33.0/de2b60b62da487644fc11f734e73c8b0b431238f/checker-qual-3.33.0.jar:/home/seiya/.gradle/caches/modules-2/files-2.1/com.google.errorprone/error_prone_annotations/2.18.0/89b684257096f548fa39a7df9fdaa409d4d4df91/error_prone_annotations-2.18.0.jar)
		at SECURE-BOOTSTRAP/com.sun.jna@5.14.0/com.sun.jna.Native.extractFromResourcePath(Native.java:1141) ~[jna-5.14.0.jar:5.14.0 (b0)]
		at SECURE-BOOTSTRAP/com.sun.jna@5.14.0/com.sun.jna.NativeLibrary.loadLibrary(NativeLibrary.java:297) ~[jna-5.14.0.jar:5.14.0 (b0)]
		at SECURE-BOOTSTRAP/com.sun.jna@5.14.0/com.sun.jna.NativeLibrary.getInstance(NativeLibrary.java:481) ~[jna-5.14.0.jar:5.14.0 (b0)]
		at SECURE-BOOTSTRAP/com.sun.jna@5.14.0/com.sun.jna.NativeLibrary.getInstance(NativeLibrary.java:423) ~[jna-5.14.0.jar:5.14.0 (b0)]
		at SECURE-BOOTSTRAP/text2speech@1.17.9/com.mojang.text2speech.NarratorLinux$FliteLibrary.loadNative(NarratorLinux.java:67) ~[text2speech-1.17.9.jar:?]
		at SECURE-BOOTSTRAP/text2speech@1.17.9/com.mojang.text2speech.NarratorLinux.<init>(NarratorLinux.java:18) ~[text2speech-1.17.9.jar:?]
		at SECURE-BOOTSTRAP/text2speech@1.17.9/com.mojang.text2speech.Narrator.getNarrator(Narrator.java:41) ~[text2speech-1.17.9.jar:?]
		at TRANSFORMER/minecraft@1.21.1/net.minecraft.client.GameNarrator.<init>(GameNarrator.java:19) ~[forge-1.21.1-52.1.0_mapped_official_1.21.1.jar:?]
		at TRANSFORMER/minecraft@1.21.1/net.minecraft.client.Minecraft.<init>(Minecraft.java:595) ~[forge-1.21.1-52.1.0_mapped_official_1.21.1.jar:?]
		at TRANSFORMER/minecraft@1.21.1/net.minecraft.client.main.Main.main(Main.java:212) ~[forge-1.21.1-52.1.0_mapped_official_1.21.1.jar:?]
		at java.base/jdk.internal.reflect.DirectMethodHandleAccessor.invoke(DirectMethodHandleAccessor.java:103) ~[?:?]
		at java.base/java.lang.reflect.Method.invoke(Method.java:580) ~[?:?]
		at SECURE-BOOTSTRAP/net.minecraftforge.fmlloader@1.21.1-52.1.0/net.minecraftforge.fml.loading.targets.CommonLaunchHandler.runTarget(CommonLaunchHandler.java:85) ~[fmlloader-1.21.1-52.1.0.jar!/:?]
		at SECURE-BOOTSTRAP/net.minecraftforge.fmlloader@1.21.1-52.1.0/net.minecraftforge.fml.loading.targets.CommonLaunchHandler.lambda$makeService$0(CommonLaunchHandler.java:69) ~[fmlloader-1.21.1-52.1.0.jar!/:?]
		at SECURE-BOOTSTRAP/cpw.mods.modlauncher@10.2.4/cpw.mods.modlauncher.LaunchServiceHandler.launch(LaunchServiceHandler.java:77) [modlauncher-10.2.4.jar!/:?]
		at SECURE-BOOTSTRAP/cpw.mods.modlauncher@10.2.4/cpw.mods.modlauncher.LaunchServiceHandler.launch(LaunchServiceHandler.java:97) [modlauncher-10.2.4.jar!/:?]
		at SECURE-BOOTSTRAP/cpw.mods.modlauncher@10.2.4/cpw.mods.modlauncher.Launcher.run(Launcher.java:116) [modlauncher-10.2.4.jar!/:?]
		at SECURE-BOOTSTRAP/cpw.mods.modlauncher@10.2.4/cpw.mods.modlauncher.Launcher.main(Launcher.java:75) [modlauncher-10.2.4.jar!/:?]
		at SECURE-BOOTSTRAP/cpw.mods.modlauncher@10.2.4/cpw.mods.modlauncher.BootstrapEntry.main(BootstrapEntry.java:17) [modlauncher-10.2.4.jar!/:?]
		at net.minecraftforge.bootstrap@2.1.7/net.minecraftforge.bootstrap.Bootstrap.moduleMain(Bootstrap.java:188) [bootstrap-2.1.8.jar!/:?]
		at java.base/jdk.internal.reflect.DirectMethodHandleAccessor.invoke(DirectMethodHandleAccessor.java:103) ~[?:?]
		at java.base/java.lang.reflect.Method.invoke(Method.java:580) ~[?:?]
		at net.minecraftforge.bootstrap.Bootstrap.bootstrapMain(Bootstrap.java:133) [bootstrap-2.1.8.jar:2.1.8]
		at net.minecraftforge.bootstrap.Bootstrap.start(Bootstrap.java:53) [bootstrap-2.1.8.jar:2.1.8]
		at net.minecraftforge.bootstrap.ForgeBootstrap.main(ForgeBootstrap.java:19) [bootstrap-2.1.8.jar:2.1.8]
Transformer Audit:
  net.minecraft.client.GameNarrator
    REASON: classloading
  net.minecraft.client.Minecraft
    REASON: classloading
    PLUGIN: accesstransformer:BEFORE
    PLUGIN: runtimedistcleaner:AFTER
  net.minecraft.client.main.Main
    REASON: classloading
[16:01:11] [Render thread/INFO] [minecraft/ReloadableResourceManager]: Reloading ResourceManager: vanilla, mod_resources
[16:01:11] [modloading-worker-0/DEBUG] [ne.mi.fm.co.ConfigTracker/CONFIG]: Loading configs type CLIENT
[16:01:11] [modloading-worker-0/DEBUG] [ne.mi.fm.co.ConfigFileTypeHandler/CONFIG]: Built TOML config for /home/seiya/mods/mobcatch/run/config/forge-client.toml
[16:01:11] [modloading-worker-0/DEBUG] [ne.mi.fm.co.ConfigFileTypeHandler/CONFIG]: Loaded TOML config file /home/seiya/mods/mobcatch/run/config/forge-client.toml
[16:01:11] [modloading-worker-0/DEBUG] [ne.mi.fm.co.ConfigFileTypeHandler/CONFIG]: Starting watcher for handler: ConfigFileTypeHandler[CLIENT]
[16:01:11] [modloading-worker-0/DEBUG] [ne.mi.fm.co.ConfigFileTypeHandler/CONFIG]: Watching TOML config file /home/seiya/mods/mobcatch/run/config/forge-client.toml for changes
[16:01:11] [modloading-worker-0/DEBUG] [ne.mi.co.ForgeConfig/FORGEMOD]: Loaded forge config file forge-client.toml
[16:01:11] [modloading-worker-0/DEBUG] [ne.mi.fm.co.ConfigTracker/CONFIG]: Loading configs type COMMON
[16:01:11] [modloading-worker-0/DEBUG] [ne.mi.fm.co.ConfigFileTypeHandler/CONFIG]: Built TOML config for /home/seiya/mods/mobcatch/run/config/forge-common.toml
[16:01:11] [modloading-worker-0/DEBUG] [ne.mi.fm.co.ConfigFileTypeHandler/CONFIG]: Loaded TOML config file /home/seiya/mods/mobcatch/run/config/forge-common.toml
[16:01:11] [modloading-worker-0/DEBUG] [ne.mi.fm.co.ConfigFileTypeHandler/CONFIG]: Starting watcher for handler: ConfigFileTypeHandler[COMMON]
[16:01:11] [modloading-worker-0/DEBUG] [ne.mi.fm.co.ConfigFileTypeHandler/CONFIG]: Watching TOML config file /home/seiya/mods/mobcatch/run/config/forge-common.toml for changes
[16:01:11] [modloading-worker-0/DEBUG] [ne.mi.co.ForgeConfig/FORGEMOD]: Loaded forge config file forge-common.toml
[16:01:11] [Worker-Main-13/INFO] [minecraft/UnihexProvider]: Found unifont_jp_patch-15.1.05.hex, loading
[16:01:11] [Worker-Main-15/INFO] [minecraft/UnihexProvider]: Found unifont_all_no_pua-15.1.05.hex, loading
[16:01:11] [Forge Version Check/INFO] [ne.mi.fm.VersionChecker/]: [forge] Starting version check at https://files.minecraftforge.net/net/minecraftforge/forge/promotions_slim.json
[16:01:11] [pool-7-thread-1/DEBUG] [ne.mi.fm.co.ConfigFileTypeHandler/CONFIG]: Config file forge-client.toml changed, sending notifies
[16:01:11] [pool-7-thread-1/DEBUG] [ne.mi.co.ForgeConfig/FORGEMOD]: Forge config just got changed on the file system!
[16:01:11] [pool-8-thread-1/DEBUG] [ne.mi.fm.co.ConfigFileTypeHandler/CONFIG]: Config file forge-common.toml changed, sending notifies
[16:01:11] [pool-8-thread-1/DEBUG] [ne.mi.co.ForgeConfig/FORGEMOD]: Forge config just got changed on the file system!
[16:01:11] [Worker-Main-5/WARN] [minecraft/ModelBakery]: Unable to load model: 'mobcatch:item/captured_minecraft_allay' referenced from: mobcatch:item/captured_minecraft_allay: java.io.FileNotFoundException: mobcatch:models/item/captured_minecraft_allay.json
[16:01:11] [Worker-Main-5/WARN] [minecraft/ModelBakery]: Unable to load model: 'mobcatch:item/captured_minecraft_armadillo' referenced from: mobcatch:item/captured_minecraft_armadillo: java.io.FileNotFoundException: mobcatch:models/item/captured_minecraft_armadillo.json
[16:01:11] [Worker-Main-5/WARN] [minecraft/ModelBakery]: Unable to load model: 'mobcatch:item/captured_minecraft_axolotl' referenced from: mobcatch:item/captured_minecraft_axolotl: java.io.FileNotFoundException: mobcatch:models/item/captured_minecraft_axolotl.json
[16:01:11] [Worker-Main-5/WARN] [minecraft/ModelBakery]: Unable to load model: 'mobcatch:item/captured_minecraft_bat' referenced from: mobcatch:item/captured_minecraft_bat: java.io.FileNotFoundException: mobcatch:models/item/captured_minecraft_bat.json
[16:01:11] [Worker-Main-5/WARN] [minecraft/ModelBakery]: Unable to load model: 'mobcatch:item/captured_minecraft_bee' referenced from: mobcatch:item/captured_minecraft_bee: java.io.FileNotFoundException: mobcatch:models/item/captured_minecraft_bee.json
[16:01:11] [Worker-Main-5/WARN] [minecraft/ModelBakery]: Unable to load model: 'mobcatch:item/captured_minecraft_blaze' referenced from: mobcatch:item/captured_minecraft_blaze: java.io.FileNotFoundException: mobcatch:models/item/captured_minecraft_blaze.json
[16:01:11] [Worker-Main-5/WARN] [minecraft/ModelBakery]: Unable to load model: 'mobcatch:item/captured_minecraft_bogged' referenced from: mobcatch:item/captured_minecraft_bogged: java.io.FileNotFoundException: mobcatch:models/item/captured_minecraft_bogged.json
[16:01:11] [Worker-Main-5/WARN] [minecraft/ModelBakery]: Unable to load model: 'mobcatch:item/captured_minecraft_breeze' referenced from: mobcatch:item/captured_minecraft_breeze: java.io.FileNotFoundException: mobcatch:models/item/captured_minecraft_breeze.json
[16:01:11] [Worker-Main-5/WARN] [minecraft/ModelBakery]: Unable to load model: 'mobcatch:item/captured_minecraft_camel' referenced from: mobcatch:item/captured_minecraft_camel: java.io.FileNotFoundException: mobcatch:models/item/captured_minecraft_camel.json
[16:01:11] [Worker-Main-5/WARN] [minecraft/ModelBakery]: Unable to load model: 'mobcatch:item/captured_minecraft_cat' referenced from: mobcatch:item/captured_minecraft_cat: java.io.FileNotFoundException: mobcatch:models/item/captured_minecraft_cat.json
[16:01:11] [Worker-Main-5/WARN] [minecraft/ModelBakery]: Unable to load model: 'mobcatch:item/captured_minecraft_cave_spider' referenced from: mobcatch:item/captured_minecraft_cave_spider: java.io.FileNotFoundException: mobcatch:models/item/captured_minecraft_cave_spider.json
[16:01:11] [Worker-Main-5/WARN] [minecraft/ModelBakery]: Unable to load model: 'mobcatch:item/captured_minecraft_chicken' referenced from: mobcatch:item/captured_minecraft_chicken: java.io.FileNotFoundException: mobcatch:models/item/captured_minecraft_chicken.json
[16:01:11] [Worker-Main-5/WARN] [minecraft/ModelBakery]: Unable to load model: 'mobcatch:item/captured_minecraft_cod' referenced from: mobcatch:item/captured_minecraft_cod: java.io.FileNotFoundException: mobcatch:models/item/captured_minecraft_cod.json
[16:01:11] [Worker-Main-5/WARN] [minecraft/ModelBakery]: Unable to load model: 'mobcatch:item/captured_minecraft_cow' referenced from: mobcatch:item/captured_minecraft_cow: java.io.FileNotFoundException: mobcatch:models/item/captured_minecraft_cow.json
[16:01:11] [Worker-Main-5/WARN] [minecraft/ModelBakery]: Unable to load model: 'mobcatch:item/captured_minecraft_creeper' referenced from: mobcatch:item/captured_minecraft_creeper: java.io.FileNotFoundException: mobcatch:models/item/captured_minecraft_creeper.json
[16:01:11] [Worker-Main-5/WARN] [minecraft/ModelBakery]: Unable to load model: 'mobcatch:item/captured_minecraft_dolphin' referenced from: mobcatch:item/captured_minecraft_dolphin: java.io.FileNotFoundException: mobcatch:models/item/captured_minecraft_dolphin.json
[16:01:11] [Worker-Main-5/WARN] [minecraft/ModelBakery]: Unable to load model: 'mobcatch:item/captured_minecraft_donkey' referenced from: mobcatch:item/captured_minecraft_donkey: java.io.FileNotFoundException: mobcatch:models/item/captured_minecraft_donkey.json
[16:01:11] [Worker-Main-5/WARN] [minecraft/ModelBakery]: Unable to load model: 'mobcatch:item/captured_minecraft_drowned' referenced from: mobcatch:item/captured_minecraft_drowned: java.io.FileNotFoundException: mobcatch:models/item/captured_minecraft_drowned.json
[16:01:11] [Worker-Main-5/WARN] [minecraft/ModelBakery]: Unable to load model: 'mobcatch:item/captured_minecraft_elder_guardian' referenced from: mobcatch:item/captured_minecraft_elder_guardian: java.io.FileNotFoundException: mobcatch:models/item/captured_minecraft_elder_guardian.json
[16:01:11] [Worker-Main-5/WARN] [minecraft/ModelBakery]: Unable to load model: 'mobcatch:item/captured_minecraft_ender_dragon' referenced from: mobcatch:item/captured_minecraft_ender_dragon: java.io.FileNotFoundException: mobcatch:models/item/captured_minecraft_ender_dragon.json
[16:01:11] [Worker-Main-5/WARN] [minecraft/ModelBakery]: Unable to load model: 'mobcatch:item/captured_minecraft_enderman' referenced from: mobcatch:item/captured_minecraft_enderman: java.io.FileNotFoundException: mobcatch:models/item/captured_minecraft_enderman.json
[16:01:11] [Worker-Main-5/WARN] [minecraft/ModelBakery]: Unable to load model: 'mobcatch:item/captured_minecraft_endermite' referenced from: mobcatch:item/captured_minecraft_endermite: java.io.FileNotFoundException: mobcatch:models/item/captured_minecraft_endermite.json
[16:01:11] [Worker-Main-5/WARN] [minecraft/ModelBakery]: Unable to load model: 'mobcatch:item/captured_minecraft_evoker' referenced from: mobcatch:item/captured_minecraft_evoker: java.io.FileNotFoundException: mobcatch:models/item/captured_minecraft_evoker.json
[16:01:11] [Worker-Main-5/WARN] [minecraft/ModelBakery]: Unable to load model: 'mobcatch:item/captured_minecraft_fox' referenced from: mobcatch:item/captured_minecraft_fox: java.io.FileNotFoundException: mobcatch:models/item/captured_minecraft_fox.json
[16:01:11] [Worker-Main-5/WARN] [minecraft/ModelBakery]: Unable to load model: 'mobcatch:item/captured_minecraft_frog' referenced from: mobcatch:item/captured_minecraft_frog: java.io.FileNotFoundException: mobcatch:models/item/captured_minecraft_frog.json
[16:01:11] [Worker-Main-5/WARN] [minecraft/ModelBakery]: Unable to load model: 'mobcatch:item/captured_minecraft_ghast' referenced from: mobcatch:item/captured_minecraft_ghast: java.io.FileNotFoundException: mobcatch:models/item/captured_minecraft_ghast.json
[16:01:11] [Worker-Main-5/WARN] [minecraft/ModelBakery]: Unable to load model: 'mobcatch:item/captured_minecraft_giant' referenced from: mobcatch:item/captured_minecraft_giant: java.io.FileNotFoundException: mobcatch:models/item/captured_minecraft_giant.json
[16:01:11] [Worker-Main-5/WARN] [minecraft/ModelBakery]: Unable to load model: 'mobcatch:item/captured_minecraft_glow_squid' referenced from: mobcatch:item/captured_minecraft_glow_squid: java.io.FileNotFoundException: mobcatch:models/item/captured_minecraft_glow_squid.json
[16:01:11] [Worker-Main-5/WARN] [minecraft/ModelBakery]: Unable to load model: 'mobcatch:item/captured_minecraft_goat' referenced from: mobcatch:item/captured_minecraft_goat: java.io.FileNotFoundException: mobcatch:models/item/captured_minecraft_goat.json
[16:01:11] [Worker-Main-5/WARN] [minecraft/ModelBakery]: Unable to load model: 'mobcatch:item/captured_minecraft_guardian' referenced from: mobcatch:item/captured_minecraft_guardian: java.io.FileNotFoundException: mobcatch:models/item/captured_minecraft_guardian.json
[16:01:11] [Worker-Main-5/WARN] [minecraft/ModelBakery]: Unable to load model: 'mobcatch:item/captured_minecraft_hoglin' referenced from: mobcatch:item/captured_minecraft_hoglin: java.io.FileNotFoundException: mobcatch:models/item/captured_minecraft_hoglin.json
[16:01:11] [Worker-Main-5/WARN] [minecraft/ModelBakery]: Unable to load model: 'mobcatch:item/captured_minecraft_horse' referenced from: mobcatch:item/captured_minecraft_horse: java.io.FileNotFoundException: mobcatch:models/item/captured_minecraft_horse.json
[16:01:11] [Worker-Main-5/WARN] [minecraft/ModelBakery]: Unable to load model: 'mobcatch:item/captured_minecraft_husk' referenced from: mobcatch:item/captured_minecraft_husk: java.io.FileNotFoundException: mobcatch:models/item/captured_minecraft_husk.json
[16:01:11] [Worker-Main-5/WARN] [minecraft/ModelBakery]: Unable to load model: 'mobcatch:item/captured_minecraft_illusioner' referenced from: mobcatch:item/captured_minecraft_illusioner: java.io.FileNotFoundException: mobcatch:models/item/captured_minecraft_illusioner.json
[16:01:11] [Worker-Main-5/WARN] [minecraft/ModelBakery]: Unable to load model: 'mobcatch:item/captured_minecraft_llama' referenced from: mobcatch:item/captured_minecraft_llama: java.io.FileNotFoundException: mobcatch:models/item/captured_minecraft_llama.json
[16:01:11] [Worker-Main-5/WARN] [minecraft/ModelBakery]: Unable to load model: 'mobcatch:item/captured_minecraft_magma_cube' referenced from: mobcatch:item/captured_minecraft_magma_cube: java.io.FileNotFoundException: mobcatch:models/item/captured_minecraft_magma_cube.json
[16:01:11] [Worker-Main-5/WARN] [minecraft/ModelBakery]: Unable to load model: 'mobcatch:item/captured_minecraft_mooshroom' referenced from: mobcatch:item/captured_minecraft_mooshroom: java.io.FileNotFoundException: mobcatch:models/item/captured_minecraft_mooshroom.json
[16:01:11] [Worker-Main-5/WARN] [minecraft/ModelBakery]: Unable to load model: 'mobcatch:item/captured_minecraft_mule' referenced from: mobcatch:item/captured_minecraft_mule: java.io.FileNotFoundException: mobcatch:models/item/captured_minecraft_mule.json
[16:01:11] [Worker-Main-5/WARN] [minecraft/ModelBakery]: Unable to load model: 'mobcatch:item/captured_minecraft_ocelot' referenced from: mobcatch:item/captured_minecraft_ocelot: java.io.FileNotFoundException: mobcatch:models/item/captured_minecraft_ocelot.json
[16:01:11] [Worker-Main-5/WARN] [minecraft/ModelBakery]: Unable to load model: 'mobcatch:item/captured_minecraft_panda' referenced from: mobcatch:item/captured_minecraft_panda: java.io.FileNotFoundException: mobcatch:models/item/captured_minecraft_panda.json
[16:01:11] [Worker-Main-5/WARN] [minecraft/ModelBakery]: Unable to load model: 'mobcatch:item/captured_minecraft_parrot' referenced from: mobcatch:item/captured_minecraft_parrot: java.io.FileNotFoundException: mobcatch:models/item/captured_minecraft_parrot.json
[16:01:11] [Worker-Main-5/WARN] [minecraft/ModelBakery]: Unable to load model: 'mobcatch:item/captured_minecraft_phantom' referenced from: mobcatch:item/captured_minecraft_phantom: java.io.FileNotFoundException: mobcatch:models/item/captured_minecraft_phantom.json
[16:01:11] [Worker-Main-5/WARN] [minecraft/ModelBakery]: Unable to load model: 'mobcatch:item/captured_minecraft_pig' referenced from: mobcatch:item/captured_minecraft_pig: java.io.FileNotFoundException: mobcatch:models/item/captured_minecraft_pig.json
[16:01:11] [Worker-Main-5/WARN] [minecraft/ModelBakery]: Unable to load model: 'mobcatch:item/captured_minecraft_piglin' referenced from: mobcatch:item/captured_minecraft_piglin: java.io.FileNotFoundException: mobcatch:models/item/captured_minecraft_piglin.json
[16:01:11] [Worker-Main-5/WARN] [minecraft/ModelBakery]: Unable to load model: 'mobcatch:item/captured_minecraft_piglin_brute' referenced from: mobcatch:item/captured_minecraft_piglin_brute: java.io.FileNotFoundException: mobcatch:models/item/captured_minecraft_piglin_brute.json
[16:01:11] [Worker-Main-5/WARN] [minecraft/ModelBakery]: Unable to load model: 'mobcatch:item/captured_minecraft_pillager' referenced from: mobcatch:item/captured_minecraft_pillager: java.io.FileNotFoundException: mobcatch:models/item/captured_minecraft_pillager.json
[16:01:11] [Worker-Main-5/WARN] [minecraft/ModelBakery]: Unable to load model: 'mobcatch:item/captured_minecraft_polar_bear' referenced from: mobcatch:item/captured_minecraft_polar_bear: java.io.FileNotFoundException: mobcatch:models/item/captured_minecraft_polar_bear.json
[16:01:11] [Worker-Main-5/WARN] [minecraft/ModelBakery]: Unable to load model: 'mobcatch:item/captured_minecraft_pufferfish' referenced from: mobcatch:item/captured_minecraft_pufferfish: java.io.FileNotFoundException: mobcatch:models/item/captured_minecraft_pufferfish.json
[16:01:11] [Worker-Main-5/WARN] [minecraft/ModelBakery]: Unable to load model: 'mobcatch:item/captured_minecraft_rabbit' referenced from: mobcatch:item/captured_minecraft_rabbit: java.io.FileNotFoundException: mobcatch:models/item/captured_minecraft_rabbit.json
[16:01:11] [Worker-Main-5/WARN] [minecraft/ModelBakery]: Unable to load model: 'mobcatch:item/captured_minecraft_ravager' referenced from: mobcatch:item/captured_minecraft_ravager: java.io.FileNotFoundException: mobcatch:models/item/captured_minecraft_ravager.json
[16:01:11] [Worker-Main-5/WARN] [minecraft/ModelBakery]: Unable to load model: 'mobcatch:item/captured_minecraft_salmon' referenced from: mobcatch:item/captured_minecraft_salmon: java.io.FileNotFoundException: mobcatch:models/item/captured_minecraft_salmon.json
[16:01:11] [Worker-Main-5/WARN] [minecraft/ModelBakery]: Unable to load model: 'mobcatch:item/captured_minecraft_sheep' referenced from: mobcatch:item/captured_minecraft_sheep: java.io.FileNotFoundException: mobcatch:models/item/captured_minecraft_sheep.json
[16:01:11] [Worker-Main-5/WARN] [minecraft/ModelBakery]: Unable to load model: 'mobcatch:item/captured_minecraft_shulker' referenced from: mobcatch:item/captured_minecraft_shulker: java.io.FileNotFoundException: mobcatch:models/item/captured_minecraft_shulker.json
[16:01:11] [Worker-Main-5/WARN] [minecraft/ModelBakery]: Unable to load model: 'mobcatch:item/captured_minecraft_silverfish' referenced from: mobcatch:item/captured_minecraft_silverfish: java.io.FileNotFoundException: mobcatch:models/item/captured_minecraft_silverfish.json
[16:01:11] [Worker-Main-5/WARN] [minecraft/ModelBakery]: Unable to load model: 'mobcatch:item/captured_minecraft_skeleton' referenced from: mobcatch:item/captured_minecraft_skeleton: java.io.FileNotFoundException: mobcatch:models/item/captured_minecraft_skeleton.json
[16:01:11] [Worker-Main-5/WARN] [minecraft/ModelBakery]: Unable to load model: 'mobcatch:item/captured_minecraft_skeleton_horse' referenced from: mobcatch:item/captured_minecraft_skeleton_horse: java.io.FileNotFoundException: mobcatch:models/item/captured_minecraft_skeleton_horse.json
[16:01:11] [Worker-Main-5/WARN] [minecraft/ModelBakery]: Unable to load model: 'mobcatch:item/captured_minecraft_slime' referenced from: mobcatch:item/captured_minecraft_slime: java.io.FileNotFoundException: mobcatch:models/item/captured_minecraft_slime.json
[16:01:11] [Worker-Main-5/WARN] [minecraft/ModelBakery]: Unable to load model: 'mobcatch:item/captured_minecraft_sniffer' referenced from: mobcatch:item/captured_minecraft_sniffer: java.io.FileNotFoundException: mobcatch:models/item/captured_minecraft_sniffer.json
[16:01:11] [Worker-Main-5/WARN] [minecraft/ModelBakery]: Unable to load model: 'mobcatch:item/captured_minecraft_spider' referenced from: mobcatch:item/captured_minecraft_spider: java.io.FileNotFoundException: mobcatch:models/item/captured_minecraft_spider.json
[16:01:11] [Worker-Main-5/WARN] [minecraft/ModelBakery]: Unable to load model: 'mobcatch:item/captured_minecraft_squid' referenced from: mobcatch:item/captured_minecraft_squid: java.io.FileNotFoundException: mobcatch:models/item/captured_minecraft_squid.json
[16:01:11] [Worker-Main-5/WARN] [minecraft/ModelBakery]: Unable to load model: 'mobcatch:item/captured_minecraft_stray' referenced from: mobcatch:item/captured_minecraft_stray: java.io.FileNotFoundException: mobcatch:models/item/captured_minecraft_stray.json
[16:01:11] [Worker-Main-5/WARN] [minecraft/ModelBakery]: Unable to load model: 'mobcatch:item/captured_minecraft_strider' referenced from: mobcatch:item/captured_minecraft_strider: java.io.FileNotFoundException: mobcatch:models/item/captured_minecraft_strider.json
[16:01:11] [Worker-Main-5/WARN] [minecraft/ModelBakery]: Unable to load model: 'mobcatch:item/captured_minecraft_tadpole' referenced from: mobcatch:item/captured_minecraft_tadpole: java.io.FileNotFoundException: mobcatch:models/item/captured_minecraft_tadpole.json
[16:01:11] [Worker-Main-5/WARN] [minecraft/ModelBakery]: Unable to load model: 'mobcatch:item/captured_minecraft_trader_llama' referenced from: mobcatch:item/captured_minecraft_trader_llama: java.io.FileNotFoundException: mobcatch:models/item/captured_minecraft_trader_llama.json
[16:01:11] [Worker-Main-5/WARN] [minecraft/ModelBakery]: Unable to load model: 'mobcatch:item/captured_minecraft_tropical_fish' referenced from: mobcatch:item/captured_minecraft_tropical_fish: java.io.FileNotFoundException: mobcatch:models/item/captured_minecraft_tropical_fish.json
[16:01:11] [Worker-Main-5/WARN] [minecraft/ModelBakery]: Unable to load model: 'mobcatch:item/captured_minecraft_turtle' referenced from: mobcatch:item/captured_minecraft_turtle: java.io.FileNotFoundException: mobcatch:models/item/captured_minecraft_turtle.json
[16:01:11] [Worker-Main-5/WARN] [minecraft/ModelBakery]: Unable to load model: 'mobcatch:item/captured_minecraft_vex' referenced from: mobcatch:item/captured_minecraft_vex: java.io.FileNotFoundException: mobcatch:models/item/captured_minecraft_vex.json
[16:01:11] [Worker-Main-5/WARN] [minecraft/ModelBakery]: Unable to load model: 'mobcatch:item/captured_minecraft_vindicator' referenced from: mobcatch:item/captured_minecraft_vindicator: java.io.FileNotFoundException: mobcatch:models/item/captured_minecraft_vindicator.json
[16:01:11] [Worker-Main-5/WARN] [minecraft/ModelBakery]: Unable to load model: 'mobcatch:item/captured_minecraft_wandering_trader' referenced from: mobcatch:item/captured_minecraft_wandering_trader: java.io.FileNotFoundException: mobcatch:models/item/captured_minecraft_wandering_trader.json
[16:01:11] [Worker-Main-5/WARN] [minecraft/ModelBakery]: Unable to load model: 'mobcatch:item/captured_minecraft_warden' referenced from: mobcatch:item/captured_minecraft_warden: java.io.FileNotFoundException: mobcatch:models/item/captured_minecraft_warden.json
[16:01:11] [Worker-Main-5/WARN] [minecraft/ModelBakery]: Unable to load model: 'mobcatch:item/captured_minecraft_witch' referenced from: mobcatch:item/captured_minecraft_witch: java.io.FileNotFoundException: mobcatch:models/item/captured_minecraft_witch.json
[16:01:11] [Worker-Main-5/WARN] [minecraft/ModelBakery]: Unable to load model: 'mobcatch:item/captured_minecraft_wither' referenced from: mobcatch:item/captured_minecraft_wither: java.io.FileNotFoundException: mobcatch:models/item/captured_minecraft_wither.json
[16:01:11] [Worker-Main-5/WARN] [minecraft/ModelBakery]: Unable to load model: 'mobcatch:item/captured_minecraft_wither_skeleton' referenced from: mobcatch:item/captured_minecraft_wither_skeleton: java.io.FileNotFoundException: mobcatch:models/item/captured_minecraft_wither_skeleton.json
[16:01:11] [Worker-Main-5/WARN] [minecraft/ModelBakery]: Unable to load model: 'mobcatch:item/captured_minecraft_wolf' referenced from: mobcatch:item/captured_minecraft_wolf: java.io.FileNotFoundException: mobcatch:models/item/captured_minecraft_wolf.json
[16:01:11] [Worker-Main-5/WARN] [minecraft/ModelBakery]: Unable to load model: 'mobcatch:item/captured_minecraft_zoglin' referenced from: mobcatch:item/captured_minecraft_zoglin: java.io.FileNotFoundException: mobcatch:models/item/captured_minecraft_zoglin.json
[16:01:11] [Worker-Main-5/WARN] [minecraft/ModelBakery]: Unable to load model: 'mobcatch:item/captured_minecraft_zombie' referenced from: mobcatch:item/captured_minecraft_zombie: java.io.FileNotFoundException: mobcatch:models/item/captured_minecraft_zombie.json
[16:01:11] [Worker-Main-5/WARN] [minecraft/ModelBakery]: Unable to load model: 'mobcatch:item/captured_minecraft_zombie_horse' referenced from: mobcatch:item/captured_minecraft_zombie_horse: java.io.FileNotFoundException: mobcatch:models/item/captured_minecraft_zombie_horse.json
[16:01:11] [Worker-Main-5/WARN] [minecraft/ModelBakery]: Unable to load model: 'mobcatch:item/captured_minecraft_zombie_villager' referenced from: mobcatch:item/captured_minecraft_zombie_villager: java.io.FileNotFoundException: mobcatch:models/item/captured_minecraft_zombie_villager.json
[16:01:11] [Worker-Main-5/WARN] [minecraft/ModelBakery]: Unable to load model: 'mobcatch:item/captured_minecraft_zombified_piglin' referenced from: mobcatch:item/captured_minecraft_zombified_piglin: java.io.FileNotFoundException: mobcatch:models/item/captured_minecraft_zombified_piglin.json
[16:01:12] [Forge Version Check/DEBUG] [ne.mi.fm.VersionChecker/]: [forge] Received version check data:
{
  "homepage": "https://files.minecraftforge.net/net/minecraftforge/forge/",
  "promos": {
    "1.1-latest": "1.3.4.29",
    "1.2.3-latest": "1.4.1.64",
    "1.2.4-latest": "2.0.0.68",
    "1.2.5-latest": "3.4.9.171",
    "1.3.2-latest": "4.3.5.318",
    "1.4.0-latest": "5.0.0.326",
    "1.4.1-latest": "6.0.0.329",
    "1.4.2-latest": "6.0.1.355",
    "1.4.3-latest": "6.2.1.358",
    "1.4.4-latest": "6.3.0.378",
    "1.4.5-latest": "6.4.2.448",
    "1.4.6-latest": "6.5.0.489",
    "1.4.7-latest": "6.6.2.534",
    "1.5-latest": "7.7.0.598",
    "1.5.1-latest": "7.7.2.682",
    "1.5.2-latest": "7.8.1.738",
    "1.5.2-recommended": "7.8.1.738",
    "1.6.1-latest": "8.9.0.775",
    "1.6.2-latest": "9.10.1.871",
    "1.6.2-recommended": "9.10.1.871",
    "1.6.3-latest": "9.11.0.878",
    "1.6.4-latest": "9.11.1.1345",
    "1.6.4-recommended": "9.11.1.1345",
    "1.7.2-latest": "10.12.2.1161",
    "1.7.2-recommended": "10.12.2.1161",
    "1.7.10-latest": "10.13.4.1614",
    "1.7.10-recommended": "10.13.4.1614",
    "1.8-latest": "11.14.4.1577",
    "1.8-recommended": "11.14.4.1563",
    "1.8.8-latest": "11.15.0.1655",
    "1.8.9-latest": "11.15.1.2318",
    "1.8.9-recommended": "11.15.1.2318",
    "1.9-latest": "12.16.1.1938",
    "1.9-recommended": "12.16.1.1887",
    "1.9.4-latest": "12.17.0.2317",
    "1.9.4-recommended": "12.17.0.2317",
    "1.10-latest": "12.18.0.2000",
    "1.10.2-latest": "12.18.3.2511",
    "1.10.2-recommended": "12.18.3.2511",
    "1.11-latest": "13.19.1.2199",
    "1.11-recommended": "13.19.1.2189",
    "1.11.2-latest": "13.20.1.2588",
    "1.11.2-recommended": "13.20.1.2588",
    "1.12-latest": "14.21.1.2443",
    "1.12-recommended": "14.21.1.2387",
    "1.12.1-latest": "14.22.1.2485",
    "1.12.1-recommended": "14.22.1.2478",
    "1.12.2-latest": "14.23.5.2864",
    "1.12.2-recommended": "14.23.5.2859",
    "1.13.2-latest": "25.0.223",
    "1.14.2-latest": "26.0.63",
    "1.14.3-latest": "27.0.60",
    "1.14.4-latest": "28.2.27",
    "1.14.4-recommended": "28.2.26",
    "1.15-latest": "29.0.4",
    "1.15.1-latest": "30.0.51",
    "1.15.2-latest": "31.2.60",
    "1.15.2-recommended": "31.2.57",
    "1.16.1-latest": "32.0.108",
    "1.16.2-latest": "33.0.61",
    "1.16.3-latest": "34.1.42",
    "1.16.3-recommended": "34.1.0",
    "1.16.4-latest": "35.1.37",
    "1.16.4-recommended": "35.1.4",
    "1.16.5-latest": "36.2.42",
    "1.16.5-recommended": "36.2.34",
    "1.17.1-latest": "37.1.1",
    "1.17.1-recommended": "37.1.1",
    "1.18-latest": "38.0.17",
    "1.18.1-latest": "39.1.2",
    "1.18.1-recommended": "39.1.0",
    "1.18.2-recommended": "40.3.0",
    "1.18.2-latest": "40.3.12",
    "1.19-latest": "41.1.0",
    "1.19-recommended": "41.1.0",
    "1.19.1-latest": "42.0.9",
    "1.19.2-recommended": "43.5.0",
    "1.19.2-latest": "43.5.2",
    "1.19.3-latest": "44.1.23",
    "1.19.3-recommended": "44.1.0",
    "1.19.4-recommended": "45.4.0",
    "1.19.4-latest": "45.4.3",
    "1.20-latest": "46.0.14",
    "1.20.1-recommended": "47.4.10",
    "1.20.1-latest": "47.4.13",
    "1.20.2-latest": "48.1.0",
    "1.20.2-recommended": "48.1.0",
    "1.20.3-latest": "49.0.2",
    "1.20.4-latest": "49.2.4",
    "1.20.4-recommended": "49.2.0",
    "1.20.6-latest": "50.2.4",
    "1.20.6-recommended": "50.2.0",
    "1.21-latest": "51.0.33",
    "1.21.1-latest": "52.1.8",
    "1.21.1-recommended": "52.1.0",
    "1.21.3-latest": "53.1.6",
    "1.21.3-recommended": "53.1.0",
    "1.21.4-latest": "54.1.11",
    "1.21.4-recommended": "54.1.0",
    "1.21.5-latest": "55.1.4",
    "1.21.5-recommended": "55.1.0",
    "1.21.6-latest": "56.0.9",
    "1.21.7-latest": "57.0.3",
    "1.21.8-latest": "58.1.11",
    "1.21.8-recommended": "58.1.0",
    "1.21.9-latest": "59.0.5",
    "1.21.10-latest": "60.1.5",
    "1.21.10-recommended": "60.1.0",
    "1.21.11-latest": "61.0.3"
  }
}
[16:01:12] [Forge Version Check/INFO] [ne.mi.fm.VersionChecker/]: [forge] Found status: UP_TO_DATE Current: 52.1.0 Target: null
[16:01:12] [modloading-worker-0/DEBUG] [ne.mi.re.GameData/REGISTRIES]: Freezing registries
[16:01:12] [modloading-worker-0/DEBUG] [ne.mi.re.ForgeRegistry/REGISTRIES]: Registry minecraft:block Sync: FROZEN -> ACTIVE
[16:01:12] [modloading-worker-0/DEBUG] [ne.mi.re.ForgeRegistry/REGISTRIES]: Registry minecraft:fluid Sync: FROZEN -> ACTIVE
[16:01:12] [modloading-worker-0/DEBUG] [ne.mi.re.ForgeRegistry/REGISTRIES]: Registry minecraft:item Sync: FROZEN -> ACTIVE
[16:01:12] [modloading-worker-0/DEBUG] [ne.mi.re.ForgeRegistry/REGISTRIES]: Registry minecraft:mob_effect Sync: FROZEN -> ACTIVE
[16:01:12] [modloading-worker-0/DEBUG] [ne.mi.re.ForgeRegistry/REGISTRIES]: Registry minecraft:sound_event Sync: FROZEN -> ACTIVE
[16:01:12] [modloading-worker-0/DEBUG] [ne.mi.re.ForgeRegistry/REGISTRIES]: Registry minecraft:potion Sync: FROZEN -> ACTIVE
[16:01:12] [modloading-worker-0/DEBUG] [ne.mi.re.ForgeRegistry/REGISTRIES]: Registry minecraft:entity_type Sync: FROZEN -> ACTIVE
[16:01:12] [modloading-worker-0/DEBUG] [ne.mi.re.ForgeRegistry/REGISTRIES]: Registry minecraft:block_entity_type Sync: FROZEN -> ACTIVE
[16:01:12] [modloading-worker-0/DEBUG] [ne.mi.re.ForgeRegistry/REGISTRIES]: Registry minecraft:particle_type Sync: FROZEN -> ACTIVE
[16:01:12] [modloading-worker-0/DEBUG] [ne.mi.re.ForgeRegistry/REGISTRIES]: Registry minecraft:menu Sync: FROZEN -> ACTIVE
[16:01:12] [modloading-worker-0/DEBUG] [ne.mi.re.ForgeRegistry/REGISTRIES]: Registry minecraft:painting_variant Sync: FROZEN -> ACTIVE
[16:01:12] [modloading-worker-0/DEBUG] [ne.mi.re.ForgeRegistry/REGISTRIES]: Registry minecraft:recipe_type Sync: FROZEN -> ACTIVE
[16:01:12] [modloading-worker-0/DEBUG] [ne.mi.re.ForgeRegistry/REGISTRIES]: Registry minecraft:recipe_serializer Sync: FROZEN -> ACTIVE
[16:01:12] [modloading-worker-0/DEBUG] [ne.mi.re.ForgeRegistry/REGISTRIES]: Registry minecraft:attribute Sync: FROZEN -> ACTIVE
[16:01:12] [modloading-worker-0/DEBUG] [ne.mi.re.ForgeRegistry/REGISTRIES]: Registry minecraft:stat_type Sync: FROZEN -> ACTIVE
[16:01:12] [modloading-worker-0/DEBUG] [ne.mi.re.ForgeRegistry/REGISTRIES]: Registry minecraft:command_argument_type Sync: FROZEN -> ACTIVE
[16:01:12] [modloading-worker-0/DEBUG] [ne.mi.re.ForgeRegistry/REGISTRIES]: Registry minecraft:data_component_type Sync: FROZEN -> ACTIVE
[16:01:12] [modloading-worker-0/DEBUG] [ne.mi.re.ForgeRegistry/REGISTRIES]: Registry minecraft:villager_profession Sync: FROZEN -> ACTIVE
[16:01:12] [modloading-worker-0/DEBUG] [ne.mi.re.ForgeRegistry/REGISTRIES]: Registry minecraft:point_of_interest_type Sync: FROZEN -> ACTIVE
[16:01:12] [modloading-worker-0/DEBUG] [ne.mi.re.ForgeRegistry/REGISTRIES]: Registry minecraft:memory_module_type Sync: FROZEN -> ACTIVE
[16:01:12] [modloading-worker-0/DEBUG] [ne.mi.re.ForgeRegistry/REGISTRIES]: Registry minecraft:sensor_type Sync: FROZEN -> ACTIVE
[16:01:12] [modloading-worker-0/DEBUG] [ne.mi.re.ForgeRegistry/REGISTRIES]: Registry minecraft:schedule Sync: FROZEN -> ACTIVE
[16:01:12] [modloading-worker-0/DEBUG] [ne.mi.re.ForgeRegistry/REGISTRIES]: Registry minecraft:activity Sync: FROZEN -> ACTIVE
[16:01:12] [modloading-worker-0/DEBUG] [ne.mi.re.ForgeRegistry/REGISTRIES]: Registry minecraft:worldgen/carver Sync: FROZEN -> ACTIVE
[16:01:12] [modloading-worker-0/DEBUG] [ne.mi.re.ForgeRegistry/REGISTRIES]: Registry minecraft:worldgen/feature Sync: FROZEN -> ACTIVE
[16:01:12] [modloading-worker-0/DEBUG] [ne.mi.re.ForgeRegistry/REGISTRIES]: Registry minecraft:chunk_status Sync: FROZEN -> ACTIVE
[16:01:12] [modloading-worker-0/DEBUG] [ne.mi.re.ForgeRegistry/REGISTRIES]: Registry minecraft:worldgen/block_state_provider_type Sync: FROZEN -> ACTIVE
[16:01:12] [modloading-worker-0/DEBUG] [ne.mi.re.ForgeRegistry/REGISTRIES]: Registry minecraft:worldgen/foliage_placer_type Sync: FROZEN -> ACTIVE
[16:01:12] [modloading-worker-0/DEBUG] [ne.mi.re.ForgeRegistry/REGISTRIES]: Registry minecraft:worldgen/tree_decorator_type Sync: FROZEN -> ACTIVE
[16:01:12] [modloading-worker-0/DEBUG] [ne.mi.re.ForgeRegistry/REGISTRIES]: Registry minecraft:worldgen/biome Sync: FROZEN -> ACTIVE
[16:01:12] [modloading-worker-0/DEBUG] [ne.mi.re.ForgeRegistry/REGISTRIES]: Registry forge:entity_data_serializers Sync: FROZEN -> ACTIVE
[16:01:12] [modloading-worker-0/DEBUG] [ne.mi.re.ForgeRegistry/REGISTRIES]: Registry forge:global_loot_modifier_serializers Sync: FROZEN -> ACTIVE
[16:01:12] [modloading-worker-0/DEBUG] [ne.mi.re.ForgeRegistry/REGISTRIES]: Registry forge:biome_modifier_serializers Sync: FROZEN -> ACTIVE
[16:01:12] [modloading-worker-0/DEBUG] [ne.mi.re.ForgeRegistry/REGISTRIES]: Registry forge:structure_modifier_serializers Sync: FROZEN -> ACTIVE
[16:01:12] [modloading-worker-0/DEBUG] [ne.mi.re.ForgeRegistry/REGISTRIES]: Registry forge:fluid_type Sync: FROZEN -> ACTIVE
[16:01:12] [modloading-worker-0/DEBUG] [ne.mi.re.ForgeRegistry/REGISTRIES]: Registry forge:holder_set_type Sync: FROZEN -> ACTIVE
[16:01:12] [modloading-worker-0/DEBUG] [ne.mi.re.ForgeRegistry/REGISTRIES]: Registry forge:display_contexts Sync: FROZEN -> ACTIVE
[16:01:12] [modloading-worker-0/DEBUG] [ne.mi.re.ForgeRegistry/REGISTRIES]: Registry forge:condition_codecs Sync: FROZEN -> ACTIVE
[16:01:12] [modloading-worker-0/DEBUG] [ne.mi.re.ForgeRegistry/REGISTRIES]: Registry forge:ingredient_serializers Sync: FROZEN -> ACTIVE
[16:01:13] [modloading-worker-0/DEBUG] [ne.mi.re.GameData/REGISTRIES]: All registries frozen
[16:01:13] [Render thread/DEBUG] [ne.mi.co.ForgeI18n/CORE]: Loading I18N data entries: 8078
[16:01:13] [Render thread/WARN] [minecraft/SoundEngine]: Missing sound for event: minecraft:item.goat_horn.play
[16:01:13] [Render thread/WARN] [minecraft/SoundEngine]: Missing sound for event: minecraft:entity.goat.screaming.horn_break
ALSA lib confmisc.c:855:(parse_card) cannot find card '0'
ALSA lib conf.c:5178:(_snd_config_evaluate) function snd_func_card_inum returned error: No such file or directory
ALSA lib confmisc.c:422:(snd_func_concat) error evaluating strings
ALSA lib conf.c:5178:(_snd_config_evaluate) function snd_func_concat returned error: No such file or directory
ALSA lib confmisc.c:1334:(snd_func_refer) error evaluating name
ALSA lib conf.c:5178:(_snd_config_evaluate) function snd_func_refer returned error: No such file or directory
ALSA lib conf.c:5701:(snd_config_expand) Evaluate error: No such file or directory
ALSA lib pcm.c:2664:(snd_pcm_open_noupdate) Unknown PCM default
ALSA lib confmisc.c:855:(parse_card) cannot find card '0'
ALSA lib conf.c:5178:(_snd_config_evaluate) function snd_func_card_inum returned error: No such file or directory
ALSA lib confmisc.c:422:(snd_func_concat) error evaluating strings
ALSA lib conf.c:5178:(_snd_config_evaluate) function snd_func_concat returned error: No such file or directory
ALSA lib confmisc.c:1334:(snd_func_refer) error evaluating name
ALSA lib conf.c:5178:(_snd_config_evaluate) function snd_func_refer returned error: No such file or directory
ALSA lib conf.c:5701:(snd_config_expand) Evaluate error: No such file or directory
ALSA lib pcm.c:2664:(snd_pcm_open_noupdate) Unknown PCM default
[16:01:13] [Render thread/ERROR] [minecraft/SoundEngine]: Error starting SoundSystem. Turning off sounds & music
java.lang.IllegalStateException: Failed to open OpenAL device
	at TRANSFORMER/minecraft@1.21.1/com.mojang.blaze3d.audio.Library.openDeviceOrFallback(Library.java:302) ~[forge-1.21.1-52.1.0_mapped_official_1.21.1.jar:?]
	at TRANSFORMER/minecraft@1.21.1/com.mojang.blaze3d.audio.Library.init(Library.java:154) ~[forge-1.21.1-52.1.0_mapped_official_1.21.1.jar:?]
	at TRANSFORMER/minecraft@1.21.1/net.minecraft.client.sounds.SoundEngine.loadLibrary(SoundEngine.java:107) ~[forge-1.21.1-52.1.0_mapped_official_1.21.1.jar:?]
	at TRANSFORMER/minecraft@1.21.1/net.minecraft.client.sounds.SoundEngine.reload(SoundEngine.java:99) ~[forge-1.21.1-52.1.0_mapped_official_1.21.1.jar:?]
	at TRANSFORMER/minecraft@1.21.1/net.minecraft.client.sounds.SoundManager.apply(SoundManager.java:128) ~[forge-1.21.1-52.1.0_mapped_official_1.21.1.jar:?]
	at TRANSFORMER/minecraft@1.21.1/net.minecraft.client.sounds.SoundManager.apply(SoundManager.java:42) ~[forge-1.21.1-52.1.0_mapped_official_1.21.1.jar:?]
	at TRANSFORMER/minecraft@1.21.1/net.minecraft.server.packs.resources.SimplePreparableReloadListener.lambda$reload$1(SimplePreparableReloadListener.java:13) ~[forge-1.21.1-52.1.0_mapped_official_1.21.1.jar:?]
	at java.base/java.util.concurrent.CompletableFuture$UniAccept.tryFire(CompletableFuture.java:718) ~[?:?]
	at java.base/java.util.concurrent.CompletableFuture$Completion.run(CompletableFuture.java:482) ~[?:?]
	at TRANSFORMER/minecraft@1.21.1/net.minecraft.server.packs.resources.SimpleReloadInstance.lambda$new$3(SimpleReloadInstance.java:69) ~[forge-1.21.1-52.1.0_mapped_official_1.21.1.jar:?]
	at TRANSFORMER/minecraft@1.21.1/net.minecraft.util.thread.BlockableEventLoop.doRunTask(BlockableEventLoop.java:162) ~[forge-1.21.1-52.1.0_mapped_official_1.21.1.jar:?]
	at TRANSFORMER/minecraft@1.21.1/net.minecraft.util.thread.ReentrantBlockableEventLoop.doRunTask(ReentrantBlockableEventLoop.java:23) ~[forge-1.21.1-52.1.0_mapped_official_1.21.1.jar:?]
	at TRANSFORMER/minecraft@1.21.1/net.minecraft.util.thread.BlockableEventLoop.pollTask(BlockableEventLoop.java:136) ~[forge-1.21.1-52.1.0_mapped_official_1.21.1.jar:?]
	at TRANSFORMER/minecraft@1.21.1/net.minecraft.util.thread.BlockableEventLoop.runAllTasks(BlockableEventLoop.java:121) ~[forge-1.21.1-52.1.0_mapped_official_1.21.1.jar:?]
	at TRANSFORMER/minecraft@1.21.1/net.minecraft.client.Minecraft.runTick(Minecraft.java:1141) ~[forge-1.21.1-52.1.0_mapped_official_1.21.1.jar:?]
	at TRANSFORMER/minecraft@1.21.1/net.minecraft.client.Minecraft.run(Minecraft.java:795) ~[forge-1.21.1-52.1.0_mapped_official_1.21.1.jar:?]
	at TRANSFORMER/minecraft@1.21.1/net.minecraft.client.main.Main.main(Main.java:228) ~[forge-1.21.1-52.1.0_mapped_official_1.21.1.jar:?]
	at java.base/jdk.internal.reflect.DirectMethodHandleAccessor.invoke(DirectMethodHandleAccessor.java:103) ~[?:?]
	at java.base/java.lang.reflect.Method.invoke(Method.java:580) ~[?:?]
	at SECURE-BOOTSTRAP/net.minecraftforge.fmlloader@1.21.1-52.1.0/net.minecraftforge.fml.loading.targets.CommonLaunchHandler.runTarget(CommonLaunchHandler.java:85) ~[fmlloader-1.21.1-52.1.0.jar!/:?]
	at SECURE-BOOTSTRAP/net.minecraftforge.fmlloader@1.21.1-52.1.0/net.minecraftforge.fml.loading.targets.CommonLaunchHandler.lambda$makeService$0(CommonLaunchHandler.java:69) ~[fmlloader-1.21.1-52.1.0.jar!/:?]
	at SECURE-BOOTSTRAP/cpw.mods.modlauncher@10.2.4/cpw.mods.modlauncher.LaunchServiceHandler.launch(LaunchServiceHandler.java:77) [modlauncher-10.2.4.jar!/:?]
	at SECURE-BOOTSTRAP/cpw.mods.modlauncher@10.2.4/cpw.mods.modlauncher.LaunchServiceHandler.launch(LaunchServiceHandler.java:97) [modlauncher-10.2.4.jar!/:?]
	at SECURE-BOOTSTRAP/cpw.mods.modlauncher@10.2.4/cpw.mods.modlauncher.Launcher.run(Launcher.java:116) [modlauncher-10.2.4.jar!/:?]
	at SECURE-BOOTSTRAP/cpw.mods.modlauncher@10.2.4/cpw.mods.modlauncher.Launcher.main(Launcher.java:75) [modlauncher-10.2.4.jar!/:?]
	at SECURE-BOOTSTRAP/cpw.mods.modlauncher@10.2.4/cpw.mods.modlauncher.BootstrapEntry.main(BootstrapEntry.java:17) [modlauncher-10.2.4.jar!/:?]
	at net.minecraftforge.bootstrap@2.1.7/net.minecraftforge.bootstrap.Bootstrap.moduleMain(Bootstrap.java:188) [bootstrap-2.1.8.jar!/:?]
	at java.base/jdk.internal.reflect.DirectMethodHandleAccessor.invoke(DirectMethodHandleAccessor.java:103) ~[?:?]
	at java.base/java.lang.reflect.Method.invoke(Method.java:580) ~[?:?]
	at net.minecraftforge.bootstrap.Bootstrap.bootstrapMain(Bootstrap.java:133) [bootstrap-2.1.8.jar:2.1.8]
	at net.minecraftforge.bootstrap.Bootstrap.start(Bootstrap.java:53) [bootstrap-2.1.8.jar:2.1.8]
	at net.minecraftforge.bootstrap.ForgeBootstrap.main(ForgeBootstrap.java:19) [bootstrap-2.1.8.jar:2.1.8]
Transformer Audit:
  com.mojang.blaze3d.audio.Library
    REASON: classloading
  net.minecraft.client.Minecraft
    REASON: classloading
    PLUGIN: accesstransformer:BEFORE
    PLUGIN: runtimedistcleaner:AFTER
  net.minecraft.client.main.Main
    REASON: classloading
  net.minecraft.client.sounds.SoundEngine
    REASON: classloading
    PLUGIN: accesstransformer:BEFORE
  net.minecraft.client.sounds.SoundManager
    REASON: classloading
  net.minecraft.server.packs.resources.SimplePreparableReloadListener
    REASON: classloading
  net.minecraft.server.packs.resources.SimpleReloadInstance
    REASON: classloading
  net.minecraft.util.thread.BlockableEventLoop
    REASON: classloading
    PLUGIN: accesstransformer:BEFORE
  net.minecraft.util.thread.ReentrantBlockableEventLoop
    REASON: classloading
[16:01:13] [Render thread/INFO] [minecraft/TextureAtlas]: Created: 1024x512x4 minecraft:textures/atlas/blocks.png-atlas
[16:01:13] [Render thread/INFO] [minecraft/TextureAtlas]: Created: 256x256x4 minecraft:textures/atlas/signs.png-atlas
[16:01:13] [Render thread/INFO] [minecraft/TextureAtlas]: Created: 512x512x4 minecraft:textures/atlas/banner_patterns.png-atlas
[16:01:13] [Render thread/INFO] [minecraft/TextureAtlas]: Created: 512x512x4 minecraft:textures/atlas/shield_patterns.png-atlas
[16:01:13] [Render thread/INFO] [minecraft/TextureAtlas]: Created: 1024x1024x4 minecraft:textures/atlas/armor_trims.png-atlas
[16:01:13] [Render thread/INFO] [minecraft/TextureAtlas]: Created: 128x64x4 minecraft:textures/atlas/decorated_pot.png-atlas
[16:01:13] [Render thread/INFO] [minecraft/TextureAtlas]: Created: 256x256x4 minecraft:textures/atlas/chest.png-atlas
[16:01:13] [Render thread/INFO] [minecraft/TextureAtlas]: Created: 512x256x4 minecraft:textures/atlas/beds.png-atlas
[16:01:13] [Render thread/INFO] [minecraft/TextureAtlas]: Created: 512x256x4 minecraft:textures/atlas/shulker_boxes.png-atlas
[16:01:13] [Render thread/INFO] [minecraft/TextureAtlas]: Created: 512x256x0 minecraft:textures/atlas/particles.png-atlas
[16:01:13] [Render thread/INFO] [minecraft/TextureAtlas]: Created: 512x256x0 minecraft:textures/atlas/paintings.png-atlas
[16:01:13] [Render thread/INFO] [minecraft/TextureAtlas]: Created: 256x128x0 minecraft:textures/atlas/mob_effects.png-atlas
[16:01:13] [Render thread/INFO] [minecraft/TextureAtlas]: Created: 64x64x0 minecraft:textures/atlas/map_decorations.png-atlas
[16:01:13] [Render thread/INFO] [minecraft/TextureAtlas]: Created: 1024x512x0 minecraft:textures/atlas/gui.png-atlas
[16:01:13] [Render thread/WARN] [minecraft/ShaderInstance]: Shader rendertype_entity_translucent_emissive could not find sampler named Sampler2 in the specified shader program.
[16:01:50] [Render thread/INFO] [ne.mi.re.GameData/REGISTRIES]: Injecting existing registry data into this CLIENT instance
[16:01:50] [Render thread/DEBUG] [ne.mi.re.ForgeRegistry/REGISTRIES]: Registry minecraft:block Sync: ACTIVE -> STAGING
[16:01:50] [Render thread/DEBUG] [ne.mi.re.ForgeRegistry/REGISTRIES]: Registry minecraft:fluid Sync: ACTIVE -> STAGING
[16:01:50] [Render thread/DEBUG] [ne.mi.re.ForgeRegistry/REGISTRIES]: Registry minecraft:item Sync: ACTIVE -> STAGING
[16:01:50] [Render thread/DEBUG] [ne.mi.re.ForgeRegistry/REGISTRIES]: Registry minecraft:mob_effect Sync: ACTIVE -> STAGING
[16:01:50] [Render thread/DEBUG] [ne.mi.re.ForgeRegistry/REGISTRIES]: Registry minecraft:sound_event Sync: ACTIVE -> STAGING
[16:01:50] [Render thread/DEBUG] [ne.mi.re.ForgeRegistry/REGISTRIES]: Registry minecraft:potion Sync: ACTIVE -> STAGING
[16:01:50] [Render thread/DEBUG] [ne.mi.re.ForgeRegistry/REGISTRIES]: Registry minecraft:entity_type Sync: ACTIVE -> STAGING
[16:01:50] [Render thread/DEBUG] [ne.mi.re.ForgeRegistry/REGISTRIES]: Registry minecraft:block_entity_type Sync: ACTIVE -> STAGING
[16:01:50] [Render thread/DEBUG] [ne.mi.re.ForgeRegistry/REGISTRIES]: Registry minecraft:particle_type Sync: ACTIVE -> STAGING
[16:01:50] [Render thread/DEBUG] [ne.mi.re.ForgeRegistry/REGISTRIES]: Registry minecraft:menu Sync: ACTIVE -> STAGING
[16:01:50] [Render thread/DEBUG] [ne.mi.re.ForgeRegistry/REGISTRIES]: Registry minecraft:painting_variant Sync: ACTIVE -> STAGING
[16:01:50] [Render thread/DEBUG] [ne.mi.re.ForgeRegistry/REGISTRIES]: Registry minecraft:recipe_type Sync: ACTIVE -> STAGING
[16:01:50] [Render thread/DEBUG] [ne.mi.re.ForgeRegistry/REGISTRIES]: Registry minecraft:recipe_serializer Sync: ACTIVE -> STAGING
[16:01:50] [Render thread/DEBUG] [ne.mi.re.ForgeRegistry/REGISTRIES]: Registry minecraft:attribute Sync: ACTIVE -> STAGING
[16:01:50] [Render thread/DEBUG] [ne.mi.re.ForgeRegistry/REGISTRIES]: Registry minecraft:stat_type Sync: ACTIVE -> STAGING
[16:01:50] [Render thread/DEBUG] [ne.mi.re.ForgeRegistry/REGISTRIES]: Registry minecraft:command_argument_type Sync: ACTIVE -> STAGING
[16:01:50] [Render thread/DEBUG] [ne.mi.re.ForgeRegistry/REGISTRIES]: Registry minecraft:data_component_type Sync: ACTIVE -> STAGING
[16:01:50] [Render thread/DEBUG] [ne.mi.re.ForgeRegistry/REGISTRIES]: Registry minecraft:villager_profession Sync: ACTIVE -> STAGING
[16:01:50] [Render thread/DEBUG] [ne.mi.re.ForgeRegistry/REGISTRIES]: Registry minecraft:point_of_interest_type Sync: ACTIVE -> STAGING
[16:01:50] [Render thread/DEBUG] [ne.mi.re.ForgeRegistry/REGISTRIES]: Registry minecraft:memory_module_type Sync: ACTIVE -> STAGING
[16:01:50] [Render thread/DEBUG] [ne.mi.re.ForgeRegistry/REGISTRIES]: Registry minecraft:sensor_type Sync: ACTIVE -> STAGING
[16:01:50] [Render thread/DEBUG] [ne.mi.re.ForgeRegistry/REGISTRIES]: Registry minecraft:schedule Sync: ACTIVE -> STAGING
[16:01:50] [Render thread/DEBUG] [ne.mi.re.ForgeRegistry/REGISTRIES]: Registry minecraft:activity Sync: ACTIVE -> STAGING
[16:01:50] [Render thread/DEBUG] [ne.mi.re.ForgeRegistry/REGISTRIES]: Registry minecraft:worldgen/carver Sync: ACTIVE -> STAGING
[16:01:50] [Render thread/DEBUG] [ne.mi.re.ForgeRegistry/REGISTRIES]: Registry minecraft:worldgen/feature Sync: ACTIVE -> STAGING
[16:01:50] [Render thread/DEBUG] [ne.mi.re.ForgeRegistry/REGISTRIES]: Registry minecraft:chunk_status Sync: ACTIVE -> STAGING
[16:01:50] [Render thread/DEBUG] [ne.mi.re.ForgeRegistry/REGISTRIES]: Registry minecraft:worldgen/block_state_provider_type Sync: ACTIVE -> STAGING
[16:01:50] [Render thread/DEBUG] [ne.mi.re.ForgeRegistry/REGISTRIES]: Registry minecraft:worldgen/foliage_placer_type Sync: ACTIVE -> STAGING
[16:01:50] [Render thread/DEBUG] [ne.mi.re.ForgeRegistry/REGISTRIES]: Registry minecraft:worldgen/tree_decorator_type Sync: ACTIVE -> STAGING
[16:01:50] [Render thread/DEBUG] [ne.mi.re.ForgeRegistry/REGISTRIES]: Registry minecraft:worldgen/biome Sync: ACTIVE -> STAGING
[16:01:50] [Render thread/DEBUG] [ne.mi.re.ForgeRegistry/REGISTRIES]: Registry forge:entity_data_serializers Sync: ACTIVE -> STAGING
[16:01:50] [Render thread/DEBUG] [ne.mi.re.ForgeRegistry/REGISTRIES]: Registry forge:global_loot_modifier_serializers Sync: ACTIVE -> STAGING
[16:01:50] [Render thread/DEBUG] [ne.mi.re.ForgeRegistry/REGISTRIES]: Registry forge:biome_modifier_serializers Sync: ACTIVE -> STAGING
[16:01:50] [Render thread/DEBUG] [ne.mi.re.ForgeRegistry/REGISTRIES]: Registry forge:structure_modifier_serializers Sync: ACTIVE -> STAGING
[16:01:50] [Render thread/DEBUG] [ne.mi.re.ForgeRegistry/REGISTRIES]: Registry forge:fluid_type Sync: ACTIVE -> STAGING
[16:01:50] [Render thread/DEBUG] [ne.mi.re.ForgeRegistry/REGISTRIES]: Registry forge:holder_set_type Sync: ACTIVE -> STAGING
[16:01:50] [Render thread/DEBUG] [ne.mi.re.ForgeRegistry/REGISTRIES]: Registry forge:display_contexts Sync: ACTIVE -> STAGING
[16:01:50] [Render thread/DEBUG] [ne.mi.re.ForgeRegistry/REGISTRIES]: Registry forge:condition_codecs Sync: ACTIVE -> STAGING
[16:01:50] [Render thread/DEBUG] [ne.mi.re.ForgeRegistry/REGISTRIES]: Registry forge:ingredient_serializers Sync: ACTIVE -> STAGING
[16:01:50] [Render thread/DEBUG] [ne.mi.re.ObjectHolderRegistry/REGISTRIES]: Applying holder lookups
[16:01:50] [Render thread/DEBUG] [ne.mi.re.ObjectHolderRegistry/REGISTRIES]: Holder lookups applied
[16:01:50] [Render thread/DEBUG] [ne.mi.re.ResourcePackLoader/CORE]: Generating PackInfo named mod:mobcatch for mod file /home/seiya/mods/mobcatch/build/sourcesSets/main
[16:01:50] [Render thread/DEBUG] [ne.mi.re.ResourcePackLoader/CORE]: Generating PackInfo named mod:forge for mod file /
[16:01:51] [Worker-Main-15/DEBUG] [ne.mi.co.tr.CoreModBaseTransformer/COREMOD]: Transforming net/minecraft/server/commands/SummonCommand
[16:01:51] [Worker-Main-15/DEBUG] [ne.mi.co.tr.CoreModBaseTransformer/COREMOD]: Transforming net/minecraft/server/commands/RaidCommand
[16:01:51] [Render thread/INFO] [minecraft/RecipeManager]: Loaded 1290 recipes
[16:01:51] [Render thread/INFO] [minecraft/AdvancementTree]: Loaded 1399 advancements
[16:01:51] [Render thread/DEBUG] [ne.mi.co.ForgeHooks/WP]: Gathering id map for writing to world save 新規ワールド
[16:01:51] [Render thread/DEBUG] [ne.mi.co.ForgeHooks/WP]: ID Map collection complete 新規ワールド
[16:01:51] [Server thread/INFO] [minecraft/IntegratedServer]: Starting integrated minecraft server version 1.21.1
[16:01:51] [Server thread/INFO] [minecraft/MinecraftServer]: Generating keypair
[16:01:51] [Server thread/DEBUG] [ne.mi.fm.co.ConfigTracker/CONFIG]: Loading configs type SERVER
[16:01:51] [Server thread/DEBUG] [ne.mi.fm.co.ConfigFileTypeHandler/CONFIG]: Built TOML config for ./saves/新規ワールド/serverconfig/forge-server.toml
[16:01:51] [Server thread/DEBUG] [ne.mi.fm.co.ConfigFileTypeHandler/CONFIG]: Loaded TOML config file ./saves/新規ワールド/serverconfig/forge-server.toml
[16:01:51] [Server thread/DEBUG] [ne.mi.fm.co.ConfigFileTypeHandler/CONFIG]: Starting watcher for handler: ConfigFileTypeHandler[SERVER]
[16:01:51] [Server thread/DEBUG] [ne.mi.fm.co.ConfigFileTypeHandler/CONFIG]: Watching TOML config file ./saves/新規ワールド/serverconfig/forge-server.toml for changes
[16:01:51] [Server thread/DEBUG] [ne.mi.co.ForgeConfig/FORGEMOD]: Loaded forge config file forge-server.toml
[16:01:51] [Server thread/DEBUG] [ne.mi.co.tr.CoreModBaseTransformer/COREMOD]: Transforming net/minecraft/world/level/levelgen/PhantomSpawner
[16:01:51] [Server thread/DEBUG] [ne.mi.co.tr.CoreModBaseTransformer/COREMOD]: Transforming net/minecraft/world/level/levelgen/PatrolSpawner
[16:01:51] [Server thread/DEBUG] [ne.mi.co.tr.CoreModBaseTransformer/COREMOD]: Transforming net/minecraft/world/entity/npc/CatSpawner
[16:01:51] [Server thread/DEBUG] [ne.mi.co.tr.CoreModBaseTransformer/COREMOD]: Transforming net/minecraft/world/entity/ai/village/VillageSiege
[16:01:52] [pool-9-thread-1/DEBUG] [ne.mi.fm.co.ConfigFileTypeHandler/CONFIG]: Config file forge-server.toml changed, sending notifies
[16:01:52] [pool-9-thread-1/DEBUG] [ne.mi.co.ForgeConfig/FORGEMOD]: Forge config just got changed on the file system!
[16:01:52] [Server thread/INFO] [minecraft/MinecraftServer]: Preparing start region for dimension minecraft:overworld
[16:01:52] [Render thread/INFO] [minecraft/LoggerChunkProgressListener]: スポーン地点を準備中：0%
[16:01:52] [Server thread/INFO] [ne.mi.se.pe.PermissionAPI/]: Successfully initialized permission handler forge:default_handler
[16:01:52] [Render thread/INFO] [minecraft/LoggerChunkProgressListener]: Time elapsed: 377 ms
[16:01:53] [Server thread/DEBUG] [io.ne.bu.AbstractByteBuf/]: -Dio.netty.buffer.checkAccessible: true
[16:01:53] [Server thread/DEBUG] [io.ne.bu.AbstractByteBuf/]: -Dio.netty.buffer.checkBounds: true
[16:01:53] [Server thread/DEBUG] [io.ne.ut.ResourceLeakDetectorFactory/]: Loaded default ResourceLeakDetector: io.netty.util.ResourceLeakDetector@5aec9e60
[16:01:53] [Server thread/DEBUG] [io.ne.ut.in.InternalThreadLocalMap/]: -Dio.netty.threadLocalMap.stringBuilder.initialSize: 1024
[16:01:53] [Server thread/DEBUG] [io.ne.ut.in.InternalThreadLocalMap/]: -Dio.netty.threadLocalMap.stringBuilder.maxSize: 4096
[16:01:53] [Server thread/DEBUG] [io.ne.bu.PooledByteBufAllocator/]: -Dio.netty.allocator.numHeapArenas: 32
[16:01:53] [Server thread/DEBUG] [io.ne.bu.PooledByteBufAllocator/]: -Dio.netty.allocator.numDirectArenas: 32
[16:01:53] [Server thread/DEBUG] [io.ne.bu.PooledByteBufAllocator/]: -Dio.netty.allocator.pageSize: 8192
[16:01:53] [Server thread/DEBUG] [io.ne.bu.PooledByteBufAllocator/]: -Dio.netty.allocator.maxOrder: 9
[16:01:53] [Server thread/DEBUG] [io.ne.bu.PooledByteBufAllocator/]: -Dio.netty.allocator.chunkSize: 4194304
[16:01:53] [Server thread/DEBUG] [io.ne.bu.PooledByteBufAllocator/]: -Dio.netty.allocator.smallCacheSize: 256
[16:01:53] [Server thread/DEBUG] [io.ne.bu.PooledByteBufAllocator/]: -Dio.netty.allocator.normalCacheSize: 64
[16:01:53] [Server thread/DEBUG] [io.ne.bu.PooledByteBufAllocator/]: -Dio.netty.allocator.maxCachedBufferCapacity: 32768
[16:01:53] [Server thread/DEBUG] [io.ne.bu.PooledByteBufAllocator/]: -Dio.netty.allocator.cacheTrimInterval: 8192
[16:01:53] [Server thread/DEBUG] [io.ne.bu.PooledByteBufAllocator/]: -Dio.netty.allocator.cacheTrimIntervalMillis: 0
[16:01:53] [Server thread/DEBUG] [io.ne.bu.PooledByteBufAllocator/]: -Dio.netty.allocator.useCacheForAllThreads: false
[16:01:53] [Server thread/DEBUG] [io.ne.bu.PooledByteBufAllocator/]: -Dio.netty.allocator.maxCachedByteBuffersPerChunk: 1023
[16:01:53] [Server thread/DEBUG] [io.ne.bu.ByteBufUtil/]: -Dio.netty.allocator.type: pooled
[16:01:53] [Server thread/DEBUG] [io.ne.bu.ByteBufUtil/]: -Dio.netty.threadLocalDirectBufferSize: 0
[16:01:53] [Server thread/DEBUG] [io.ne.bu.ByteBufUtil/]: -Dio.netty.maxThreadLocalCharBufferSize: 16384
[16:01:53] [Server thread/DEBUG] [ne.mi.co.tr.CoreModBaseTransformer/COREMOD]: Transforming net/minecraft/world/level/NaturalSpawner
[16:01:53] [Server thread/INFO] [minecraft/IntegratedServer]: Changing view distance to 12, from 10
[16:01:53] [Server thread/INFO] [minecraft/IntegratedServer]: Changing simulation distance to 12, from 0
[16:01:53] [Render thread/DEBUG] [io.ne.ch.MultithreadEventLoopGroup/]: -Dio.netty.eventLoopThreads: 32
[16:01:53] [Render thread/DEBUG] [io.ne.ut.co.GlobalEventExecutor/]: -Dio.netty.globalEventExecutor.quietPeriodSeconds: 1
[16:01:53] [Render thread/DEBUG] [io.ne.ch.ni.NioEventLoop/]: -Dio.netty.noKeySetOptimization: false
[16:01:53] [Render thread/DEBUG] [io.ne.ch.ni.NioEventLoop/]: -Dio.netty.selectorAutoRebuildThreshold: 512
[16:01:53] [Render thread/DEBUG] [io.ne.ut.in.PlatformDependent/]: org.jctools-core.MpscChunkedArrayQueue: available
[16:01:53] [Render thread/DEBUG] [io.ne.ch.DefaultChannelId/]: -Dio.netty.processId: 55268 (auto-detected)
[16:01:53] [Render thread/DEBUG] [io.ne.ut.NetUtil/]: -Djava.net.preferIPv4Stack: false
[16:01:53] [Render thread/DEBUG] [io.ne.ut.NetUtil/]: -Djava.net.preferIPv6Addresses: system
[16:01:53] [Render thread/DEBUG] [io.ne.ut.NetUtilInitializations/]: Loopback interface: lo (lo, 0:0:0:0:0:0:0:1%lo)
[16:01:53] [Render thread/DEBUG] [io.ne.ut.NetUtil/]: /proc/sys/net/core/somaxconn: 4096
[16:01:53] [Render thread/DEBUG] [io.ne.ch.DefaultChannelId/]: -Dio.netty.machineId: 00:15:5d:ff:fe:a3:f1:e7 (auto-detected)
[16:01:53] [Netty Local Client IO #0/DEBUG] [ne.mi.ne.fi.NetworkFilters/]: Injected net.minecraftforge.network.filters.VanillaConnectionNetworkFilter@12efcfde into net.minecraft.network.Connection@1c15b23
[16:01:53] [Render thread/DEBUG] [io.ne.ut.Recycler/]: -Dio.netty.recycler.maxCapacityPerThread: 4096
[16:01:53] [Render thread/DEBUG] [io.ne.ut.Recycler/]: -Dio.netty.recycler.ratio: 8
[16:01:53] [Render thread/DEBUG] [io.ne.ut.Recycler/]: -Dio.netty.recycler.chunkSize: 32
[16:01:53] [Render thread/DEBUG] [io.ne.ut.Recycler/]: -Dio.netty.recycler.blocking: false
[16:01:53] [Render thread/DEBUG] [io.ne.ut.Recycler/]: -Dio.netty.recycler.batchFastThreadLocalOnly: true
[16:01:53] [Netty Local Client IO #0/DEBUG] [ne.mi.ne.ForgePacketHandler/FORGE_PACKET_HANDLER]: Received server connection with modlist [forge, minecraft, mobcatch]
[16:01:53] [Netty Local Client IO #0/DEBUG] [ne.mi.ne.ForgePacketHandler/FORGE_PACKET_HANDLER]: Accepted server connection
[16:01:53] [Netty Server IO #1/DEBUG] [ne.mi.ne.ForgePacketHandler/FORGE_PACKET_HANDLER]: Received client connection with modlist [forge, minecraft, mobcatch]
[16:01:53] [Netty Local Client IO #0/DEBUG] [ne.mi.ne.ForgePacketHandler/FORGE_PACKET_HANDLER]: Received server connection with channels [forge:channel_registration, forge:handshake, forge:login]
[16:01:53] [Netty Local Client IO #0/DEBUG] [ne.mi.ne.NetworkRegistry/NETREGISTRY]: Channel 'forge:handshake' : Version test of 'PRESENT 0' from server : ACCEPTED
[16:01:53] [Netty Local Client IO #0/DEBUG] [ne.mi.ne.NetworkRegistry/NETREGISTRY]: Channel 'forge:login' : Version test of 'PRESENT 0' from server : ACCEPTED
[16:01:53] [Netty Local Client IO #0/DEBUG] [ne.mi.ne.NetworkRegistry/NETREGISTRY]: Channel 'forge:channel_registration' : Version test of 'PRESENT 0' from server : ACCEPTED
[16:01:53] [Netty Local Client IO #0/DEBUG] [ne.mi.ne.NetworkRegistry/NETREGISTRY]: Accepting channel list from server
[16:01:53] [Netty Server IO #1/DEBUG] [ne.mi.ne.ForgePacketHandler/FORGE_PACKET_HANDLER]: Received client connection with channels [forge:channel_registration, forge:handshake, forge:login]
[16:01:53] [Netty Server IO #1/DEBUG] [ne.mi.ne.NetworkRegistry/NETREGISTRY]: Channel 'forge:handshake' : Version test of 'PRESENT 0' from client : ACCEPTED
[16:01:53] [Netty Server IO #1/DEBUG] [ne.mi.ne.NetworkRegistry/NETREGISTRY]: Channel 'forge:login' : Version test of 'PRESENT 0' from client : ACCEPTED
[16:01:53] [Netty Server IO #1/DEBUG] [ne.mi.ne.NetworkRegistry/NETREGISTRY]: Channel 'forge:channel_registration' : Version test of 'PRESENT 0' from client : ACCEPTED
[16:01:53] [Netty Server IO #1/DEBUG] [ne.mi.ne.NetworkRegistry/NETREGISTRY]: Accepting channel list from client
[16:01:53] [Netty Local Client IO #0/DEBUG] [ne.mi.ne.ForgePacketHandler/FORGE_PACKET_HANDLER]: Expecting 19 registries: minecraft:command_argument_type, minecraft:recipe_serializer, minecraft:sound_event, minecraft:particle_type, minecraft:villager_profession, minecraft:item, minecraft:potion, minecraft:painting_variant, forge:fluid_type, minecraft:block_entity_type, forge:display_contexts, minecraft:block, forge:entity_data_serializers, minecraft:mob_effect, minecraft:stat_type, minecraft:menu, minecraft:data_component_type, minecraft:fluid, minecraft:entity_type
[16:01:53] [Netty Server IO #1/DEBUG] [ne.mi.ne.ForgePacketHandler/FORGE_PACKET_HANDLER]: Received acknowledgement 0 from client
[16:01:53] [Netty Local Client IO #0/DEBUG] [ne.mi.ne.ForgePacketHandler/FORGE_PACKET_HANDLER]: Received config sync from server for forge-server.toml
[16:01:53] [Render thread/INFO] [ne.mi.co.ForgeHooks/]: Connected to a modded server.
[16:01:53] [Server thread/INFO] [minecraft/PlayerList]: Dev[local:E:c0677156] logged in with entity id 95 at (-3.921020785682862, 71.0, -15.12466986806615)
[16:01:53] [Server thread/INFO] [minecraft/MinecraftServer]: Devがゲームに参加しました
[16:01:53] [Render thread/INFO] [minecraft/AdvancementTree]: Loaded 9 advancements
[16:01:54] [Server thread/DEBUG] [ne.mi.co.tr.CoreModBaseTransformer/COREMOD]: Transforming net/minecraft/world/level/levelgen/structure/templatesystem/StructureTemplate
[16:01:56] [Render thread/DEBUG] [ne.mi.co.tr.CoreModBaseTransformer/COREMOD]: Transforming net/minecraft/world/entity/raid/Raid
### MOB_CATCH_DEBUG ### displayItems called. CAPTURED_ITEMS=79
[16:02:23] [Render thread/INFO] [minecraft/Minecraft]: Stopping!
[16:02:23] [Server thread/INFO] [minecraft/ServerGamePacketListenerImpl]: Dev lost connection: 切断されました
[16:02:23] [Server thread/INFO] [minecraft/MinecraftServer]: Devがゲームを退出しました
[16:02:23] [Server thread/INFO] [minecraft/ServerCommonPacketListenerImpl]: Stopping singleplayer server as player logged out
[16:02:23] [Server thread/INFO] [minecraft/MinecraftServer]: Stopping server
[16:02:23] [Server thread/INFO] [minecraft/MinecraftServer]: Saving players
[16:02:23] [Server thread/INFO] [minecraft/MinecraftServer]: Saving worlds
[16:02:24] [Server thread/INFO] [minecraft/MinecraftServer]: Saving chunks for level 'ServerLevel[新規ワールド]'/minecraft:overworld
[16:02:24] [Server thread/INFO] [minecraft/MinecraftServer]: Saving chunks for level 'ServerLevel[新規ワールド]'/minecraft:the_end
[16:02:24] [Server thread/INFO] [minecraft/MinecraftServer]: Saving chunks for level 'ServerLevel[新規ワールド]'/minecraft:the_nether
[16:02:24] [Server thread/DEBUG] [ne.mi.co.ForgeHooks/WP]: Gathering id map for writing to world save 新規ワールド
[16:02:24] [Server thread/DEBUG] [ne.mi.co.ForgeHooks/WP]: ID Map collection complete 新規ワールド
[16:02:24] [Server thread/INFO] [minecraft/MinecraftServer]: ThreadedAnvilChunkStorage (新規ワールド): All chunks are saved
[16:02:24] [Server thread/INFO] [minecraft/MinecraftServer]: ThreadedAnvilChunkStorage (DIM1): All chunks are saved
[16:02:24] [Server thread/INFO] [minecraft/MinecraftServer]: ThreadedAnvilChunkStorage (DIM-1): All chunks are saved
[16:02:24] [Server thread/INFO] [minecraft/MinecraftServer]: ThreadedAnvilChunkStorage: All dimensions are saved
[16:02:24] [Server thread/DEBUG] [ne.mi.re.GameData/REGISTRIES]: Reverting to FROZEN data state.
[16:02:24] [Server thread/DEBUG] [ne.mi.re.ForgeRegistry/REGISTRIES]: Registry minecraft:block Sync: ACTIVE -> FROZEN
[16:02:24] [Server thread/DEBUG] [ne.mi.re.ForgeRegistry/REGISTRIES]: Registry minecraft:fluid Sync: ACTIVE -> FROZEN
[16:02:24] [Server thread/DEBUG] [ne.mi.re.ForgeRegistry/REGISTRIES]: Registry minecraft:item Sync: ACTIVE -> FROZEN
[16:02:24] [Server thread/DEBUG] [ne.mi.re.ForgeRegistry/REGISTRIES]: Registry minecraft:mob_effect Sync: ACTIVE -> FROZEN
[16:02:24] [Server thread/DEBUG] [ne.mi.re.ForgeRegistry/REGISTRIES]: Registry minecraft:sound_event Sync: ACTIVE -> FROZEN
[16:02:24] [Server thread/DEBUG] [ne.mi.re.ForgeRegistry/REGISTRIES]: Registry minecraft:potion Sync: ACTIVE -> FROZEN
[16:02:24] [Server thread/DEBUG] [ne.mi.re.ForgeRegistry/REGISTRIES]: Registry minecraft:entity_type Sync: ACTIVE -> FROZEN
[16:02:24] [Server thread/DEBUG] [ne.mi.re.ForgeRegistry/REGISTRIES]: Registry minecraft:block_entity_type Sync: ACTIVE -> FROZEN
[16:02:24] [Server thread/DEBUG] [ne.mi.re.ForgeRegistry/REGISTRIES]: Registry minecraft:particle_type Sync: ACTIVE -> FROZEN
[16:02:24] [Server thread/DEBUG] [ne.mi.re.ForgeRegistry/REGISTRIES]: Registry minecraft:menu Sync: ACTIVE -> FROZEN
[16:02:24] [Server thread/DEBUG] [ne.mi.re.ForgeRegistry/REGISTRIES]: Registry minecraft:painting_variant Sync: ACTIVE -> FROZEN
[16:02:24] [Server thread/DEBUG] [ne.mi.re.ForgeRegistry/REGISTRIES]: Registry minecraft:recipe_type Sync: ACTIVE -> FROZEN
[16:02:24] [Server thread/DEBUG] [ne.mi.re.ForgeRegistry/REGISTRIES]: Registry minecraft:recipe_serializer Sync: ACTIVE -> FROZEN
[16:02:24] [Server thread/DEBUG] [ne.mi.re.ForgeRegistry/REGISTRIES]: Registry minecraft:attribute Sync: ACTIVE -> FROZEN
[16:02:24] [Server thread/DEBUG] [ne.mi.re.ForgeRegistry/REGISTRIES]: Registry minecraft:stat_type Sync: ACTIVE -> FROZEN
[16:02:24] [Server thread/DEBUG] [ne.mi.re.ForgeRegistry/REGISTRIES]: Registry minecraft:command_argument_type Sync: ACTIVE -> FROZEN
[16:02:24] [Server thread/DEBUG] [ne.mi.re.ForgeRegistry/REGISTRIES]: Registry minecraft:data_component_type Sync: ACTIVE -> FROZEN
[16:02:24] [Server thread/DEBUG] [ne.mi.re.ForgeRegistry/REGISTRIES]: Registry minecraft:villager_profession Sync: ACTIVE -> FROZEN
[16:02:24] [Server thread/DEBUG] [ne.mi.re.ForgeRegistry/REGISTRIES]: Registry minecraft:point_of_interest_type Sync: ACTIVE -> FROZEN
[16:02:24] [Server thread/DEBUG] [ne.mi.re.ForgeRegistry/REGISTRIES]: Registry minecraft:memory_module_type Sync: ACTIVE -> FROZEN
[16:02:24] [Server thread/DEBUG] [ne.mi.re.ForgeRegistry/REGISTRIES]: Registry minecraft:sensor_type Sync: ACTIVE -> FROZEN
[16:02:24] [Server thread/DEBUG] [ne.mi.re.ForgeRegistry/REGISTRIES]: Registry minecraft:schedule Sync: ACTIVE -> FROZEN
[16:02:24] [Server thread/DEBUG] [ne.mi.re.ForgeRegistry/REGISTRIES]: Registry minecraft:activity Sync: ACTIVE -> FROZEN
[16:02:24] [Server thread/DEBUG] [ne.mi.re.ForgeRegistry/REGISTRIES]: Registry minecraft:worldgen/carver Sync: ACTIVE -> FROZEN
[16:02:24] [Server thread/DEBUG] [ne.mi.re.ForgeRegistry/REGISTRIES]: Registry minecraft:worldgen/feature Sync: ACTIVE -> FROZEN
[16:02:24] [Server thread/DEBUG] [ne.mi.re.ForgeRegistry/REGISTRIES]: Registry minecraft:chunk_status Sync: ACTIVE -> FROZEN
[16:02:24] [Server thread/DEBUG] [ne.mi.re.ForgeRegistry/REGISTRIES]: Registry minecraft:worldgen/block_state_provider_type Sync: ACTIVE -> FROZEN
[16:02:24] [Server thread/DEBUG] [ne.mi.re.ForgeRegistry/REGISTRIES]: Registry minecraft:worldgen/foliage_placer_type Sync: ACTIVE -> FROZEN
[16:02:24] [Server thread/DEBUG] [ne.mi.re.ForgeRegistry/REGISTRIES]: Registry minecraft:worldgen/tree_decorator_type Sync: ACTIVE -> FROZEN
[16:02:24] [Server thread/DEBUG] [ne.mi.re.ForgeRegistry/REGISTRIES]: Registry minecraft:worldgen/biome Sync: ACTIVE -> FROZEN
[16:02:24] [Server thread/DEBUG] [ne.mi.re.ForgeRegistry/REGISTRIES]: Registry forge:entity_data_serializers Sync: ACTIVE -> FROZEN
[16:02:24] [Server thread/DEBUG] [ne.mi.re.ForgeRegistry/REGISTRIES]: Registry forge:global_loot_modifier_serializers Sync: ACTIVE -> FROZEN
[16:02:24] [Server thread/DEBUG] [ne.mi.re.ForgeRegistry/REGISTRIES]: Registry forge:biome_modifier_serializers Sync: ACTIVE -> FROZEN
[16:02:24] [Server thread/DEBUG] [ne.mi.re.ForgeRegistry/REGISTRIES]: Registry forge:structure_modifier_serializers Sync: ACTIVE -> FROZEN
[16:02:24] [Server thread/DEBUG] [ne.mi.re.ForgeRegistry/REGISTRIES]: Registry forge:fluid_type Sync: ACTIVE -> FROZEN
[16:02:24] [Server thread/DEBUG] [ne.mi.re.ForgeRegistry/REGISTRIES]: Registry forge:holder_set_type Sync: ACTIVE -> FROZEN
[16:02:24] [Server thread/DEBUG] [ne.mi.re.ForgeRegistry/REGISTRIES]: Registry forge:display_contexts Sync: ACTIVE -> FROZEN
[16:02:24] [Server thread/DEBUG] [ne.mi.re.ForgeRegistry/REGISTRIES]: Registry forge:condition_codecs Sync: ACTIVE -> FROZEN
[16:02:24] [Server thread/DEBUG] [ne.mi.re.ForgeRegistry/REGISTRIES]: Registry forge:ingredient_serializers Sync: ACTIVE -> FROZEN
[16:02:24] [Server thread/DEBUG] [ne.mi.re.ObjectHolderRegistry/REGISTRIES]: Applying holder lookups
[16:02:24] [Server thread/DEBUG] [ne.mi.re.ObjectHolderRegistry/REGISTRIES]: Holder lookups applied
[16:02:24] [Server thread/DEBUG] [ne.mi.re.GameData/REGISTRIES]: FROZEN state restored.
[16:02:24] [Server thread/DEBUG] [ne.mi.fm.co.ConfigTracker/CONFIG]: Unloading configs type SERVER
[16:02:24] [Server thread/DEBUG] [ne.mi.fm.co.ConfigFileTypeHandler/CONFIG]: Stopping watcher for hander: ConfigFileTypeHandler[SERVER]
[16:02:24] [Render thread/DEBUG] [ne.mi.fm.co.ConfigTracker/CONFIG]: Unloading configs type CLIENT
[16:02:24] [Render thread/DEBUG] [ne.mi.fm.co.ConfigFileTypeHandler/CONFIG]: Stopping watcher for hander: ConfigFileTypeHandler[CLIENT]
[16:02:24] [Render thread/DEBUG] [ne.mi.fm.co.ConfigTracker/CONFIG]: Unloading configs type COMMON
[16:02:24] [Render thread/DEBUG] [ne.mi.fm.co.ConfigFileTypeHandler/CONFIG]: Stopping watcher for hander: ConfigFileTypeHandler[COMMON]

[Incubating] Problems report is available at: file:///home/seiya/mods/mobcatch/build/reports/problems/problems-report.html

Deprecated Gradle features were used in this build, making it incompatible with Gradle 9.0.

You can use '--warning-mode all' to show the individual deprecation warnings and determine if they come from your own scripts or plugins.

For more on this, please refer to https://docs.gradle.org/8.12.1/userguide/command_line_interface.html#sec:command_line_warnings in the Gradle documentation.

BUILD SUCCESSFUL in 1m 30s
10 actionable tasks: 3 executed, 7 up-to-date
